Price Range ($),Count,Is Current Bucket,Current Price
$0K-$5K,2750,False,83550.41
$5K-$10K,720,False,83550.41
$10K-$15K,245,False,83550.41
$15K-$20K,183,False,83550.41
$20K-$25K,163,False,83550.41
$25K-$30K,218,False,83550.41
$30K-$35K,112,False,83550.41
$35K-$40K,140,False,83550.41
$40K-$45K,147,False,83550.41
$45K-$50K,106,False,83550.41
$50K-$55K,60,False,83550.41
$55K-$60K,108,False,83550.41
$60K-$65K,199,False,83550.41
$65K-$70K,151,False,83550.41
$70K-$75K,53,False,83550.41
$75K-$80K,69,False,83550.41
$80K-$85K,56,True,83550.41
$85K-$90K,59,False,83550.41
$90K-$95K,67,False,83550.41
$95K-$100K,66,False,83550.41
$100K-$105K,54,False,83550.41
$105K-$110K,65,False,83550.41
$110K-$115K,43,False,83550.41
$115K-$120K,44,False,83550.41
$120K-$125K,11,False,83550.41
