series,year,value,unit,source,source_url,note,retrieved_date
bitcoin_owners_millions,2020,53,millions of people,Crypto.com,https://crypto.com/company-news/global-cryptocurrency-owners-grow-to-106-million,Inferred as approximately 50% of total crypto owners,2026-09-30
bitcoin_owners_millions,2021,148,millions of people,Crypto.com,https://crypto.com/research/2021-crypto-market-sizing-report-2022-forecast,Inferred as approximately 50% of total crypto owners,2026-09-30
bitcoin_owners_millions,2022,222,millions of people,Crypto.com,https://crypto.com/research/crypto-market-sizing-report-2022,Bitcoin-specific estimate,2026-09-30
bitcoin_owners_millions,2023,296,millions of people,Crypto.com,https://crypto.com/research/crypto-market-sizing-report-2023,Bitcoin-specific estimate,2026-09-30
bitcoin_owners_millions,2024,337,millions of people,Crypto.com,https://crypto.com/research/crypto-market-sizing-report-2024,Bitcoin-specific estimate,2026-09-30
bitcoin_owners_millions,2025,365,millions of people,Crypto.com,https://crypto.com/research/crypto-market-sizing-report-2025,Bitcoin-specific estimate,2026-09-30
us_median_household_income_usd,1984,22420,current USD,FRED / U.S. Census Bureau,https://fred.stlouisfed.org/series/MEHOINUSA646N,,2026-10-02
us_median_household_income_usd,1985,23620,current USD,FRED / U.S. Census Bureau,https://fred.stlouisfed.org/series/MEHOINUSA646N,,2026-10-02
us_median_household_income_usd,1986,24900,current USD,FRED / U.S. Census Bureau,https://fred.stlouisfed.org/series/MEHOINUSA646N,,2026-10-02
us_median_household_income_usd,1987,26060,current USD,FRED / U.S. Census Bureau,https://fred.stlouisfed.org/series/MEHOINUSA646N,,2026-10-02
us_median_household_income_usd,1988,27230,current USD,FRED / U.S. Census Bureau,https://fred.stlouisfed.org/series/MEHOINUSA646N,,2026-10-02
us_median_household_income_usd,1989,28910,current USD,FRED / U.S. Census Bureau,https://fred.stlouisfed.org/series/MEHOINUSA646N,,2026-10-02
us_median_household_income_usd,1990,29940,current USD,FRED / U.S. Census Bureau,https://fred.stlouisfed.org/series/MEHOINUSA646N,,2026-10-02
us_median_household_income_usd,1991,30130,current USD,FRED / U.S. Census Bureau,https://fred.stlouisfed.org/series/MEHOINUSA646N,,2026-10-02
us_median_household_income_usd,1992,30640,current USD,FRED / U.S. Census Bureau,https://fred.stlouisfed.org/series/MEHOINUSA646N,,2026-10-02
us_median_household_income_usd,1993,31240,current USD,FRED / U.S. Census Bureau,https://fred.stlouisfed.org/series/MEHOINUSA646N,,2026-10-02
us_median_household_income_usd,1994,32260,current USD,FRED / U.S. Census Bureau,https://fred.stlouisfed.org/series/MEHOINUSA646N,,2026-10-02
us_median_household_income_usd,1995,34080,current USD,FRED / U.S. Census Bureau,https://fred.stlouisfed.org/series/MEHOINUSA646N,,2026-10-02
us_median_household_income_usd,1996,35490,current USD,FRED / U.S. Census Bureau,https://fred.stlouisfed.org/series/MEHOINUSA646N,,2026-10-02
us_median_household_income_usd,1997,37010,current USD,FRED / U.S. Census Bureau,https://fred.stlouisfed.org/series/MEHOINUSA646N,,2026-10-02
us_median_household_income_usd,1998,38890,current USD,FRED / U.S. Census Bureau,https://fred.stlouisfed.org/series/MEHOINUSA646N,,2026-10-02
us_median_household_income_usd,1999,40700,current USD,FRED / U.S. Census Bureau,https://fred.stlouisfed.org/series/MEHOINUSA646N,,2026-10-02
us_median_household_income_usd,2000,41990,current USD,FRED / U.S. Census Bureau,https://fred.stlouisfed.org/series/MEHOINUSA646N,,2026-10-02
us_median_household_income_usd,2001,42230,current USD,FRED / U.S. Census Bureau,https://fred.stlouisfed.org/series/MEHOINUSA646N,,2026-10-02
us_median_household_income_usd,2002,42410,current USD,FRED / U.S. Census Bureau,https://fred.stlouisfed.org/series/MEHOINUSA646N,,2026-10-02
us_median_household_income_usd,2003,43320,current USD,FRED / U.S. Census Bureau,https://fred.stlouisfed.org/series/MEHOINUSA646N,,2026-10-02
us_median_household_income_usd,2004,44330,current USD,FRED / U.S. Census Bureau,https://fred.stlouisfed.org/series/MEHOINUSA646N,,2026-10-02
us_median_household_income_usd,2005,46330,current USD,FRED / U.S. Census Bureau,https://fred.stlouisfed.org/series/MEHOINUSA646N,,2026-10-02
us_median_household_income_usd,2006,48200,current USD,FRED / U.S. Census Bureau,https://fred.stlouisfed.org/series/MEHOINUSA646N,,2026-10-02
us_median_household_income_usd,2007,50230,current USD,FRED / U.S. Census Bureau,https://fred.stlouisfed.org/series/MEHOINUSA646N,,2026-10-02
us_median_household_income_usd,2008,50300,current USD,FRED / U.S. Census Bureau,https://fred.stlouisfed.org/series/MEHOINUSA646N,,2026-10-02
us_median_household_income_usd,2009,49780,current USD,FRED / U.S. Census Bureau,https://fred.stlouisfed.org/series/MEHOINUSA646N,,2026-10-02
us_median_household_income_usd,2010,49280,current USD,FRED / U.S. Census Bureau,https://fred.stlouisfed.org/series/MEHOINUSA646N,,2026-10-02
us_median_household_income_usd,2011,50050,current USD,FRED / U.S. Census Bureau,https://fred.stlouisfed.org/series/MEHOINUSA646N,,2026-10-02
us_median_household_income_usd,2012,51020,current USD,FRED / U.S. Census Bureau,https://fred.stlouisfed.org/series/MEHOINUSA646N,,2026-10-02
us_median_household_income_usd,2013,53590,current USD,FRED / U.S. Census Bureau,https://fred.stlouisfed.org/series/MEHOINUSA646N,,2026-10-02
us_median_household_income_usd,2014,53660,current USD,FRED / U.S. Census Bureau,https://fred.stlouisfed.org/series/MEHOINUSA646N,,2026-10-02
us_median_household_income_usd,2015,56520,current USD,FRED / U.S. Census Bureau,https://fred.stlouisfed.org/series/MEHOINUSA646N,,2026-10-02
us_median_household_income_usd,2016,59040,current USD,FRED / U.S. Census Bureau,https://fred.stlouisfed.org/series/MEHOINUSA646N,,2026-10-02
us_median_household_income_usd,2017,61140,current USD,FRED / U.S. Census Bureau,https://fred.stlouisfed.org/series/MEHOINUSA646N,,2026-10-02
us_median_household_income_usd,2018,63180,current USD,FRED / U.S. Census Bureau,https://fred.stlouisfed.org/series/MEHOINUSA646N,,2026-10-02
us_median_household_income_usd,2019,68700,current USD,FRED / U.S. Census Bureau,https://fred.stlouisfed.org/series/MEHOINUSA646N,,2026-10-02
us_median_household_income_usd,2020,68010,current USD,FRED / U.S. Census Bureau,https://fred.stlouisfed.org/series/MEHOINUSA646N,,2026-10-02
us_median_household_income_usd,2021,70780,current USD,FRED / U.S. Census Bureau,https://fred.stlouisfed.org/series/MEHOINUSA646N,,2026-10-02
us_median_household_income_usd,2022,74580,current USD,FRED / U.S. Census Bureau,https://fred.stlouisfed.org/series/MEHOINUSA646N,,2026-10-02
us_median_household_income_usd,2023,80610,current USD,FRED / U.S. Census Bureau,https://fred.stlouisfed.org/series/MEHOINUSA646N,,2026-10-02
us_median_household_income_usd,2024,83160,current USD,FRED / U.S. Census Bureau,https://fred.stlouisfed.org/series/MEHOINUSA646N,,2026-10-02
us_median_household_income_usd,2025,87460,current USD,FRED / U.S. Census Bureau,https://fred.stlouisfed.org/series/MEHOINUSA646N,,2026-10-02
world_internet_users,1990,2601283.5,people,Our World in Data (ITU),https://ourworldindata.org/grapher/number-of-internet-users,,
world_internet_users,1991,4270533.5,people,Our World in Data (ITU),https://ourworldindata.org/grapher/number-of-internet-users,,
world_internet_users,1992,6892746.5,people,Our World in Data (ITU),https://ourworldindata.org/grapher/number-of-internet-users,,
world_internet_users,1993,10009239,people,Our World in Data (ITU),https://ourworldindata.org/grapher/number-of-internet-users,,
world_internet_users,1994,20460824,people,Our World in Data (ITU),https://ourworldindata.org/grapher/number-of-internet-users,,
world_internet_users,1995,39337868,people,Our World in Data (ITU),https://ourworldindata.org/grapher/number-of-internet-users,,
world_internet_users,1996,77498790,people,Our World in Data (ITU),https://ourworldindata.org/grapher/number-of-internet-users,,
world_internet_users,1997,121025464,people,Our World in Data (ITU),https://ourworldindata.org/grapher/number-of-internet-users,,
world_internet_users,1998,188656720,people,Our World in Data (ITU),https://ourworldindata.org/grapher/number-of-internet-users,,
world_internet_users,1999,282097730,people,Our World in Data (ITU),https://ourworldindata.org/grapher/number-of-internet-users,,
world_internet_users,2000,416202340,people,Our World in Data (ITU),https://ourworldindata.org/grapher/number-of-internet-users,,
world_internet_users,2001,503744830,people,Our World in Data (ITU),https://ourworldindata.org/grapher/number-of-internet-users,,
world_internet_users,2002,666635970,people,Our World in Data (ITU),https://ourworldindata.org/grapher/number-of-internet-users,,
world_internet_users,2003,783017900,people,Our World in Data (ITU),https://ourworldindata.org/grapher/number-of-internet-users,,
world_internet_users,2004,915793860,people,Our World in Data (ITU),https://ourworldindata.org/grapher/number-of-internet-users,,
world_internet_users_pct,2005,15.6,% of population,World Bank (ITU),https://data.worldbank.org/indicator/IT.NET.USER.ZS,,2026-10-02
world_internet_users_pct,2006,17.2,% of population,World Bank (ITU),https://data.worldbank.org/indicator/IT.NET.USER.ZS,,2026-10-02
world_internet_users_pct,2007,20.2,% of population,World Bank (ITU),https://data.worldbank.org/indicator/IT.NET.USER.ZS,,2026-10-02
world_internet_users_pct,2008,22.8,% of population,World Bank (ITU),https://data.worldbank.org/indicator/IT.NET.USER.ZS,,2026-10-02
world_internet_users_pct,2009,25.3,% of population,World Bank (ITU),https://data.worldbank.org/indicator/IT.NET.USER.ZS,,2026-10-02
world_internet_users_pct,2010,28.4,% of population,World Bank (ITU),https://data.worldbank.org/indicator/IT.NET.USER.ZS,,2026-10-02
world_internet_users_pct,2011,30.9,% of population,World Bank (ITU),https://data.worldbank.org/indicator/IT.NET.USER.ZS,,2026-10-02
world_internet_users_pct,2012,33.3,% of population,World Bank (ITU),https://data.worldbank.org/indicator/IT.NET.USER.ZS,,2026-10-02
world_internet_users_pct,2013,35.3,% of population,World Bank (ITU),https://data.worldbank.org/indicator/IT.NET.USER.ZS,,2026-10-02
world_internet_users_pct,2014,37.4,% of population,World Bank (ITU),https://data.worldbank.org/indicator/IT.NET.USER.ZS,,2026-10-02
world_internet_users_pct,2015,39.9,% of population,World Bank (ITU),https://data.worldbank.org/indicator/IT.NET.USER.ZS,,2026-10-02
world_internet_users_pct,2016,43.6,% of population,World Bank (ITU),https://data.worldbank.org/indicator/IT.NET.USER.ZS,,2026-10-02
world_internet_users_pct,2017,46.3,% of population,World Bank (ITU),https://data.worldbank.org/indicator/IT.NET.USER.ZS,,2026-10-02
world_internet_users_pct,2018,49.4,% of population,World Bank (ITU),https://data.worldbank.org/indicator/IT.NET.USER.ZS,,2026-10-02
world_internet_users_pct,2019,53.9,% of population,World Bank (ITU),https://data.worldbank.org/indicator/IT.NET.USER.ZS,,2026-10-02
world_internet_users_pct,2020,60.1,% of population,World Bank (ITU),https://data.worldbank.org/indicator/IT.NET.USER.ZS,,2026-10-02
world_internet_users_pct,2021,63.8,% of population,World Bank (ITU),https://data.worldbank.org/indicator/IT.NET.USER.ZS,,2026-10-02
world_internet_users_pct,2022,67,% of population,World Bank (ITU),https://data.worldbank.org/indicator/IT.NET.USER.ZS,,2026-10-02
world_internet_users_pct,2023,69.2,% of population,World Bank (ITU),https://data.worldbank.org/indicator/IT.NET.USER.ZS,,2026-10-02
world_internet_users_pct,2024,71.2,% of population,World Bank (ITU),https://data.worldbank.org/indicator/IT.NET.USER.ZS,,2026-10-02
world_internet_users_pct,2025,73.6,% of population,World Bank (ITU),https://data.worldbank.org/indicator/IT.NET.USER.ZS,,2026-10-02
world_population,1960,3021512598,people,World Bank,https://data.worldbank.org/indicator/SP.POP.TOTL,,2026-10-02
world_population,1961,3062768116,people,World Bank,https://data.worldbank.org/indicator/SP.POP.TOTL,,2026-10-02
world_population,1962,3117372187,people,World Bank,https://data.worldbank.org/indicator/SP.POP.TOTL,,2026-10-02
world_population,1963,3184063049,people,World Bank,https://data.worldbank.org/indicator/SP.POP.TOTL,,2026-10-02
world_population,1964,3251249170,people,World Bank,https://data.worldbank.org/indicator/SP.POP.TOTL,,2026-10-02
world_population,1965,3318979339,people,World Bank,https://data.worldbank.org/indicator/SP.POP.TOTL,,2026-10-02
world_population,1966,3389042165,people,World Bank,https://data.worldbank.org/indicator/SP.POP.TOTL,,2026-10-02
world_population,1967,3458932230,people,World Bank,https://data.worldbank.org/indicator/SP.POP.TOTL,,2026-10-02
world_population,1968,3530576858,people,World Bank,https://data.worldbank.org/indicator/SP.POP.TOTL,,2026-10-02
world_population,1969,3604694154,people,World Bank,https://data.worldbank.org/indicator/SP.POP.TOTL,,2026-10-02
world_population,1970,3680493750,people,World Bank,https://data.worldbank.org/indicator/SP.POP.TOTL,,2026-10-02
world_population,1971,3758515396,people,World Bank,https://data.worldbank.org/indicator/SP.POP.TOTL,,2026-10-02
world_population,1972,3834345191,people,World Bank,https://data.worldbank.org/indicator/SP.POP.TOTL,,2026-10-02
world_population,1973,3910964219,people,World Bank,https://data.worldbank.org/indicator/SP.POP.TOTL,,2026-10-02
world_population,1974,3987186772,people,World Bank,https://data.worldbank.org/indicator/SP.POP.TOTL,,2026-10-02
world_population,1975,4061959945,people,World Bank,https://data.worldbank.org/indicator/SP.POP.TOTL,,2026-10-02
world_population,1976,4135644231,people,World Bank,https://data.worldbank.org/indicator/SP.POP.TOTL,,2026-10-02
world_population,1977,4208840894,people,World Bank,https://data.worldbank.org/indicator/SP.POP.TOTL,,2026-10-02
world_population,1978,4283309396,people,World Bank,https://data.worldbank.org/indicator/SP.POP.TOTL,,2026-10-02
world_population,1979,4359930896,people,World Bank,https://data.worldbank.org/indicator/SP.POP.TOTL,,2026-10-02
world_population,1980,4437473406,people,World Bank,https://data.worldbank.org/indicator/SP.POP.TOTL,,2026-10-02
world_population,1981,4516792587,people,World Bank,https://data.worldbank.org/indicator/SP.POP.TOTL,,2026-10-02
world_population,1982,4599385851,people,World Bank,https://data.worldbank.org/indicator/SP.POP.TOTL,,2026-10-02
world_population,1983,4682734714,people,World Bank,https://data.worldbank.org/indicator/SP.POP.TOTL,,2026-10-02
world_population,1984,4765813206,people,World Bank,https://data.worldbank.org/indicator/SP.POP.TOTL,,2026-10-02
world_population,1985,4850494238,people,World Bank,https://data.worldbank.org/indicator/SP.POP.TOTL,,2026-10-02
world_population,1986,4937459951,people,World Bank,https://data.worldbank.org/indicator/SP.POP.TOTL,,2026-10-02
world_population,1987,5026770385,people,World Bank,https://data.worldbank.org/indicator/SP.POP.TOTL,,2026-10-02
world_population,1988,5116898810,people,World Bank,https://data.worldbank.org/indicator/SP.POP.TOTL,,2026-10-02
world_population,1989,5207378374,people,World Bank,https://data.worldbank.org/indicator/SP.POP.TOTL,,2026-10-02
world_population,1990,5298962018,people,World Bank,https://data.worldbank.org/indicator/SP.POP.TOTL,,2026-10-02
world_population,1991,5388203305,people,World Bank,https://data.worldbank.org/indicator/SP.POP.TOTL,,2026-10-02
world_population,1992,5476822930,people,World Bank,https://data.worldbank.org/indicator/SP.POP.TOTL,,2026-10-02
world_population,1993,5564459142,people,World Bank,https://data.worldbank.org/indicator/SP.POP.TOTL,,2026-10-02
world_population,1994,5650534421,people,World Bank,https://data.worldbank.org/indicator/SP.POP.TOTL,,2026-10-02
world_population,1995,5736205135,people,World Bank,https://data.worldbank.org/indicator/SP.POP.TOTL,,2026-10-02
world_population,1996,5822327903,people,World Bank,https://data.worldbank.org/indicator/SP.POP.TOTL,,2026-10-02
world_population,1997,5908180322,people,World Bank,https://data.worldbank.org/indicator/SP.POP.TOTL,,2026-10-02
world_population,1998,5993730786,people,World Bank,https://data.worldbank.org/indicator/SP.POP.TOTL,,2026-10-02
world_population,1999,6078069822,people,World Bank,https://data.worldbank.org/indicator/SP.POP.TOTL,,2026-10-02
world_population,2000,6161528496,people,World Bank,https://data.worldbank.org/indicator/SP.POP.TOTL,,2026-10-02
world_population,2001,6244739668,people,World Bank,https://data.worldbank.org/indicator/SP.POP.TOTL,,2026-10-02
world_population,2002,6327171255,people,World Bank,https://data.worldbank.org/indicator/SP.POP.TOTL,,2026-10-02
world_population,2003,6409352386,people,World Bank,https://data.worldbank.org/indicator/SP.POP.TOTL,,2026-10-02
world_population,2004,6492354627,people,World Bank,https://data.worldbank.org/indicator/SP.POP.TOTL,,2026-10-02
world_population,2005,6575410029,people,World Bank,https://data.worldbank.org/indicator/SP.POP.TOTL,,2026-10-02
world_population,2006,6659536021,people,World Bank,https://data.worldbank.org/indicator/SP.POP.TOTL,,2026-10-02
world_population,2007,6744049498,people,World Bank,https://data.worldbank.org/indicator/SP.POP.TOTL,,2026-10-02
world_population,2008,6830080867,people,World Bank,https://data.worldbank.org/indicator/SP.POP.TOTL,,2026-10-02
world_population,2009,6916168196,people,World Bank,https://data.worldbank.org/indicator/SP.POP.TOTL,,2026-10-02
world_population,2010,7000860073,people,World Bank,https://data.worldbank.org/indicator/SP.POP.TOTL,,2026-10-02
world_population,2011,7086704141,people,World Bank,https://data.worldbank.org/indicator/SP.POP.TOTL,,2026-10-02
world_population,2012,7176482165,people,World Bank,https://data.worldbank.org/indicator/SP.POP.TOTL,,2026-10-02
world_population,2013,7265404737,people,World Bank,https://data.worldbank.org/indicator/SP.POP.TOTL,,2026-10-02
world_population,2014,7353532223,people,World Bank,https://data.worldbank.org/indicator/SP.POP.TOTL,,2026-10-02
world_population,2015,7441084771,people,World Bank,https://data.worldbank.org/indicator/SP.POP.TOTL,,2026-10-02
world_population,2016,7528221579,people,World Bank,https://data.worldbank.org/indicator/SP.POP.TOTL,,2026-10-02
world_population,2017,7613788655,people,World Bank,https://data.worldbank.org/indicator/SP.POP.TOTL,,2026-10-02
world_population,2018,7696159728,people,World Bank,https://data.worldbank.org/indicator/SP.POP.TOTL,,2026-10-02
world_population,2019,7777162476,people,World Bank,https://data.worldbank.org/indicator/SP.POP.TOTL,,2026-10-02
world_population,2020,7853863139,people,World Bank,https://data.worldbank.org/indicator/SP.POP.TOTL,,2026-10-02
world_population,2021,7919567995,people,World Bank,https://data.worldbank.org/indicator/SP.POP.TOTL,,2026-10-02
world_population,2022,7988550201,people,World Bank,https://data.worldbank.org/indicator/SP.POP.TOTL,,2026-10-02
world_population,2023,8062923417,people,World Bank,https://data.worldbank.org/indicator/SP.POP.TOTL,,2026-10-02
world_population,2024,8140897523,people,World Bank,https://data.worldbank.org/indicator/SP.POP.TOTL,,2026-10-02
world_population,2025,8215424893,people,World Bank,https://data.worldbank.org/indicator/SP.POP.TOTL,,2026-10-02
