date,bitcoin_dominance,source_updated_at
2026-08-24,59.13415340362314,2026-08-25T01:59:47+00:00
2026-08-25,59.24050895904482,2026-08-26T02:02:03+00:00
2026-08-26,59.21905962045273,2026-08-27T11:34:51+00:00
2026-08-27,59.19060039253456,2026-08-28T11:26:56+00:00
2026-08-28,58.97873838956234,2026-08-29T12:39:01+00:00
2026-08-29,59.476612730278966,2026-08-30T05:40:32+00:00
2026-08-30,59.63589702969704,2026-08-31T05:52:23+00:00
2026-08-31,59.20279177599519,2026-09-01T05:24:14+00:00
2026-09-01,59.11720664289998,2026-09-02T04:46:17+00:00
