Report Date,Window Days,Category,Asset,Ticker,BTC,SPY,QQQ,IWM,VXUS,XLK,XLF,XLE,XLRE,DX-Y.NYB,GLD,AGG,^SPGSCI,MSTR,XYZ,COIN,WGMI
2026-10-09,30,Bitcoin,Bitcoin - [BTC],BTC,1,0.5511286333,0.6525628152,0.4500997009,0.3910732771,0.5323922423,0.2156005984,-0.3946971235,0.1656537945,-0.02396355517,0.1982060546,0.176482048,-0.437449328,0.9241828809,0.4774862682,0.7949906958,0.6144348721
2026-10-09,30,Equity Market Indexes,S&P 500 Index ETF - [SPY],SPY,0.5511286333,1,0.9162770624,0.7251671013,0.8952850062,0.8603292188,0.5384621719,-0.1350809236,0.6375029859,-0.4662501505,0.5064089981,0.5642534501,-0.5332467682,0.4973446717,0.6244339027,0.3683135378,0.5916279252
2026-10-09,30,Equity Market Indexes,Nasdaq-100 ETF - [QQQ],QQQ,0.6525628152,0.9162770624,1,0.6610152549,0.8369952103,0.9476505225,0.2184551858,-0.3544083397,0.4388543106,-0.2711512332,0.4330680628,0.4836090751,-0.5872378528,0.5356546568,0.5446104325,0.3721752474,0.7283302008
2026-10-09,30,Equity Market Indexes,Russell 2000 Small-Cap ETF - [IWM],IWM,0.4500997009,0.7251671013,0.6610152549,1,0.8277820686,0.5727773917,0.3345305664,-0.0144628906,0.595661559,-0.3272377071,0.5029539915,0.560049735,-0.4176623711,0.4022535474,0.6093789119,0.295427,0.4326516839
2026-10-09,30,Equity Market Indexes,International Stock ETF - [VXUS],VXUS,0.3910732771,0.8952850062,0.8369952103,0.8277820686,1,0.7941021152,0.3631938831,-0.1970575927,0.7071893787,-0.5161630589,0.5027938127,0.5534623209,-0.6194182882,0.3126009616,0.4985742881,0.1666744301,0.5758632918
2026-10-09,30,Sectors,Technology Sector ETF - [XLK],XLK,0.5323922423,0.8603292188,0.9476505225,0.5727773917,0.7941021152,1,0.1727009748,-0.2351803165,0.3709251223,-0.2409919581,0.4362759948,0.4614703796,-0.5278003847,0.4694399484,0.3684016279,0.2528380721,0.7245841737
2026-10-09,30,Sectors,Financials Sector ETF - [XLF],XLF,0.2156005984,0.5384621719,0.2184551858,0.3345305664,0.3631938831,0.1727009748,1,0.4089794021,0.5590774185,-0.4368813708,0.427185948,0.2633081344,-0.02812889349,0.2855054643,0.5522956785,0.2336484188,-0.01933494144
2026-10-09,30,Sectors,Energy Sector ETF - [XLE],XLE,-0.3946971235,-0.1350809236,-0.3544083397,-0.0144628906,-0.1970575927,-0.2351803165,0.4089794021,1,0.06147944045,-0.1790891149,0.1955517283,0.06579624743,0.5813442411,-0.1113708944,-0.08345207918,-0.1996920105,-0.3805511855
2026-10-09,30,Sectors,Real Estate Sector ETF - [XLRE],XLRE,0.1656537945,0.6375029859,0.4388543106,0.595661559,0.7071893787,0.3709251223,0.5590774185,0.06147944045,1,-0.5349442312,0.5463187999,0.5486358754,-0.2854536179,0.1763511404,0.4819719618,0.0766983487,0.2919004424
2026-10-09,30,Macro Asset Classes,US Dollar Index - [DXY],DX-Y.NYB,-0.02396355517,-0.4662501505,-0.2711512332,-0.3272377071,-0.5161630589,-0.2409919581,-0.4368813708,-0.1790891149,-0.5349442312,1,-0.4274871841,-0.3648496617,0.2090341526,-0.1327627312,-0.2047874029,-0.05965579838,-0.1782080054
2026-10-09,30,Macro Asset Classes,Gold ETF - [GLD],GLD,0.1982060546,0.5064089981,0.4330680628,0.5029539915,0.5027938127,0.4362759948,0.427185948,0.1955517283,0.5463187999,-0.4274871841,1,0.6128090011,-0.1004972127,0.2737237583,0.522059297,0.1954384115,0.4465462352
2026-10-09,30,Macro Asset Classes,Aggregate Bond ETF - [AGG],AGG,0.176482048,0.5642534501,0.4836090751,0.560049735,0.5534623209,0.4614703796,0.2633081344,0.06579624743,0.5486358754,-0.3648496617,0.6128090011,1,-0.2499878534,0.1636893058,0.3101265615,0.03610783057,0.198242449
2026-10-09,30,Macro Asset Classes,S&P GSCI Commodity Index - [SPGSCI],^SPGSCI,-0.437449328,-0.5332467682,-0.5872378528,-0.4176623711,-0.6194182882,-0.5278003847,-0.02812889349,0.5813442411,-0.2854536179,0.2090341526,-0.1004972127,-0.2499878534,1,-0.275881035,-0.1338833354,-0.2841465033,-0.545663572
2026-10-09,30,Bitcoin Industry Performance,MicroStrategy - [MSTR],MSTR,0.9241828809,0.4973446717,0.5356546568,0.4022535474,0.3126009616,0.4694399484,0.2855054643,-0.1113708944,0.1763511404,-0.1327627312,0.2737237583,0.1636893058,-0.275881035,1,0.3641143806,0.8541491284,0.6237836069
2026-10-09,30,Bitcoin Industry Performance,Block - [XYZ],XYZ,0.4774862682,0.6244339027,0.5446104325,0.6093789119,0.4985742881,0.3684016279,0.5522956785,-0.08345207918,0.4819719618,-0.2047874029,0.522059297,0.3101265615,-0.1338833354,0.3641143806,1,0.4025554406,0.2904986088
2026-10-09,30,Bitcoin Industry Performance,Coinbase - [COIN],COIN,0.7949906958,0.3683135378,0.3721752474,0.295427,0.1666744301,0.2528380721,0.2336484188,-0.1996920105,0.0766983487,-0.05965579838,0.1954384115,0.03610783057,-0.2841465033,0.8541491284,0.4025554406,1,0.4521988943
2026-10-09,30,Bitcoin Industry Performance,Bitcoin Miners ETF - [WGMI],WGMI,0.6144348721,0.5916279252,0.7283302008,0.4326516839,0.5758632918,0.7245841737,-0.01933494144,-0.3805511855,0.2919004424,-0.1782080054,0.4465462352,0.198242449,-0.545663572,0.6237836069,0.2904986088,0.4521988943,1
2026-10-09,90,Bitcoin,Bitcoin - [BTC],BTC,1,0.3437342838,0.3874403657,0.3204973592,0.4106637766,0.3211399711,0.1104716974,-0.2932874762,0.09268529323,-0.3340515973,0.4936374209,0.2232799781,-0.1220645032,0.8456359327,0.2926795929,0.7776852698,0.3522905871
2026-10-09,90,Equity Market Indexes,S&P 500 Index ETF - [SPY],SPY,0.3437342838,1,0.9025431762,0.7776986977,0.8070860835,0.7826364708,0.5307885604,-0.3118413099,0.2220862852,-0.3030000811,0.3708689963,0.5095623864,-0.556061702,0.4561663976,0.5152092604,0.3979640422,0.4633096959
2026-10-09,90,Equity Market Indexes,Nasdaq-100 ETF - [QQQ],QQQ,0.3874403657,0.9025431762,1,0.7283378646,0.8366762615,0.9422415836,0.211477626,-0.318225423,-0.006643657693,-0.2428434771,0.3563442268,0.3914470024,-0.4585860081,0.4844410631,0.3870031008,0.419859438,0.6125371905
2026-10-09,90,Equity Market Indexes,Russell 2000 Small-Cap ETF - [IWM],IWM,0.3204973592,0.7776986977,0.7283378646,1,0.7905439905,0.6525800992,0.4019812138,-0.2939890622,0.2484502843,-0.2909700093,0.4240704999,0.5665917734,-0.4705702678,0.4013056338,0.5868484523,0.4391333135,0.4672004389
2026-10-09,90,Equity Market Indexes,International Stock ETF - [VXUS],VXUS,0.4106637766,0.8070860835,0.8366762615,0.7905439905,1,0.7970182806,0.2842906779,-0.327869222,0.1783913541,-0.4658252203,0.552791048,0.4992493079,-0.4275337392,0.4706536115,0.3837144307,0.4272287914,0.6151128694
2026-10-09,90,Sectors,Technology Sector ETF - [XLK],XLK,0.3211399711,0.7826364708,0.9422415836,0.6525800992,0.7970182806,1,0.08946985634,-0.2454828791,-0.1008840296,-0.2087273315,0.3512724829,0.3169959304,-0.3357281979,0.4438755849,0.2548216524,0.3762861707,0.6704098745
2026-10-09,90,Sectors,Financials Sector ETF - [XLF],XLF,0.1104716974,0.5307885604,0.211477626,0.4019812138,0.2842906779,0.08946985634,1,-0.04591441714,0.4211591377,-0.1350580708,0.1940464605,0.3666776902,-0.3849395589,0.2002981857,0.5629154153,0.2075926676,-0.01105649324
2026-10-09,90,Sectors,Energy Sector ETF - [XLE],XLE,-0.2932874762,-0.3118413099,-0.318225423,-0.2939890622,-0.327869222,-0.2454828791,-0.04591441714,1,-0.1444452674,0.01348453637,-0.1272645065,-0.325498033,0.6639692026,-0.2967142397,-0.289165948,-0.310847038,-0.2277420595
2026-10-09,90,Sectors,Real Estate Sector ETF - [XLRE],XLRE,0.09268529323,0.2220862852,-0.006643657693,0.2484502843,0.1783913541,-0.1008840296,0.4211591377,-0.1444452674,1,-0.1916526567,0.1355800874,0.4269664402,-0.2830717151,0.110104188,0.3052630274,0.1246001777,-0.1233038356
2026-10-09,90,Macro Asset Classes,US Dollar Index - [DXY],DX-Y.NYB,-0.3340515973,-0.3030000811,-0.2428434771,-0.2909700093,-0.4658252203,-0.2087273315,-0.1350580708,0.01348453637,-0.1916526567,1,-0.5191911971,-0.3791600744,0.01402889287,-0.3409902631,-0.2069515193,-0.2652951632,-0.2577865804
2026-10-09,90,Macro Asset Classes,Gold ETF - [GLD],GLD,0.4936374209,0.3708689963,0.3563442268,0.4240704999,0.552791048,0.3512724829,0.1940464605,-0.1272645065,0.1355800874,-0.5191911971,1,0.4355077028,-0.04043770416,0.5179591445,0.281065232,0.4400880721,0.319760479
2026-10-09,90,Macro Asset Classes,Aggregate Bond ETF - [AGG],AGG,0.2232799781,0.5095623864,0.3914470024,0.5665917734,0.4992493079,0.3169959304,0.3666776902,-0.325498033,0.4269664402,-0.3791600744,0.4355077028,1,-0.5006224362,0.3097041815,0.443593746,0.2518420973,0.1419783837
2026-10-09,90,Macro Asset Classes,S&P GSCI Commodity Index - [SPGSCI],^SPGSCI,-0.1220645032,-0.556061702,-0.4585860081,-0.4705702678,-0.4275337392,-0.3357281979,-0.3849395589,0.6639692026,-0.2830717151,0.01402889287,-0.04043770416,-0.5006224362,1,-0.2173622557,-0.3995962696,-0.2005814621,-0.1608245077
2026-10-09,90,Bitcoin Industry Performance,MicroStrategy - [MSTR],MSTR,0.8456359327,0.4561663976,0.4844410631,0.4013056338,0.4706536115,0.4438755849,0.2002981857,-0.2967142397,0.110104188,-0.3409902631,0.5179591445,0.3097041815,-0.2173622557,1,0.3672543859,0.8501319552,0.4443080652
2026-10-09,90,Bitcoin Industry Performance,Block - [XYZ],XYZ,0.2926795929,0.5152092604,0.3870031008,0.5868484523,0.3837144307,0.2548216524,0.5629154153,-0.289165948,0.3052630274,-0.2069515193,0.281065232,0.443593746,-0.3995962696,0.3672543859,1,0.465206518,0.06768543003
2026-10-09,90,Bitcoin Industry Performance,Coinbase - [COIN],COIN,0.7776852698,0.3979640422,0.419859438,0.4391333135,0.4272287914,0.3762861707,0.2075926676,-0.310847038,0.1246001777,-0.2652951632,0.4400880721,0.2518420973,-0.2005814621,0.8501319552,0.465206518,1,0.383416402
2026-10-09,90,Bitcoin Industry Performance,Bitcoin Miners ETF - [WGMI],WGMI,0.3522905871,0.4633096959,0.6125371905,0.4672004389,0.6151128694,0.6704098745,-0.01105649324,-0.2277420595,-0.1233038356,-0.2577865804,0.319760479,0.1419783837,-0.1608245077,0.4443080652,0.06768543003,0.383416402,1
2026-10-09,365,Bitcoin,Bitcoin - [BTC],BTC,1,0.4699765877,0.4464573593,0.4313962525,0.3637510429,0.4246367925,0.3106168716,0.001623417149,0.1417953917,-0.1469929437,0.2718970847,0.1097070038,-0.01325378878,0.8199585821,0.3186528016,0.7674350875,0.47382589
2026-10-09,365,Equity Market Indexes,S&P 500 Index ETF - [SPY],SPY,0.4699765877,1,0.9285919654,0.8195758224,0.8283247678,0.8512997346,0.5450294697,-0.1766588193,0.267572332,-0.2793241469,0.3330636095,0.4079323252,-0.2856500796,0.4947543115,0.5221368556,0.5192261113,0.5697187926
2026-10-09,365,Equity Market Indexes,Nasdaq-100 ETF - [QQQ],QQQ,0.4464573593,0.9285919654,1,0.7369914682,0.8037112769,0.9574700085,0.2969364759,-0.2229564828,0.05061656187,-0.2359454161,0.3235006643,0.3426156717,-0.2150477948,0.4684909862,0.4518558892,0.4903026845,0.6200805762
2026-10-09,365,Equity Market Indexes,Russell 2000 Small-Cap ETF - [IWM],IWM,0.4313962525,0.8195758224,0.7369914682,1,0.7786953104,0.69045646,0.5561588969,-0.09715735031,0.3900615247,-0.2634589366,0.3743804585,0.4398359121,-0.2859718823,0.4463891481,0.4692550027,0.5061415996,0.6409073876
2026-10-09,365,Equity Market Indexes,International Stock ETF - [VXUS],VXUS,0.3637510429,0.8283247678,0.8037112769,0.7786953104,1,0.75542173,0.36939393,-0.1834032855,0.2944422927,-0.5098087385,0.5143016292,0.5133806341,-0.3440030923,0.3904032153,0.3883818107,0.4173123386,0.5807217988
2026-10-09,365,Sectors,Technology Sector ETF - [XLK],XLK,0.4246367925,0.8512997346,0.9574700085,0.69045646,0.75542173,1,0.2159555342,-0.185320396,-0.04239073648,-0.201130118,0.2993343262,0.2745331683,-0.1532177823,0.448721117,0.3812439812,0.4705198617,0.6418610157
2026-10-09,365,Sectors,Financials Sector ETF - [XLF],XLF,0.3106168716,0.5450294697,0.2969364759,0.5561588969,0.36939393,0.2159555342,1,-0.05300762508,0.440471639,-0.1342380785,0.1153603333,0.2207695322,-0.2524493432,0.2817533986,0.4523854655,0.3709829461,0.1781820269
2026-10-09,365,Sectors,Energy Sector ETF - [XLE],XLE,0.001623417149,-0.1766588193,-0.2229564828,-0.09715735031,-0.1834032855,-0.185320396,-0.05300762508,1,2.617098665e-05,0.08248049969,-0.02674105264,-0.3338727117,0.6255217474,-0.03456861856,-0.1556489799,-0.05566246388,-0.08105101917
2026-10-09,365,Sectors,Real Estate Sector ETF - [XLRE],XLRE,0.1417953917,0.267572332,0.05061656187,0.3900615247,0.2944422927,-0.04239073648,0.440471639,2.617098665e-05,1,-0.2408570553,0.1501820013,0.4107046044,-0.2294861867,0.1747562757,0.1956815425,0.1954267315,0.0915563793
2026-10-09,365,Macro Asset Classes,US Dollar Index - [DXY],DX-Y.NYB,-0.1469929437,-0.2793241469,-0.2359454161,-0.2634589366,-0.5098087385,-0.201130118,-0.1342380785,0.08248049969,-0.2408570553,1,-0.4441632764,-0.3879800356,0.1852430552,-0.2086583026,-0.1620297687,-0.1942126753,-0.2131495251
2026-10-09,365,Macro Asset Classes,Gold ETF - [GLD],GLD,0.2718970847,0.3330636095,0.3235006643,0.3743804585,0.5143016292,0.2993343262,0.1153603333,-0.02674105264,0.1501820013,-0.4441632764,1,0.2762983403,0.0452839242,0.2608594464,0.196008098,0.2856112171,0.3362549246
2026-10-09,365,Macro Asset Classes,Aggregate Bond ETF - [AGG],AGG,0.1097070038,0.4079323252,0.3426156717,0.4398359121,0.5133806341,0.2745331683,0.2207695322,-0.3338727117,0.4107046044,-0.3879800356,0.2762983403,1,-0.3942637599,0.1766172942,0.2877126297,0.1700491379,0.187499535
2026-10-09,365,Macro Asset Classes,S&P GSCI Commodity Index - [SPGSCI],^SPGSCI,-0.01325378878,-0.2856500796,-0.2150477948,-0.2859718823,-0.3440030923,-0.1532177823,-0.2524493432,0.6255217474,-0.2294861867,0.1852430552,0.0452839242,-0.3942637599,1,-0.0894367302,-0.1806779526,-0.05911259316,-0.1216276714
2026-10-09,365,Bitcoin Industry Performance,MicroStrategy - [MSTR],MSTR,0.8199585821,0.4947543115,0.4684909862,0.4463891481,0.3904032153,0.448721117,0.2817533986,-0.03456861856,0.1747562757,-0.2086583026,0.2608594464,0.1766172942,-0.0894367302,1,0.3540325833,0.8031630465,0.496653424
2026-10-09,365,Bitcoin Industry Performance,Block - [XYZ],XYZ,0.3186528016,0.5221368556,0.4518558892,0.4692550027,0.3883818107,0.3812439812,0.4523854655,-0.1556489799,0.1956815425,-0.1620297687,0.196008098,0.2877126297,-0.1806779526,0.3540325833,1,0.464031487,0.2654769367
2026-10-09,365,Bitcoin Industry Performance,Coinbase - [COIN],COIN,0.7674350875,0.5192261113,0.4903026845,0.5061415996,0.4173123386,0.4705198617,0.3709829461,-0.05566246388,0.1954267315,-0.1942126753,0.2856112171,0.1700491379,-0.05911259316,0.8031630465,0.464031487,1,0.4825852845
2026-10-09,365,Bitcoin Industry Performance,Bitcoin Miners ETF - [WGMI],WGMI,0.47382589,0.5697187926,0.6200805762,0.6409073876,0.5807217988,0.6418610157,0.1781820269,-0.08105101917,0.0915563793,-0.2131495251,0.3362549246,0.187499535,-0.1216276714,0.496653424,0.2654769367,0.4825852845,1
