date,total_btc,total_flow_btc,total_flow_usd,total_net_assets_usd,funds,cumulative_flow_btc,cumulative_flow_usd,flow_weighted_entry_price
2024-01-11,635841.2655,13012.84928,608205509,29376827568,10,13012.84928,608205509,46738.84218
2024-01-12,640592.6091,4726.709063,208412243.3,27951913617,10,17739.55835,816617752.2,46033.71382
2024-01-16,639451.5548,-1238.376034,-52450275.68,27582296251,10,16501.18231,764167476.5,46309.86205
2024-01-17,650083.0403,10607.69618,453210780.2,27698846918,10,27108.87849,1217378257,44906.99448
2024-01-18,646893.9936,-3212.340107,-128705374.5,26366156234,10,23896.53839,1088672882,45557.76509
2024-01-19,647867.3557,951.0266754,46043971.44,26901011213,10,24847.56506,1134716854,45667.12476
2024-01-22,645823.3011,-2110.235827,-83777237.16,25876302324,10,22737.32923,1050939617,46220.89102
2024-01-23,643027.7883,-2817.007118,-108697958.1,25156094136,10,19920.32212,942241658.5,47300.5232
2024-01-24,638955.3452,-4093.37362,-159809147.2,25270662314,10,15826.9485,782432511.3,49436.72569
2024-01-25,636930.1873,-2045.738178,-80160893.23,25301238666,10,13781.21032,702271618.1,50958.63149
2024-01-26,637298.7027,348.4404441,15330711.82,26715330434,10,14129.65076,717602329.9,50786.98277
2024-01-29,643266.7947,5908.573194,254668361.4,27710071362,10,20038.22396,972270691.2,48520.80171
2024-01-30,648995.994,5709.510353,249751726.2,28231296240,10,25747.73431,1222022417,47461.35729
2024-01-31,653620.81,4605.448174,199259200.1,27800755536,10,30353.18248,1421281618,46824.79731
2024-02-01,654516.6834,876.5365303,38468682.15,28095673373,10,31229.71901,1459750300,46742.34498
2024-02-02,656376.3535,1840.340262,79675554.22,28143667282,10,33070.05928,1539425854,46550.44132
2024-02-05,658024.0065,1590.750983,67932562.75,27845723882,10,34660.81026,1607358417,46373.94235
2024-02-06,658818.2279,775.6051468,33791525.06,28338420654,10,35436.41541,1641149942,46312.5269
2024-02-07,662135.492,3298.259381,145293792.8,29137859843,10,38734.67479,1786443735,46120.01377
2024-02-08,671071.3846,8917.325437,405587677.5,30469564354,10,47652.00022,2192031412,46000.82686
2024-02-09,682498.9582,11408.88877,543535271.2,32402459354,10,59060.88899,2735566683,46317.73632
2024-02-12,692429.6761,9875.088177,493403055.8,34628045106,10,68935.97717,3228969739,46840.12429
2024-02-13,705222.3597,12774.28485,629612911.3,34748322479,10,81710.26202,3858582650,47222.74234
2024-02-14,711787.5682,6546.937207,339759205.7,36750315977,10,88257.19923,4198341856,47569.39822
2024-02-15,720987.8566,9182.353715,477104297.4,37245450021,10,97439.55294,4675446153,47983.04192
2024-02-16,727375.4599,6370.234558,330683043.1,37623028994,10,103809.7875,5006129196,48224.05784
2024-02-20,730029.6529,2583.10218,135288489.3,37905743303,10,106392.8897,5141417686,48324.82416
2024-02-21,729313.3681,-733.8590291,-36467728.09,37104264874,10,105659.0307,5104949958,48315.32077
2024-02-22,734216.299,4885.6294,252923312.8,38004716692,10,110544.6601,5357873270,48467.95194
2024-02-23,738791.1531,4557.794815,232813119.6,37648313741,10,115102.4549,5590686390,48571.39143
2024-02-26,748377.3085,9533.778423,520071174.9,40685694963,10,124636.2333,6110757565,49028.74071
2024-02-27,758492.715,10097.86515,576931540.9,43142710094,10,134734.0984,6687689106,49636.20333
2024-02-28,769589.3112,11079.34467,669827205.9,46313632549,10,145813.4431,7357516312,50458.42245
2024-02-29,770980.6453,1374.105839,87838068.22,47734506255,10,147187.549,7445354380,50584.13183
2024-03-01,768765.0911,-2232.080654,-141129354,48186634976,10,144955.4683,7304225026,50389.44106
2024-03-04,777050.0967,8235.629954,556948520.2,52412765972,10,153191.0983,7861173546,51316.125
2024-03-05,787335.9555,10270.67427,645777658.9,48819410600,10,163461.7725,8506951205,52042.4505
2024-03-06,792338.8666,4986.536063,336500315.2,53070715941,10,168448.3086,8843451520,52499.49729
2024-03-07,799388.4971,7034.469538,479581020.8,54054751817,10,175482.7781,9323032541,53127.906
2024-03-08,802635.3946,3232.145586,225429889.5,55469131296,10,178714.9237,9548462431,53428.45596
2024-03-11,809601.67,6921.455811,506867873.4,58331857428,10,185636.3795,10055330304,54166.80895
2024-03-12,824224.8494,14608.8174,1045127359,58743954989,10,200245.1969,11100457663,55434.32669
2024-03-13,833588.5705,9349.04844,683783904.9,60926826591,10,209594.2454,11784241568,56224.07022
2024-03-14,835468.3293,1866.111472,132008484.1,57849361820,10,211460.3568,11916250052,56352.17036
2024-03-15,838305.2145,2822.694289,199404114.4,57975794409,10,214283.0511,12115654167,56540.42214
2024-03-18,835959.145,-2387.624647,-154538964.2,55921747102,10,211895.4265,11961115203,56448.19901
2024-03-19,830888.4549,-5083.567665,-324247398.9,53530489994,10,206811.8588,11636867804,56267.89426
2024-03-20,826875.6162,-4026.006422,-262404545.4,54104803075,10,202785.8524,11374463258,56091.00992
2024-03-21,825419.184,-1469.246427,-94057479.47,53744307562,10,201316.606,11280405779,56033.16093
2024-03-22,824615.5819,-815.4208278,-51431329.44,52513424434,10,200501.1851,11228974449,56004.52906
2024-03-25,824908.7852,252.0304778,18972184.61,58305044935,10,200753.2156,11247946634,56028.72462
2024-03-26,830857.6026,5937.628683,416807136,57700841899,10,206690.8443,11664753770,56435.75462
2024-03-27,834386.103,3516.813359,243365502.8,57119126871,10,210207.6576,11908119273,56649.31243
2024-03-28,836975.6048,2577.046295,182907456.1,59092145696,10,212784.7039,12091026729,56822.81905
2024-04-01,835720.1015,-1246.165477,-86153009.54,57914041190,10,211538.5385,12004873719,56750.29149
2024-04-02,836317.169,598.5231345,39997768.06,55104604381,10,212137.0616,12044871487,56778.72314
2024-04-03,838026.8072,1711.731819,113291904.8,55072972299,10,213848.7934,12158163392,56854.01913
2024-04-04,840949.8496,2924.552657,201742083.3,57429391303,10,216773.3461,12359905475,57017.644
2024-04-05,844084.5151,3135.731199,214736424.1,56953131117,10,219909.0773,12574641899,57181.09528
2024-04-08,840931.8744,-3150.368017,-223764153.6,60201569027,10,216758.7093,12350877746,56979.84542
2024-04-09,840637.7606,-292.2403646,-19467145.42,57798146111,10,216466.4689,12331410600,56966.83955
2024-04-10,842396.4083,1758.985452,122314948.8,58601325637,10,218225.4543,12453725549,57068.16185
2024-04-11,843691.5601,1295.450443,91409622.83,59207650089,10,219520.9048,12545135172,57147.79275
2024-04-12,842852.1991,-838.0171611,-55127133.84,56213617651,10,218682.8876,12490008038,57114.70236
2024-04-15,842266.4701,-584.6884427,-36655161.25,53157400687,10,218098.1992,12453352877,57099.75105
2024-04-16,841333.6715,-932.013502,-58001096.09,52747184547,10,217166.1857,12395351781,57077.72479
2024-04-17,838614.8986,-2717.970474,-165077616.5,51092975941,10,214448.2152,12230274164,57031.36374
2024-04-18,838541.1859,-74.16176387,-4482147.401,53071822062,10,214374.0534,12225792017,57030.18542
2024-04-19,839471.1638,928.9657618,59901355.94,53847848440,10,215303.0192,12285693373,57062.33669
2024-04-22,840405.3081,930.9593082,61836798,55734184038,10,216233.9785,12347530171,57102.63602
2024-04-23,840875.8492,469.6255185,31735380.12,55847527234,10,216703.604,12379265551,57125.33304
2024-04-24,838977.3807,-1897.956652,-120664793.9,53690076585,10,214805.6474,12258600757,57068.33552
2024-04-25,835599.9107,-3378.340015,-217726476,53919173650,10,211427.3074,12040874281,56950.42155
2024-04-26,834283.7437,-1316.479064,-83621573.6,53189532539,10,210110.8283,11957252708,56909.26453
2024-04-29,833463.7772,-823.4410751,-51602945.8,52240773728,10,209287.3872,11905649762,56886.60898
2024-04-30,830752.8747,-2709.684594,-160753251.7,49482804539,10,206577.7026,11744896510,56854.61868
2024-05-01,820982.7543,-9770.294263,-562121271.9,47179975743,10,196807.4084,11182775238,56820.90594
2024-05-02,820404.0458,-582.0440038,-34331493.88,48513797827,10,196225.3644,11148443744,56814.48869
2024-05-03,826472.1912,6064.993709,374672094.7,51060741982,10,202290.3581,11523115839,56963.24802
2024-05-06,829921.1692,3441.762968,217037962.2,52288851224,10,205732.121,11740153801,57065.24456
2024-05-07,829672.4576,-250.2263774,-15626328.93,52260307315,10,205481.8947,11724527472,57058.68875
2024-05-08,829863.5484,189.4420637,11796436.95,51557774609,10,205671.3367,11736323909,57063.48826
2024-05-09,829678.4883,-186.1937024,-11513667.46,51660052600,10,205485.143,11724810242,57059.16286
2024-05-10,828275.8654,-1404.007278,-84664799.6,50156527183,10,204081.1357,11640145442,57036.85154
2024-05-13,829332.9882,1050.529277,66180456.65,52203465355,10,205131.665,11706325899,57067.3762
2024-05-14,830965.8053,1631.026231,100449833.3,51047175951,10,206762.6913,11806775732,57103.02792
2024-05-15,835550.819,4581.186243,301979607.4,55053127672,10,211343.8775,12108755339,57294.09095
2024-05-16,839494.0157,3942.051221,257350009.4,54701628164,10,215285.9287,12366105349,57440.37905
2024-05-17,842804.8297,3307.938168,221173880.1,56332425940,10,218593.8669,12587279229,57582.94781
2024-05-20,846194.9412,3382.807814,234641164,58810895189,10,221976.6747,12821920393,57762.46721
2024-05-21,850588.4468,4391.752074,305500759.4,59014710786,10,226368.4268,13127421152,57991.39632
2024-05-22,852807.2342,2216.447132,154333694.1,59277581320,10,228584.8739,13281754846,58104.25957
2024-05-23,854406.4366,1598.887991,107748061.4,57384417821,10,230183.7619,13389502908,58168.75525
2024-05-24,858069.9022,3660.502738,252286639.5,59152849251,10,233844.2646,13641789547,58337.07133
2024-05-28,858736.1172,658.2412697,44962208.62,58541992025,10,234502.5059,13686751756,58365.05543
2024-05-29,859154.0836,416.5070628,28274462.87,57782299128,10,234919.013,13715026219,58381.93361
2024-05-30,859882.0323,724.9863606,50025110.32,59131708326,10,235643.9993,13765051329,58414.6058
2024-05-31,860601.9907,718.677097,48742671.91,58032215396,10,236362.6764,13813794001,58443.21197
2024-06-03,862135.8805,1525.788869,105443018.3,59528422945,10,237888.4653,13919237019,58511.60964
2024-06-04,874710.4037,12571.24108,885680016.4,61579850901,10,250459.7064,14804917036,59110.97338
2024-06-05,881578.2391,6865.303057,488006369.5,62671193582,10,257325.0094,15292923405,59430.38121
2024-06-06,884652.0359,3071.429763,217744054.9,62476638164,10,260396.4392,15510667460,59565.58971
2024-06-07,886552.2023,1897.789407,131045573.8,61248832454,10,262294.2286,15641713034,59634.22496
2024-06-10,885623.6403,-935.8425721,-64999565.28,61580734861,10,261358.386,15576713469,59599.05747
2024-06-11,882645.8479,-2979.294368,-200289080.6,59351126543,10,258379.0917,15376424388,59511.10165
2024-06-12,884125.0235,1476.175929,100966812.8,60191380776,10,259855.2676,15477391201,59561.58343
2024-06-13,880732.8455,-3393.404121,-226076931.2,58662537940,10,256461.8635,15251314270,59468.15664
2024-06-14,877842.5542,-2892.408356,-189118501,57392177449,10,253569.4551,15062195769,59400.67096
2024-06-17,875660.4112,-2191.109554,-146262943.4,58376815917,10,251378.3456,14915932825,59336.58602
2024-06-18,873307.2507,-2353.154775,-151385370.4,56189739197,10,249025.1908,14764547455,59289.37313
2024-06-20,871156.9074,-2156.725676,-139992852.5,56547423143,10,246868.4651,14624554602,59240.2703
2024-06-21,869505.3048,-1654.109585,-105929523.3,55682443450,10,245214.3555,14518625079,59207.892
2024-06-24,866583.3037,-2928.688957,-174256430.3,51712353083,10,242285.6666,14344368649,59204.3634
2024-06-25,867091.1585,503.208394,31211118.89,53702762303,10,242788.875,14375579768,59210.20792
2024-06-26,867447.3738,354.5277096,21563333.95,52755013961,10,243143.4027,14397143102,59212.55911
2024-06-27,867640.8001,189.7624534,11713231.45,53279204670,10,243333.1651,14408856333,59214.51902
2024-06-28,868849.7752,1207.117386,73006139.15,52285999539,10,244540.2825,14481862472,59220.76446
2024-07-01,870786.0016,2059.397532,130364927.9,55074594873,10,246599.68,14612227400,59254.85142
2024-07-02,870517.9253,-224.4373292,-13773316.94,53883536712,10,246375.2427,14598454083,59252.92624
2024-07-03,870128.7575,-344.9075083,-20489416.39,52019057597,10,246030.3352,14577964667,59252.71229
2024-07-05,872562.7351,2521.431844,142622965.7,49284893796,10,248551.767,14720587633,59225.43946
2024-07-08,877664.1868,5227.218655,294379029.2,49450117205,10,253778.9857,15014966662,59165.52397
2024-07-09,881361.8189,3739.074396,216013218.5,50923040342,10,257518.0601,15230979880,59145.2882
2024-07-10,883877.7414,2559.104533,147059496.8,50748232939,10,260077.1646,15378039377,59128.75665
2024-07-11,885206.6032,1370.627628,79060173.3,50890032248,10,261447.7923,15457099550,59121.17068
2024-07-12,890522.6621,5357.8418,310231213.1,51479912566,10,266805.6341,15767330763,59096.69344
2024-07-15,895115.0581,4715.039075,299704847.8,56849994261,10,271520.6731,16067035611,59174.26259
2024-07-16,901577.8635,6504.021106,422300730.8,58594210360,10,278024.6942,16489336342,59308.8912
2024-07-17,902357.7642,822.9795353,53281812,58283098107,10,278847.6738,16542618154,59324.92794
2024-07-18,902899.4913,584.1782225,37120599.5,57325694299,10,279431.852,16579738754,59333.7468
2024-07-19,909240.0912,6381.261149,428466155.4,61055576572,10,285813.1131,17008204909,59508.13356
2024-07-22,916278.0651,7163.973846,485913999.5,62249398058,10,292977.087,17494118909,59711.56
2024-07-23,915049.3521,-1185.528959,-77880692.09,60127136174,10,291791.558,17416238216,59687.25872
2024-07-24,915680.9285,673.5221326,44462559.35,60246034125,10,292465.0802,17460700776,59701.83095
2024-07-25,916119.496,481.3024753,31213247.28,59273124584,10,292946.3826,17491914023,59710.29192
2024-07-26,916841.1355,762.3479205,51636121.41,62207373104,10,293708.7306,17543550144,59731.11562
2024-07-29,918550.5042,1835.616064,123831217.7,61854309302,10,295544.3466,17667381362,59779.12135
2024-07-30,891488.9401,-276.3489877,-18166731.4,58624879436,10,295267.9976,17649214631,59773.54394
2024-07-31,918381.8481,-278.5292705,-18350771.93,60283879719,11,294989.4684,17630863859,59767.77394
2024-08-01,919168.6221,828.9889354,52850304.92,58119291804,11,295818.4573,17683714164,59778.9412
2024-08-02,915293.8768,-3833.949592,-240176888.5,57317735422,11,291984.5077,17443537275,59741.31098
2024-08-05,912016.0736,-3149.451818,-167479092.8,48517010807,11,288835.0559,17276058182,59812.88569
2024-08-06,909338.7453,-2636.19233,-149426858.5,51549944681,11,286198.8636,17126631324,59841.71674
2024-08-07,910122.2451,821.5889613,45225667.59,49919731971,11,287020.4525,17171856992,59827.99079
2024-08-08,913287.696,3202.865838,192259969.3,54405621539,11,290223.3184,17364116961,59830.19235
2024-08-09,911771.262,-1475.871539,-89405191.78,55208429331,11,288747.4468,17274711769,59826.37062
2024-08-12,912124.9696,473.2003096,27953863.99,53845482655,11,289220.6471,17302665633,59825.13975
2024-08-13,912728.6591,642.3935282,38960832.1,55427784894,11,289863.0407,17341626465,59826.96664
2024-08-14,911305.7095,-1382.288258,-81383005.2,53687934602,11,288480.7524,17260243460,59831.52538
2024-08-15,911455.1906,189.956939,10928661.95,52081446863,11,288670.7093,17271172122,59830.01241
2024-08-16,912033.5686,616.619667,36842966.11,54437119500,11,289287.329,17308015088,59829.84166
2024-08-19,912971.8697,1056.493314,62319834.96,53853491770,11,290343.8223,17370334923,59826.77635
2024-08-20,914415.0134,1482.590093,88024015.51,54318783989,11,291826.4124,17458358939,59824.4648
2024-08-21,915021.2018,645.1134262,39493620.27,56051264439,11,292471.5258,17497852559,59827.54221
2024-08-22,916057.4318,1075.831013,64891086.14,55213356384,11,293547.3569,17562743645,59829.33668
2024-08-23,919972.0956,3952.224817,251289380.5,58496751924,11,297499.5817,17814033025,59879.18681
2024-08-26,923040.922,3186.913709,202340368.6,58552153513,11,300686.4954,18016373394,59917.46776
2024-08-27,920946.7172,-2053.346708,-127390163.5,57143413776,11,298633.1487,17888983231,59902.87183
2024-08-28,919128.639,-1776.02426,-105224026.3,54400974215,11,296857.1244,17783759204,59906.79604
2024-08-29,917878.1107,-1211.354146,-71845678.51,54441877976,11,295645.7703,17711913526,59909.2404
2024-08-30,914855.9721,-2982.357484,-175443977.8,53848706675,11,292663.4128,17536469548,59920.26602
2024-09-03,909703.8533,-4994.567886,-289638122.2,52748846493,11,287668.8449,17246831426,59953.76883
2024-09-04,909021.5292,-641.019052,-37186030.7,52639621587,11,287027.8258,17209645395,59958.10805
2024-09-05,905217.0316,-3762.839218,-211331529.4,50808130433,11,283264.9866,16998313866,60008.52441
2024-09-06,902012.4605,-3161.940622,-169285708.9,48294257136,11,280103.046,16829028157,60081.56069
2024-09-09,902398.5788,502.5766004,28469426.72,51354761269,11,280605.6226,16857497583,60075.40913
2024-09-10,904385.5234,2024.870674,117016513.2,52236145689,11,282630.4933,16974514097,60059.03291
2024-09-11,903583.0842,-763.1124216,-43903481.94,52012164581,11,281867.3809,16930610615,60065.87411
2024-09-12,904215.7005,671.154048,39126230.09,52729102886,11,282538.5349,16969736845,60061.67212
2024-09-13,908540.0848,4363.488528,261225007.6,54356032651,11,286902.0234,17230961852,60058.69755
2024-09-16,908645.5219,223.3730548,12949857.3,52612569292,11,287125.3965,17243911710,60057.07583
2024-09-17,911706.651,3098.305065,186906764.8,54906201018,11,290223.7016,17430818474,60059.94128
2024-09-18,910792.6685,-874.2749389,-52734546.3,54897165842,11,289349.4266,17378083928,60059.16145
2024-09-19,913259.2279,2504.09032,158752572.1,57869773639,11,291853.5169,17536836500,60087.80255
2024-09-20,914678.1541,1458.230129,91726335.46,57521093860,11,293311.7471,17628562836,60101.79617
2024-09-23,914633.9,72.04381988,4615340.188,57952141744,11,293383.7909,17633178176,60102.76888
2024-09-24,916718.1583,2123.322,135686166.1,58681453420,11,295507.1129,17768864342,60130.07324
2024-09-25,918351.3327,1672.289069,105823697,58082488679,11,297179.402,17874688039,60147.80271
2024-09-26,923924.663,5611.02162,365443124.9,60070393350,11,302790.4236,18240131164,60240.11905
2024-09-27,931400.415,7514.077374,494323747.9,61254033867,11,310304.5009,18734454912,60374.42207
2024-09-30,932247.3803,966.1185961,61250148.63,59111608832,11,311270.6195,18795705060,60383.80715
2024-10-01,928260.0171,-3967.826388,-245484757.9,57392067947,11,307302.7932,18550220302,60364.63291
2024-10-02,926908.8947,-1331.766167,-80290126.3,55904229152,11,305971.027,18469930176,60364.96448
2024-10-03,925998.3685,-892.3101521,-54230208.85,56346048491,11,305078.7168,18415699967,60363.76499
2024-10-04,926391.4737,410.9643699,25613198.02,57773404296,11,305489.6812,18441313165,60366.40286
2024-10-07,930083.8897,3746.625428,236959952.9,58848085758,11,309236.3066,18678273118,60401.29415
2024-10-08,929767.806,-297.5779716,-18503670.63,57761440572,11,308938.7287,18659769448,60399.57997
2024-10-09,929248.0548,-501.5321637,-30587329.54,56679933322,11,308437.1965,18629182118,60398.62354
2024-10-10,927208.7511,-2020.825106,-120328360.2,55200348653,11,306416.3714,18508853758,60404.25867
2024-10-11,931240.9077,4048.800713,255217857.2,58712884162,11,310465.1721,18764071615,60438.57186
2024-10-14,939612.2025,8424.102084,555393855.5,61942503845,11,318889.2742,19319465471,60583.61643
2024-10-15,945143.9431,5549.925511,370768163.7,63178074410,11,324439.1997,19690233634,60690.05734
2024-10-16,951892.6705,6766.573109,458675753,64515660443,11,331205.7728,20148909387,60835.01871
2024-10-17,958907.0767,7033.175415,470326390,64115142898,11,338238.9482,20619235777,60960.56024
2024-10-18,962877.7087,3987.662849,274157686.5,66168295060,11,342226.6111,20893393464,61051.3408
2024-10-21,967178.3766,4355.484121,294231064.4,65385487805,11,346582.0952,21187624528,61133.06147
2024-10-22,965855.358,-1305.366669,-88040353.1,65153415908,11,345276.7285,21099584175,61109.1986
2024-10-23,968747.7995,2912.240917,192553728.7,64111266877,11,348188.9694,21292137904,61151.09832
2024-10-24,971498.2398,2767.119015,188086897.4,66102619168,11,350956.0885,21480224801,61204.87864
2024-10-25,977496.3466,6017.195945,402053929,65291030767,11,356973.2844,21882278730,61299.48567
2024-10-28,984327.3458,6883.351906,479070615,68503714582,11,363856.6363,22361349345,61456.48344
2024-10-29,996241.4769,11930.30569,870782975.7,72600548963,11,375786.942,23232132321,61822.61735
2024-10-30,1008647.114,12425.07422,893263040.6,72496992073,11,388212.0162,24125395362,62144.89597
2024-10-31,1009080.163,452.7387358,32038133.39,70924593925,11,388664.755,24157433495,62154.93735
2024-11-01,1008268.21,-792.0125133,-54659376.89,69677102352,11,387872.7424,24102774118,62140.93304
2024-11-04,1000207.226,-8007.874722,-540344375.7,67489689099,11,379864.8677,23562429743,62028.45207
2024-11-05,998505.7295,-1683.057535,-116832886.8,69316509297,11,378181.8102,23445596856,61995.56992
2024-11-06,1006677.348,8188.710719,622316912.4,76505748983,11,386370.5209,24067913768,62292.3139
2024-11-07,1024607.152,17947.35072,1375758808,78531845263,11,404317.8716,25443672576,62929.87365
2024-11-08,1028415.194,3825.012741,293614840.1,78948275701,11,408142.8844,25737287416,63059.50294
2024-11-11,1041105.432,12742.23982,1108914806,90621516166,11,420885.1242,26846202222,63785.10591
2024-11-12,1050225.088,9137.549552,818103447.1,94025994760,11,430022.6737,27664305669,64332.20237
2024-11-13,1055846.751,5640.283587,510378247.1,95428726986,11,435662.9573,28174683916,64670.8274
2024-11-14,1051269.432,-4557.060701,-401623060.7,92604682657,11,431105.8966,27773060855,64422.8276
2024-11-15,1047189.8,-4061.529135,-369984462.2,95410914192,11,427044.3675,27403076393,64169.15543
2024-11-18,1049930.681,2796.579563,255510118.3,95913839425,11,429840.9471,27658586512,64346.09523
2024-11-19,1058850.287,8937.944388,832203775,98469607511,11,438778.8914,28490790287,64931.99842
2024-11-20,1067132.168,8299.909427,782678602.4,100649171597,11,447078.8009,29273468889,65477.20185
2024-11-21,1077331.981,10217.05392,1004418825,105913142391,11,457295.8548,30277887714,66210.71982
2024-11-22,1082249.762,4935.958889,490434384.8,107502561265,11,462231.8137,30768322099,66564.7002
2024-11-25,1077548.419,-4641.722457,-440496775.8,102257982235,11,457590.0912,30327825323,66277.27721
2024-11-26,1076189.599,-1338.333127,-122104366.5,98183568547,11,456251.7581,30205720957,66204.0648
2024-11-27,1077244.15,1071.393684,103842296.6,104345178950,11,457323.1518,30309563253,66276.03071
2024-11-29,1080491.135,3283.208269,320026274.8,105297609272,11,460606.3601,30629589528,66498.40772
2024-12-02,1084841.28,4408.638471,422992330.3,104001627856,11,465014.9985,31052581858,66777.59203
2024-12-03,1091896.692,7074.834466,675777180.8,104336903793,11,472089.833,31728359039,67208.3083
2024-12-04,1097531.575,5650.830579,556748643.4,108261815991,11,477740.6636,32285107683,67578.73077
2024-12-05,1105284.424,7772.448278,767273072.4,109224577205,11,485513.1118,33052380755,68077.21552
2024-12-06,1108988.192,3722.341832,378920016.8,112817627427,11,489235.4537,33431300772,68333.76551
2024-12-09,1113870.354,4940.036859,478113831.9,107629758032,11,494175.4905,33909414604,68618.16349
2024-12-10,1118398.235,4547.207141,437578090.5,107706685116,11,498722.6977,34346992694,68869.92081
2024-12-11,1120583.918,2203.367188,223566926.3,113681844394,11,500926.0649,34570559621,69013.29766
2024-12-12,1126544.783,5980.37431,597304809.8,112504827383,11,506906.4392,35167864430,69377.4269
2024-12-13,1130750.496,4223.925351,429199261.4,114925006369,11,511130.3645,35597063692,69643.8055
2024-12-16,1136699.413,6003.760852,637776710.1,120672389563,11,517134.1254,36234840402,70068.55402
2024-12-17,1141314.84,4634.632579,493375435.9,121605317051,11,521768.758,36728215838,70391.74975
2024-12-18,1144002.061,2709.548843,274793235.4,115756220077,11,524478.3068,37003009073,70552.02969
2024-12-19,1137044.902,-6934.919306,-668522943.6,109627419723,11,517543.3875,36334486129,70205.68132
2024-12-20,1134170.172,-2855.626943,-276266359.8,109713480804,11,514687.7605,36058219770,70058.43646
2024-12-23,1131711.445,-2398.572522,-222671942,105052463846,11,512289.188,35835547828,69951.79415
2024-12-24,1128235.077,-3459.509408,-337615744.4,110013067890,11,508829.6786,35497932083,69763.87891
2024-12-26,1133164.789,4968.601943,474752529.1,108233702293,11,513798.2806,35972684612,70013.24444
2024-12-27,1130089.772,-3054.789627,-288328387.2,106666463825,11,510743.4909,35684356225,69867.47136
2024-12-30,1125594.011,-4439.035001,-418810677.6,106241305000,11,506304.4559,35265545548,69652.84452
2024-12-31,1125631.369,56.92250266,5368796.442,105412783312,11,506361.3784,35270914344,69655.61721
2025-01-02,1123070.082,-2481.228772,-241785514.9,109412135025,11,503880.1497,35029128829,69518.77118
2025-01-03,1132266.204,9238.633375,909770469,111446265490,11,513118.783,35938899298,70040.11641
2025-01-06,1140215.271,8082.552363,825777506.2,116300148970,11,521201.3354,36764676804,70538.33961
2025-01-07,1142228.54,2056.255928,197926951.3,110075529213,11,523257.5913,36962603756,70639.40279
2025-01-08,1136165.182,-6017.629093,-578707630.4,107183372171,11,517239.9622,36383896125,70342.39189
2025-01-10,1134501.119,-1572.527489,-149329021.7,107644536558,11,515667.4347,36234567104,70267.317
2025-01-13,1131349.964,-3033.78348,-281744772.3,104928379184,11,512633.6513,35952822331,70133.55881
2025-01-14,1129137.225,-2174.347813,-209789748.7,108957698490,11,510459.3035,35743032583,70021.31676
2025-01-15,1136625.334,7529.014253,753148464.3,113610121324,11,517988.3177,36496181047,70457.53697
2025-01-16,1142812.184,6230.178051,626198595.3,114775725670,11,524218.4958,37122379642,70814.70788
2025-01-17,1153017.764,10245.41402,1078489658,121255080985,11,534463.9098,38200869300,71475.11478
2025-01-21,1160382.349,7534.163226,802560284.6,123581555667,11,541998.073,39003429584,71962.30305
2025-01-22,1162715.838,2378.020672,248273141.1,121350426016,11,544376.0937,39251702726,72104.01629
2025-01-23,1164475.314,1801.976882,188992898.2,121490294692,11,546178.0706,39440695624,72212.15525
2025-01-24,1169354.72,4921.362866,518474006.9,123023539146,11,551099.4334,39959169631,72508.0942
2025-01-27,1164734.595,-4487.605036,-451830475.5,117204435910,11,546611.8284,39507339155,72276.77321
2025-01-28,1164873.317,181.262865,18453213.73,118571363312,11,546793.0913,39525792369,72286.56141
2025-01-29,1165715.178,882.5714908,92116818.59,121249271390,11,547675.6627,39617909187,72338.26858
2025-01-30,1171258.584,5584.614005,589153932.9,123420613987,11,553260.2768,40207063120,72672.96209
2025-01-31,1174339.766,3128.128236,318865598,119601573367,11,556388.405,40525928718,72837.47892
2025-02-03,1171903.688,-2307.120709,-234778865.4,119066967211,11,554081.2843,40291149853,72717.03809
2025-02-04,1175311.632,3454.55088,340912290.9,115964902984,11,557535.8352,40632062144,72877.93821
2025-02-05,1175947.369,680.4186571,66348862.36,114630549197,11,558216.2538,40698411006,72907.96484
2025-02-06,1174451.525,-1450.236007,-140070205,113422062456,11,556766.0178,40558340801,72846.2936
2025-02-07,1176184.66,1776.19498,170979085,113028662006,11,558542.2128,40729319886,72920.75505
2025-02-10,1174145.921,-1911.227471,-186116730.9,114347283331,11,556630.9853,40543203155,72836.77018
2025-02-11,1173509.648,-591.9252734,-56320612.2,111687244469,11,556039.06,40486882543,72813.01882
2025-02-12,1170897.646,-2569.82847,-250124928.8,113806038045,11,553469.2316,40236757614,72699.17697
2025-02-13,1169175.344,-1679.048136,-161471713.2,112377659426,11,551790.1834,40075285901,72627.76161
2025-02-14,1169855.167,722.7053695,70999494.73,114353727072,11,552512.8888,40146285396,72661.26494
2025-02-18,1169057.674,-624.1731602,-58727266.56,109987676250,11,551888.7156,40087558129,72637.03169
2025-02-19,1168353.705,-663.1005129,-63896166.26,112494543940,11,551225.6151,40023661963,72608.49435
2025-02-20,1164610.587,-3702.328936,-365150713.8,114770866634,11,547523.2862,39658511249,72432.55629
2025-02-21,1164035.301,-529.7007974,-50220373.02,110725675785,11,546993.5854,39608290876,72410.88732
2025-02-24,1158096.486,-5809.990808,-547508382.3,109100413276,11,541183.5946,39060782494,72176.58274
2025-02-25,1146013.432,-12033.58784,-1060982966,100995250869,11,529150.0067,37999799528,71812.90569
2025-02-26,1136957.807,-9006.944106,-753563614.8,95181997140,11,520143.0626,37246235913,71607.67602
2025-02-27,1133595.327,-3318.145039,-275870642,94312252231,11,516824.9176,36970365271,71533.6355
2025-02-28,1134658.769,1104.516584,93570863.66,95375551380,11,517929.4342,37063936135,71561.74893
2025-03-03,1133668.502,-866.4578953,-74165629.38,97252110427,11,517062.9763,36989770506,71538.23074
2025-03-04,1131998.783,-1631.006114,-144242897.8,99380683682,11,515431.9702,36845527608,71484.75403
2025-03-05,1132204.546,245.3410716,22103778.9,102130093456,11,515677.3112,36867631387,71493.60769
2025-03-06,1130651.722,-1508.16803,-134272992.3,100634498794,11,514169.1432,36733358394,71442.16816
2025-03-07,1125923.428,-4684.846967,-410925724.5,98521583531,11,509484.2963,36322432670,71292.54608
2025-03-10,1121110.941,-4681.858869,-368045190.8,88118040784,11,504802.4374,35954387479,71224.67091
2025-03-11,1116602.673,-4468.469397,-371555893.8,92859489348,11,500333.968,35582831585,71118.16079
2025-03-12,1116718.485,158.1492647,13464499.74,92491475753,11,500492.1173,35596296085,71122.59086
2025-03-13,1115005.478,-1669.018858,-134561427,89674896107,11,498823.0984,35461734658,71090.80308
2025-03-14,1115451.071,484.7559468,41517762.8,94429768356,11,499307.8543,35503252421,71104.93479
2025-03-17,1118576.882,3252.4023,275263307.7,94528352090,11,502560.2566,35778515729,71192.48937
2025-03-18,1121083.865,2551.479514,209159487.6,92008844031,11,505111.7362,35987675216,71246.95912
2025-03-19,1121182.958,138.3029558,11819144.86,95788767815,11,505250.0391,35999494361,71250.84923
2025-03-20,1123109.534,1969.890214,165720164.7,94504836712,11,507219.9293,36165214526,71300.85479
2025-03-21,1124057.03,989.956713,83121824.04,94393607928,11,508209.886,36248336350,71325.52385
2025-03-24,1124902.229,967.0801792,85191286.78,99357900168,11,509176.9662,36333527636,71357.36698
2025-03-25,1125163.28,303.6977957,26733284.42,99108333556,11,509480.664,36360260921,71367.303
2025-03-26,1126164.74,1039.584206,89687788.47,97253954065,11,510520.2482,36449948709,71397.65531
2025-03-27,1127141.503,1021.071065,89108000.82,98323091477,11,511541.3193,36539056710,71429.33588
2025-03-28,1125870.287,-1229.153459,-102921602.9,94243181358,11,510312.1658,36436135107,71399.69914
2025-03-31,1125295.579,-451.9748789,-37510738.6,93290575858,11,509860.1909,36398624369,71389.42207
2025-04-01,1124430.78,-825.5764793,-70189688.92,95539489371,11,509034.6145,36328434680,71367.31697
2025-04-02,1125690.599,1295.260084,111540038.1,97234478991,11,510329.8745,36439974718,71404.74531
2025-04-03,1124459.753,-1207.041628,-99056009.78,92224159620,11,509122.8329,36340918708,71379.47143
2025-04-04,1123663.981,-771.11944,-64933832.93,94488065340,11,508351.7135,36275984875,71360.01299
2025-04-07,1122251.746,-1328.872633,-103879309.7,87905644127,11,507022.8408,36172105565,71342.16183
2025-04-08,1117970.359,-4252.86533,-326401839.2,85800138340,11,502769.9755,35845703726,71296.42873
2025-04-09,1116399.524,-1546.147105,-127148631.9,91828093514,11,501223.8284,35718555094,71262.68359
2025-04-10,1114491.148,-1879.392884,-149526438.7,88650363424,11,499344.4355,35569028656,71231.45093
2025-04-11,1114451.715,-13.54562976,-1079055.298,93393275921,11,499330.8899,35567949600,71231.22226
2025-04-14,1114385.863,14.9961112,1269151.221,94734004763,11,499345.886,35569218752,71231.62471
2025-04-15,1115267.337,909.5902449,76517766.08,93759049890,11,500255.4763,35645736518,71255.06508
2025-04-16,1114549.167,-689.6533428,-57992637.12,93791875711,11,499565.8229,35587743881,71237.34701
2025-04-17,1115769.526,1259.095994,106777328.9,94624237001,11,500824.9189,35694521209,71271.45608
2025-04-21,1118695.242,3020.087672,263557124.4,97623741753,11,503845.0066,35958078334,71367.34088
2025-04-22,1128547.248,9877.599749,905335778.8,103323867083,11,513722.6063,36863414113,71757.43029
2025-04-23,1138329.087,9809.831061,916687486.7,106364037398,11,523532.4374,37780101599,72163.82195
2025-04-24,1143025.075,4722.045214,441957222.6,106929801144,11,528254.4826,38222058822,72355.38946
2025-04-25,1146998.555,3997.24339,380540745,109249554999,11,532251.726,38602599567,72526.95986
2025-04-28,1153173.657,6257.014872,591606344.4,109264978763,11,538508.7409,39194205911,72782.85929
2025-04-29,1154955.978,1809.043179,172430378.3,110144939071,11,540317.784,39366636290,72858.30201
2025-04-30,1154338.048,-588.2873906,-55893520.28,108547531416,11,539729.4967,39310742769,72834.15676
2025-05-01,1158690.839,4377.355296,422575153.7,111960939199,11,544106.8519,39733317923,73024.84389
2025-05-02,1165618.345,6955.087105,674875675.2,113117391449,11,551061.9391,40408193598,73327.8616
2025-05-05,1170030.54,4497.64843,425551999,110650172009,11,555559.5875,40833745597,73500.20865
2025-05-06,1169102.286,-901.2542319,-85629724.32,111120811197,11,554658.3333,40748115873,73465.25497
2025-05-07,1170547.066,1472.343301,141903981.3,112667943049,11,556130.6766,40890019854,73525.9204
2025-05-08,1171675.818,1154.822189,116912534.2,118615590866,11,557285.4987,41006932388,73583.34728
2025-05-09,1174894.934,3246.152576,334616372.9,121187763074,11,560531.6513,41341548761,73754.17367
2025-05-12,1174865.728,54.20297078,5500355.381,119620514895,11,560585.8543,41347049117,73756.85419
2025-05-13,1173962.172,-876.8990756,-91715051.58,122845322506,11,559708.9552,41255334065,73708.54742
2025-05-14,1177020.97,3086.887595,319458171.1,121798965392,11,562795.8428,41574792236,73871.88937
2025-05-15,1178120.176,1128.15039,115744659.4,121414735227,11,563923.9932,41690536896,73929.35466
2025-05-16,1180600.871,2507.793438,260466774,122613582765,11,566431.7866,41951003670,74061.88116
2025-05-19,1186853.679,6334.603268,666590872.4,124919659537,11,572766.3899,42617594542,74406.59105
2025-05-20,1189920.853,3094.186616,328928771.3,126666442347,11,575860.5765,42946523313,74577.98826
2025-05-21,1195527.6,5633.465943,606361518.1,128901197019,11,581494.0425,43552884831,74898.2477
2025-05-22,1203881.574,8378.742914,934670305.2,134237220486,11,589872.7854,44487555136,75418.8975
2025-05-23,1205784.962,1933.210718,210547620.9,131320160742,11,591805.9961,44698102757,75528.30328
2025-05-27,1209185.326,3510.139747,385351336.3,132819493921,11,595316.1358,45083454094,75730.27402
2025-05-28,1213183.63,4028.409834,432683055.7,130239416864,11,599344.5457,45516137149,75943.19074
2025-05-29,1209871.631,-3281.401312,-347480133.7,128057875217,11,596063.1444,45168657016,75778.3088
2025-05-30,1203958.143,-5884.12117,-616518366.3,126087893624,11,590179.0232,44552138649,75489.19378
2025-06-02,1201317.91,-2556.028512,-266911002.4,125410376081,11,587622.9947,44285227647,75363.33337
2025-06-03,1204830.188,3537.671378,376263218.7,128067538790,11,591160.6661,44661490866,75548.82019
2025-06-04,1205624.389,823.7134763,86438368.02,126605911641,11,591984.3795,44747929234,75589.7128
2025-06-05,1202862.292,-2729.750141,-279274604.8,122963979902,11,589254.6294,44468654629,75465.94021
2025-06-06,1202377.308,-457.4179594,-47732807.53,125526433225,11,588797.2114,44420921821,75443.49898
2025-06-09,1205822.851,3527.189835,383133303.5,130985057371,11,592324.4013,44804055125,75641.07612
2025-06-10,1209721.623,3926.241715,431021371.3,132753787063,11,596250.643,45235076496,75865.87457
2025-06-11,1211205.981,1512.762243,164561404.3,131768269214,11,597763.4052,45399637900,75949.17572
2025-06-12,1211953.051,775.856423,83352913.84,130169875088,11,598539.2617,45482990814,75989.98717
2025-06-13,1214985.899,3063.10962,322190264.1,127789660418,11,601602.3713,45805181078,76138.6312
2025-06-16,1218699.506,3794.536569,412241812.8,132409185639,11,605396.9078,46217422891,76342.35044
2025-06-17,1220725.491,2057.01291,215697395.1,128081582071,11,607453.9208,46433120286,76438.91775
2025-06-18,1224422.22,3725.625632,387595047.9,127333705640,11,611179.5464,46820715334,76607.13715
2025-06-20,1224427.675,62.51238218,6444644.758,126436422840,11,611242.0588,46827159979,76609.84598
2025-06-23,1227711.789,3368.450894,346897877.5,126486090260,11,614610.5097,47174057856,76754.39504
2025-06-24,1233259.781,5573.609671,588123991.2,130174411917,11,620184.1193,47762181848,77012.90691
2025-06-25,1238321.768,5087.81553,548228828.9,133442977068,11,625271.9349,48310410677,77263.04026
2025-06-26,1240404.247,2111.136122,227045185.6,133408678847,11,627383.071,48537455862,77364.94354
2025-06-27,1245060.976,4685.912466,500786159.8,133050899451,11,632068.9835,49038242022,77583.68676
2025-06-30,1245928.519,950.5569824,102151684.4,133973995613,11,633019.5404,49140393706,77628.55736
2025-07-01,1242681.282,-3243.225479,-342286691.6,131178753544,11,629776.315,48798107015,77484.82414
2025-07-02,1246419.975,3737.051056,409407843.3,136554407346,11,633513.366,49207514858,77673.99632
2025-07-03,1251904.026,5485.037852,602338499.4,137477237181,11,638998.4039,49809853357,77949.88697
2025-07-07,1253897.86,2002.916439,216644242.6,135601082161,11,641001.3203,50026497600,78044.29728
2025-07-08,1254631.357,735.2983682,80081333.3,136629539346,11,641736.6187,50106578933,78079.66302
2025-07-09,1256578.473,1948.404594,215566384.2,139186069963,11,643685.0233,50322145318,78178.21372
2025-07-10,1266862.44,10284.99633,1166950248,143725644588,11,653970.0196,51489095565,78733.11317
2025-07-11,1275596.29,8734.239804,1029754310,150453960490,11,662704.2594,52518849875,79249.30183
2025-07-14,1278075.652,2483.154817,297516785.8,153168676455,11,665187.4142,52816366661,79400.73058
2025-07-15,1281524.127,3452.365331,403042287.8,149519874264,11,668639.7795,53219408949,79593.54286
2025-07-16,1288228.04,6704.718249,799443632.3,153631544881,11,675344.4978,54018852581,79987.10696
2025-07-17,1292529.304,4303.172123,514697048.3,154469238720,11,679647.6699,54533549629,80237.97041
2025-07-18,1295617.056,3091.80798,363562030.6,152280958061,11,682739.4779,54897111660,80407.11492
2025-07-21,1294488.859,-1122.364353,-131339753.4,151514555153,11,681617.1135,54765771907,80346.82642
2025-07-22,1293922.239,-566.5189352,-67742384.58,154630352220,11,681050.5946,54698029522,80314.19392
2025-07-23,1293198.151,-721.0592039,-85421974.04,153131045515,11,680329.5354,54612607548,80273.75662
2025-07-24,1295106.059,1910.019485,227668731.6,154332355767,11,682239.5549,54840276279,80382.72757
2025-07-25,1296218.931,1117.20537,130447681.5,151339213748,11,683356.7603,54970723961,80442.20407
2025-07-28,1297545.643,1330.885138,156982313.9,153073523223,11,684687.6454,55127706275,80515.11758
2025-07-29,1298224.269,681.2806467,80099018.58,152602333992,11,685368.926,55207805293,80551.95267
2025-07-30,1298680.944,460.7515958,53632384.24,151294399691,11,685829.6776,55261437678,80576.03729
2025-07-31,1297640.355,-1039.542073,-121764168.8,151906849166,11,684790.1356,55139673509,80520.54293
2025-08-01,1290471.932,-7161.592517,-812581170.7,146392569109,11,677628.5431,54327092338,80172.37895
2025-08-04,1287651.348,-2816.99549,-323537945.5,147873331760,11,674811.5476,54003554393,80027.60858
2025-08-05,1285924.611,-1722.212588,-195665359.6,146092459471,11,673089.335,53807889033,79941.67525
2025-08-06,1286720.734,795.3951009,91751801.24,148422563317,11,673884.7301,53899640834,79983.47259
2025-08-07,1289089.748,2368.576934,277042404.5,150820068522,11,676253.307,54176683239,80113.00304
2025-08-08,1292552.406,3465.125419,403779083.6,150614207018,11,679718.4324,54580462323,80298.63502
2025-08-11,1294043.084,1494.550187,178313355.7,154377776342,11,681212.9826,54758775678,80384.22208
2025-08-12,1294591.946,551.1813264,65949947.31,154925129791,11,681764.1639,54824725626,80415.96864
2025-08-13,1295299.243,707.9162971,86633442.11,158526016442,11,682472.0802,54911359068,80459.49521
2025-08-14,1297248.379,1953.580434,230943694,153343589581,11,684425.6607,55142302762,80567.26381
2025-08-15,1297124.133,-121.4044646,-14128047.07,151903064046,11,684304.2562,55128174715,80560.91163
2025-08-18,1296071.187,-1046.889643,-121833298.6,150826584521,11,683257.3666,55006341416,80506.03493
2025-08-19,1291431.764,-4634.041791,-524300129.1,146096427042,11,678623.3248,54482041287,80283.18406
2025-08-20,1288659.245,-2771.222707,-315834082.3,146928366066,11,675852.1021,54166207205,80145.0599
2025-08-21,1286924.955,-1730.880092,-194324297.8,144450415322,11,674121.222,53971882907,80062.57799
2025-08-22,1286728.045,-198.726313,-23175301.86,150169252285,11,673922.4957,53948707605,80051.79817
2025-08-25,1288688.879,1971.868947,220073165.4,143646743816,11,675894.3646,54168780770,80143.85621
2025-08-26,1289479.267,793.1098285,87988596.54,143068398019,11,676687.4744,54256769367,80179.95222
2025-08-27,1290205.519,727.238086,81442446.02,144514983097,11,677414.7125,54338211813,80214.10047
2025-08-28,1291796.964,1593.433339,178822458.9,144908265234,11,679008.1459,54517034272,80289.2198
2025-08-29,1290621.434,-1168.437649,-126688721.8,139900285271,11,677839.7082,54390345550,80240.71899
2025-09-02,1293617.627,2999.934716,331941332.2,143155351004,11,680839.6429,54722286882,80374.7071
2025-09-03,1296302.013,2684.700355,300633119.9,145199242855,11,683524.3433,55022920002,80498.84476
2025-09-04,1294280.734,-2015.435786,-221594270.4,142265884309,11,681508.9075,54801325732,80411.7527
2025-09-05,1292842.388,-1438.76967,-160304656.6,143994956836,11,680070.1378,54641021075,80346.15554
2025-09-08,1296080.222,3242.87727,363815973,145377827655,11,683313.0151,55004837048,80497.27699
2025-09-09,1296287.424,209.3502356,23269477.2,144257172682,11,683522.3653,55028106525,80506.66564
2025-09-10,1302809.451,6523.316379,739850785.9,147787002160,11,690045.6817,55767957311,80817.77597
2025-09-11,1307625.508,4817.730275,551007973.6,149576514950,11,694863.412,56318965285,81050.41122
2025-09-12,1313149.549,5524.861555,644064341.7,153118116259,11,700388.2735,56963029626,81330.64441
2025-09-15,1315397.73,2254.803243,259964242.5,151669890468,11,702643.0768,57222993869,81439.63238
2025-09-16,1317902.542,2506.270972,292241681.1,153722307832,11,705149.3478,57515235550,81564.61568
2025-09-17,1317463.902,-435.6075002,-50427948.41,152403936250,11,704713.7403,57464807602,81543.47548
2025-09-18,1318854.554,1391.086216,163521165.4,155013482262,11,706104.8265,57628328767,81614.40994
2025-09-19,1320780.587,1930.0402,222555900,152258201862,11,708034.8667,57850884667,81706.26531
2025-09-22,1317547.917,-3224.381139,-362491637.8,148075403792,11,704810.4855,57488393029,81565.74598
2025-09-23,1316618.164,-927.0313726,-103617383.6,147129783548,11,703883.4542,57384775645,81525.96187
2025-09-24,1318741.349,2123.81205,241119915.5,149705506144,11,706007.2662,57625895561,81622.24147
2025-09-25,1316412.288,-2322.461802,-254598644.2,144318075642,11,703684.8044,57371296917,81529.8221
2025-09-26,1312594.091,-3815.717244,-417370180.8,143541602248,11,699869.0872,56953926736,81377.97165
2025-09-29,1317125.717,4531.372614,517300743.7,150363319967,11,704400.4598,57471227480,81588.85572
2025-09-30,1320894.559,3770.426808,430097260,150742117323,11,708170.8866,57901324740,81761.79766
2025-10-01,1326627.694,5733.387045,673609845.1,155860745320,11,713904.2736,58574934585,82048.72383
2025-10-02,1331818.418,5191.179285,627450052.5,160987600844,11,719095.4529,59202384637,82328.96537
2025-10-03,1339843.166,8027.441691,985343484.1,164462100221,11,727122.8946,60187728122,82775.1795
2025-10-06,1349434.453,9600.821176,1206208466,169503161153,11,736723.7158,61393936588,83333.73186
2025-10-07,1356634.449,7206.296411,875584338.2,164872281545,11,743930.0122,62269520926,83703.4666
2025-10-08,1360198.964,3568.515982,440676849.4,167966779921,11,747498.5282,62710197775,83893.40636
2025-10-09,1361826.497,1634.429079,197735181,164760344271,11,749132.9573,62907932956,83974.32305
2025-10-10,1361772.046,-47.63407654,-5541788.023,158933997436,11,749085.3232,62902391168,83972.26487
2025-10-13,1358929.51,-2827.370049,-327154397.6,157129220813,11,746257.9531,62575236771,83852.01995
2025-10-14,1359830.502,907.576503,102581495.6,153580599596,11,747165.5296,62677818266,83887.45971
2025-10-15,1358888.19,-936.052813,-104153442.8,151292422211,11,746229.4768,62573664824,83853.11324
2025-10-16,1353970.498,-4909.346651,-530910148,146406203244,11,741320.1302,62042754676,83692.25676
2025-10-17,1350522.504,-3441.605815,-366788644.7,143909459702,11,737878.5244,61675966031,83585.52796
2025-10-20,1350148.11,-364.2203298,-40365563.67,149622166883,11,737514.304,61635600467,83572.07464
2025-10-21,1354426.111,4281.852824,479241519.6,151550165123,11,741796.1568,62114841987,83735.72903
2025-10-22,1353475.178,-941.1527899,-101572920.7,146238750550,11,740855.0041,62013269066,83705.00128
2025-10-23,1353655.763,183.1543833,20352276.5,149398217493,11,741038.1584,62033621343,83711.77737
2025-10-24,1354468.46,817.2111739,90496732.13,149929629622,11,741855.3696,62124118075,83741.54939
2025-10-27,1355757.928,1298.121608,149274310.5,155856630449,11,743153.4912,62273392385,83796.13784
2025-10-28,1357530.538,1779.002615,203092999.3,154829465970,11,744932.4938,62476485385,83868.65374
2025-10-29,1353262.167,-4258.850911,-471894794,149931059149,11,740673.6429,62004590591,83713.78026
2025-10-30,1348691.188,-4559.761514,-486812143.3,143913167652,11,736113.8814,61517778447,83571.00715
2025-10-31,1346942.966,-1747.86537,-191623336.8,147661481123,11,734366.016,61326155111,83508.9775
2025-11-03,1345175.524,-1747.900036,-186496814.3,143477158215,11,732618.116,61139658296,83453.65336
2025-11-04,1339560.654,-5597.865346,-562126915.4,134518034737,11,727020.2507,60577531381,83323.03168
2025-11-05,1338244.894,-1314.192522,-136714040.9,139148455341,11,725706.0581,60440817340,83285.53505
2025-11-06,1340607.534,2372.253793,239824101,135434187817,11,728078.3119,60680641441,83343.56407
2025-11-07,1335201.028,-5402.637252,-558657302.8,138084050088,11,722675.6747,60121984138,83193.59049
2025-11-10,1335199.967,11.31919726,1200452.485,141528498934,11,722686.9939,60123184591,83193.94856
2025-11-11,1340283.777,5092.013543,523911985.7,137831005567,11,727779.0074,60647096576,83331.74763
2025-11-12,1337540.304,-2737.446701,-277975909.4,135784067652,11,725041.5607,60369120667,83262.97958
2025-11-13,1328729.741,-8802.56576,-863942704.9,130538081248,11,716238.995,59505177962,83080.059
2025-11-14,1323533.529,-5188.383872,-492136110.5,125417850753,11,711050.6111,59013041852,82994.15109
2025-11-17,1320739.492,-2777.149153,-254438348.6,121009699307,11,708273.4619,58758603503,82960.33476
2025-11-18,1316726.441,-4007.170147,-372811490.5,122295540105,11,704266.2918,58385792012,82903.00515
2025-11-19,1317562.735,846.0304526,75481297.15,117324532835,11,705112.3222,58461273310,82910.58242
2025-11-20,1307110.667,-10443.20426,-902684253.3,113019997716,11,694669.118,57558589056,82857.56134
2025-11-21,1309914.164,2812.206404,236886246.8,110094347976,11,697481.3244,57795475303,82863.11516
2025-11-24,1308205.559,-1701.640456,-151082247.8,116182310948,11,695779.6839,57644393055,82848.62922
2025-11-25,1309668.598,1472.263101,128207350.3,114058344160,11,697251.947,57772600406,82857.5677
2025-11-26,1309908.086,237.9682093,21361171.84,117649339390,11,697489.9152,57793961578,82859.9243
2025-11-28,1310685.237,785.4580297,71581200.38,119372891562,11,698275.3733,57865542778,82869.23038
2025-12-01,1310757.707,90.91257841,7777914.428,111931346792,11,698366.2858,57873320692,82869.57985
2025-12-02,1311396.704,640.4788491,58440662.61,119597621989,11,699006.7647,57931761355,82877.25424
2025-12-03,1311231.36,-160.6700609,-14881156.29,121953887187,11,698846.0946,57916880199,82875.01446
2025-12-04,1309120.118,-2112.551647,-194700244.1,120671455005,11,696733.543,57722179955,82846.8509
2025-12-05,1309728.997,614.3508725,54986224.48,117103825684,11,697347.8939,57777166179,82852.71482
2025-12-08,1309048.385,-667.2696916,-60389133.3,118487643565,11,696680.6242,57716777046,82845.38861
2025-12-09,1310684.357,1638.883265,152654831.9,122122201230,11,698319.5074,57869431878,82869.56223
2025-12-10,1313077.017,2397.371646,223973248.8,122404380052,11,700716.8791,58093405126,82905.67398
2025-12-11,1312237.952,-833.1866946,-76160771.32,119902361067,11,699883.6924,58017244355,82895.55106
2025-12-12,1312776.786,544.4969454,49064974.7,118259303701,11,700428.1893,58066309330,82901.15991
2025-12-15,1308613.547,-4145.378544,-355773020.2,112257809596,11,696282.8108,57710536310,82883.75846
2025-12-16,1305446.365,-3164.127163,-277098519.4,114268638467,11,693118.6836,57433437790,82862.34255
2025-12-17,1310779.277,5339.357261,458893177.9,112563396418,11,698458.0409,57892330968,82885.91093
2025-12-18,1308879.482,-1892.7053,-160756846.6,111032374201,11,696565.3356,57731574122,82880.34327
2025-12-19,1307075.209,-1801.169914,-158350320.8,114858062574,11,694764.1657,57573223801,82867.29029
2025-12-22,1305448.726,-1612.31428,-141998184.7,114985922932,11,693151.8514,57431225616,82855.18606
2025-12-23,1303292.289,-2151.331166,-188752829.3,114287939334,11,691000.5202,57242472787,82839.98508
2025-12-24,1301283.8,-2003.460863,-175238278.5,113825018530,11,688997.0594,57067234508,82826.52841
2025-12-26,1298119.624,-3155.076082,-276046822.4,113519505108,11,685841.9833,56791187686,82805.06162
2025-12-29,1297884.313,-220.9000803,-19264724.36,113077598152,11,685621.0832,56771922961,82803.64235
2025-12-30,1301910.926,4030.042651,354592949,114436467185,11,689651.1258,57126515910,82833.9341
2025-12-31,1297918.111,-3986.609705,-347914879.8,113280954886,11,685664.5161,56778601031,82808.13677
2026-01-02,1303134.472,5244.903523,470972358.3,116942039076,11,690909.4197,57249573389,82861.18521
2026-01-05,1310496.617,7404.510967,698478916.2,123515941597,11,698313.9306,57948052305,82982.81011
2026-01-06,1307876.688,-2599.203656,-239920711,120839222799,11,695714.727,57708131594,82947.98048
2026-01-07,1302524.467,-5332.839186,-484854712.1,118355482224,11,690381.8878,57223276882,82886.41098
2026-01-08,1298110.297,-4397.099293,-398418851.4,117634571063,11,685984.7885,56824858031,82836.90686
2026-01-09,1295324.344,-2769.069313,-249988793.2,116851521160,11,683215.7192,56574869237,82806.74412
2026-01-12,1296559.107,1283.434192,117140584.8,118644277909,11,684499.1534,56692009822,82822.61496
2026-01-13,1304456.172,7916.682246,746783273.7,122990250391,11,692415.8356,57438793096,82954.18756
2026-01-14,1313069.849,8627.709381,841409849.6,128017419929,11,701043.545,58280202945,83133.49914
2026-01-15,1314105.605,1053.759838,100621470.1,125169726863,11,702097.3048,58380824415,83152.04176
2026-01-16,1309952.532,-4136.372494,-393183801.6,124520719041,11,697960.9323,57987640614,83081.49916
2026-01-20,1304489.524,-5390.877575,-482086266,116721417449,11,692570.0548,57505554348,83032.11199
2026-01-21,1296564.617,-7908.896651,-710469413.7,116462246436,11,684661.1581,56795084934,82953.56653
2026-01-22,1296188.542,-359.2899795,-32179306.36,115980187706,11,684301.8681,56762905628,82950.09596
2026-01-23,1295016.369,-1155.990085,-103549745.5,115909837079,11,683145.8781,56659355882,82938.88275
2026-01-26,1295044.169,78.74803528,6873760.566,113530107613,11,683224.6261,56666229643,82939.38403
2026-01-27,1293372.176,-1657.798388,-147299149.6,114958021175,11,681566.8277,56518930493,82925.00192
2026-01-28,1293138.278,-218.587985,-19520022.03,115339767546,11,681348.2397,56499410471,82922.95654
2026-01-29,1283386.92,-9725.164865,-815737785.3,107646291567,11,671623.0749,55683672686,82909.11193
2026-01-30,1277284.641,-6086.504981,-509814814.7,106952795429,11,665536.5699,55173857871,82901.31657
2026-02-02,1284392.45,7168.080952,560461353.6,100377975681,11,672704.6508,55734319225,82851.09841
2026-02-03,1280786.305,-3583.113308,-271599131.1,96948038620,11,669121.5375,55462720094,82888.85798
2026-02-04,1273339.304,-7424.910967,-545446578,93506302164,11,661696.6266,54917273516,82994.64031
2026-02-05,1266479.608,-6809.24807,-434272270.1,80817763941,11,654887.3785,54483001245,83194.45913
2026-02-06,1271737.836,5270.370881,370997031.1,89435874442,11,660157.7494,54853998277,83092.25837
2026-02-09,1273744.245,2052.844103,145068690.2,90053670125,11,662210.5935,54999066967,83053.74077
2026-02-10,1276150.685,2423.53667,166740545.9,87755388247,11,664634.1301,55165807513,83001.76746
2026-02-11,1272025.983,-4108.696481,-277003711.8,85753397003,11,660525.4337,54888803801,83098.69841
2026-02-12,1265758.141,-6249.42238,-409076608.7,82876711076,11,654276.0113,54479727192,83267.19344
2026-02-13,1265967.081,220.9270229,15184970.08,87043413038,11,654496.9383,54494912162,83262.28737
2026-02-17,1264347.141,-1550.27356,-104848474.2,85524921149,11,652946.6647,54390063688,83299.39737
2026-02-18,1262326.502,-2009.824785,-133229464.1,83636359668,11,650936.84,54256834224,83351.91818
2026-02-19,1259837.754,-2473.96288,-165686410.6,84372782379,11,648462.8771,54091147813,83414.40925
2026-02-20,1261120.155,1299.920384,87958813.94,85316940883,11,649762.7975,54179106627,83382.90041
2026-02-23,1257895.509,-3170.175244,-203469805.2,80753732101,11,646592.6222,53975636822,83477.03789
2026-02-24,1261889.448,4007.247721,258307667.8,81315234159,11,650599.8699,54233944490,83359.90675
2026-02-25,1269228.615,7353.537743,507562258.2,87601035593,11,657953.4077,54741506748,83199.67054
2026-02-26,1272983.635,3766.782006,254462946.3,85955112826,11,661720.1897,54995969694,83110.61163
2026-02-27,1272544.804,-419.4935877,-27499271.33,83413005548,11,661300.6961,54968470423,83121.74892
2026-03-02,1279148.752,6642.120388,458807258.8,88352688006,11,667942.8165,55427277682,82982.07019
2026-03-03,1282430.348,3292.505718,225070726.7,87600068352,11,671235.3222,55652348409,82910.33944
2026-03-04,1288714.056,6300.786571,462583732.5,94586294332,11,677536.1088,56114932141,82822.05393
2026-03-05,1285490.572,-3209.112105,-228315862,91455878486,11,674326.9967,55886616279,82877.61955
2026-03-06,1280348.337,-5125.113033,-348598837.4,87086730969,11,669201.8836,55538017442,82991.42426
2026-03-09,1282732.694,2430.79466,167374586.4,88339025892,11,671632.6783,55705392028,82940.26456
2026-03-10,1286242.989,3527.68468,246964843.5,90043780978,11,675160.363,55952356872,82872.69209
2026-03-11,1287856.301,1633.076188,115274734.7,90910364800,11,676793.4392,56067631606,82843.04835
2026-03-12,1288605.831,767.6644724,53854642.2,90471743713,11,677561.1036,56121486249,82828.67176
2026-03-13,1291126.295,2535.219582,180359425.5,91848588822,11,680096.3232,56301845674,82785.10522
2026-03-16,1293766.884,2684.329499,198805314.5,95789681677,11,682780.6527,56500650988,82750.80842
2026-03-17,1296425.635,2673.75563,199644015.8,96768413324,11,685454.4083,56700295004,82719.27981
2026-03-18,1294109.521,-2296.014641,-163435781,92097141751,11,683158.3937,56536859223,82758.05398
2026-03-19,1292805.552,-1286.134663,-90400753.87,90849806813,11,681872.259,56446458469,82781.57341
2026-03-20,1292044.423,-744.5150862,-52013011.51,90322489418,11,681127.744,56394445458,82795.69575
2026-03-23,1294358.445,2357.986159,167306045.6,91733407123,11,683485.7301,56561751503,82754.83893
2026-03-24,1293280.894,-1059.217739,-73561327.46,89776457335,11,682426.5124,56488190176,82775.4918
2026-03-25,1293370.088,102.1175238,7255386.581,91654596715,11,682528.6299,56495445563,82773.73738
2026-03-26,1290852.268,-2497.04275,-170963295,88377972790,11,680031.5871,56324482268,82826.27356
2026-03-27,1287408.428,-3422.105948,-225276362.6,84785757107,11,676609.4812,56099205905,82912.23736
2026-03-30,1288403.271,1043.474826,69235946.92,85502795563,11,677652.956,56168441852,82886.73627
2026-03-31,1290123.879,1732.33044,117486088.1,87490582881,11,679385.2865,56285927940,82848.31753
2026-04-01,1287555.164,-2550.653666,-173809335.4,87735644140,11,676834.6328,56112118605,82903.73436
2026-04-02,1287665.968,134.7679752,9028415.714,86249832590,11,676969.4008,56121147020,82900.56678
2026-04-06,1294371.757,6782.500799,473121874.5,90285401509,11,683751.9016,56594268895,82770.18135
2026-04-07,1292063.395,-2283.994564,-156943199.9,88720426781,12,681467.907,56437325695,82817.29061
2026-04-08,1290353.68,-1689.084182,-120341884.1,91928149526,12,679778.8228,56316983811,82846.04039
2026-04-09,1295164.962,4830.625079,347766480.4,93266943019,12,684609.4479,56664750291,82769.45412
2026-04-10,1298496.614,3350.923611,244969762,94952206535,12,687960.3715,56909720053,82722.38113
2026-04-13,1294604.409,-3829.077389,-279434572.7,94452607850,12,684131.2941,56630285480,82776.92596
2026-04-14,1299978.073,5394.237704,400548151.7,96536669953,12,689525.5318,57030833632,82710.25654
2026-04-15,1302245.281,2288.950721,171215545,97501949944,12,691814.4826,57202049177,82684.08745
2026-04-16,1302455.192,229.7748121,17212752.57,97844310124,12,692044.2574,57219261930,82681.50674
2026-04-17,1310876.725,8438.214451,652491634.3,101378024496,12,700482.4718,57871753564,82616.99028
2026-04-20,1314008.958,3199.845568,244150620.9,100270427538,12,703682.3174,58115904185,82588.26853
2026-04-21,1314062.94,76.37358762,5759077.685,99060660772,12,703758.691,58121663263,82587.48916
2026-04-22,1318227.459,4180.543923,329880376.2,104010701809,12,707939.2349,58451543639,82565.76378
2026-04-23,1321017.148,2812.893435,218737136.9,102722224916,12,710752.1283,58670280776,82546.75355
2026-04-24,1321096.64,102.4048341,7946347.827,102554964918,12,710854.5332,58678227123,82546.04056
2026-04-27,1317801.561,-3232.244372,-248158763.2,101163780491,12,707622.2888,58430068360,82572.39672
2026-04-28,1316660.351,-1117.23543,-85092073.76,100323948351,12,706505.0534,58344976286,82582.53215
2026-04-29,1314730.487,-1906.415759,-143838325.9,99195888623,12,704598.6376,58201137961,82601.83153
2026-04-30,1315075.656,366.3781998,27995128.53,100473725077,12,704965.0158,58229133089,82598.61381
2026-05-01,1323101.404,8042.620374,630610648.1,103727393499,12,713007.6362,58859743737,82551.35114
2026-05-04,1329726.938,6687.006281,534905470.2,106376022607,12,719694.6425,59394649207,82527.56892
2026-05-05,1335514.699,5805.679342,473451348.1,108919708315,12,725500.3218,59868100556,82519.74363
2026-05-06,1336123.523,630.6259237,51254710.04,108705411748,12,726130.9477,59919355266,82518.66341
2026-05-07,1332715.736,-3386.080204,-271147545.7,106719552893,12,722744.8675,59648207720,82530.10212
2026-05-08,1330862.919,-1828.928634,-146425599.2,106561986964,12,720915.9389,59501782121,82536.36646
2026-05-11,1330994.247,191.8919058,15718479.32,109018859733,12,721107.8308,59517500600,82536.20063
2026-05-12,1328066.221,-2905.89128,-234670503.5,107249150032,12,718201.9395,59282830096,82543.40017
2026-05-13,1320167.393,-7876.620854,-626067753.4,104956385727,12,710325.3187,58656762343,82577.32169
2026-05-14,1321737.081,1588.783348,129496427.6,107702951565,12,711914.102,58786258771,82574.93229
2026-05-15,1318102.031,-3612.358629,-285688740.6,104242200815,12,708301.7434,58500570030,82592.72348
2026-05-18,1309758.893,-8276.122879,-634482162,100450683559,12,700025.6205,57866087868,82662.81429
2026-05-19,1305486.563,-4251.472984,-326528839.7,100261935719,12,695774.1475,57539559028,82698.61597
2026-05-20,1304604.129,-862.5662624,-66805975.14,101073798466,12,694911.5813,57472753053,82705.13056
2026-05-21,1303341.32,-1241.870099,-96241429.33,101034646658,12,693669.7112,57376511624,82714.4543
2026-05-22,1301991.236,-1327.208927,-100844870.5,98886882489,12,692342.5022,57275666753,82727.35903
2026-05-26,1297744.896,-4160.024544,-315427785.1,98395747683,12,688182.4777,56960238968,82769.09223
2026-05-27,1287923.487,-9798.209717,-733726126,96445219686,12,678384.268,56226512842,82882.98461
2026-05-28,1284915.131,-2983.809685,-218888543.8,94259990597,12,675400.4583,56007624298,82925.06114
2026-05-29,1283316.963,-1574.751545,-115569720.9,94184197060,12,673825.7067,55892054577,82947.3468
2026-06-01,1276568.302,-6681.089802,-477117843.2,91185480301,12,667144.6169,55414936734,83062.85523
2026-06-02,1268624.604,-7909.76416,-530083261.6,85019426022,12,659234.8528,54884853473,83255.38803
2026-06-03,1262599.339,-6000.487665,-394044487.9,82858592713,12,653234.3651,54490808985,83416.93563
2026-06-04,1262525.774,-46.04469717,-2943002.783,80413987572,12,653188.3204,54487865982,83418.31028
2026-06-05,1257064.597,-5437.349185,-325025728.8,75121038515,12,647750.9712,54162840253,83616.76425
2026-06-08,1255675.497,-1330.41687,-84353504.4,79641752083,12,646420.5544,54078486749,83658.36511
2026-06-09,1254461.668,-1193.353798,-73748945.15,77590656953,12,645227.2006,54004737804,83698.79285
2026-06-10,1251040.114,-3399.685003,-210196809.1,77333293457,12,641827.5156,53794540995,83814.63819
2026-06-11,1250690.734,-329.2273777,-20941616.91,79506171530,12,641498.2882,53773599378,83825.00837
2026-06-12,1252081.571,1409.96826,89734396.59,79668534242,12,642908.2564,53863333774,83780.74669
2026-06-15,1251087.424,-935.0025646,-62213804.98,83357515979,12,641973.2539,53801119969,83805.85896
2026-06-16,1251249.864,186.0747194,12202355.36,82080431133,12,642159.3286,53813322325,83800.5771
2026-06-17,1249955.298,-1274.976973,-82318204.16,80718467139,12,640884.3516,53731004121,83838.84547
2026-06-18,1248376.771,-1552.37173,-97360164.54,78331419677,12,639331.9799,53633643956,83890.13164
2026-06-22,1247447.218,-853.8263206,-54940925.82,80236187456,12,638478.1536,53578703030,83916.26672
2026-06-23,1245423.723,-1999.154417,-124448463.7,77548745919,12,636478.9992,53454254567,83984.31785
2026-06-24,1237652.551,-7745.695428,-462212475,73876962045,12,628733.3037,52992042092,84283.81601
2026-06-25,1225902.031,-11731.53777,-694669492.2,72589237589,12,617001.766,52297372599,84760.49095
2026-06-26,1218509.453,-7373.111537,-440907011.2,72841278462,12,609628.6544,51856465588,85062.38218
2026-06-29,1214673.016,-3776.889159,-227518642,73202625483,12,605851.7653,51628946946,85217.1272
2026-06-30,1210908.586,-3739.862877,-219126566.1,70978391141,12,602111.9024,51409820380,85382.50145
2026-07-01,1205529.593,-5361.55151,-322341747,72461947321,12,596750.3509,51087478633,85609.4656
2026-07-02,1209204.794,3692.853336,227233895.7,74373873347,12,600443.2042,51314712529,85461.3928
2026-07-06,1213350.906,4228.57452,269493062.9,77320578522,12,604671.7787,51584205592,85309.43134
2026-07-07,1213720.875,393.1842336,25016609.74,77266825109,12,605064.963,51609222201,85295.34077
2026-07-08,1212391.117,-1306.937638,-81211714.68,75345237262,12,603758.0253,51528010487,85345.46677
2026-07-09,1210884.1,-1485.645706,-93886769.02,76515336837,12,602272.3796,51434123718,85400.10377
2026-07-10,1212338.198,1475.363998,94218945.32,77428626399,12,603747.7436,51528342663,85347.47038
2026-07-13,1205613.469,-6657.344423,-412914295.6,74810839100,12,597090.3992,51115428367,85607.52013
2026-07-14,1208343.035,2748.249165,177354717.4,77979244962,12,599838.6484,51292783085,85510.96737
2026-07-15,1210039.22,1720.441382,111583470.1,78487849889,12,601559.0897,51404366555,85451.89896
2026-07-16,1211311.678,1297.000924,83242887.4,77747456389,12,602856.0907,51487609442,85406.13629
2026-07-17,1213413.237,2121.984687,135971588.9,77763147349,12,604978.0753,51623581031,85331.32544
2026-07-20,1216905.29,3555.416433,231410058.9,79197126665,12,608533.4918,51854991090,85213.0438
2026-07-21,1220003.371,3118.80632,206977877.7,80972907344,12,611652.2981,52061968968,85116.93511
2026-07-22,1221028.161,1048.421115,69026173.79,80393194224,12,612700.7192,52130995142,85083.94638
2026-07-23,1217509.253,-3495.30655,-226345545.5,78851537963,12,609205.4127,51904649596,85200.57195
2026-07-24,1213801.471,-3685.24283,-236373053.2,77858376872,12,605520.1698,51668276543,85328.74563
2026-07-27,1213733.695,-3.769771886,-243697.5469,78757300096,12,605516.4001,51668032845,85328.8744
2026-07-28,1212986.332,-723.0665043,-46041012.59,77283840403,12,604793.3336,51621991833,85354.7633
2026-07-29,1213525.915,560.4880036,35833217.29,77524950670,12,605353.8216,51657825050,85334.92845
2026-07-30,1217044.103,3543.584744,229462868.4,78806918134,12,608897.4063,51887287919,85215.15674
2026-07-31,1212863.282,-4160.252236,-261872263.8,76345088534,12,604737.1541,51625415655,85368.35435
2026-08-03,1215637.826,2843.378294,181625508.7,77637684742,12,607580.5324,51807041163,85267.7767
2026-08-04,1218910.549,3293.426778,211655524.2,78319736317,12,610873.9591,52018696688,85154.54933
2026-08-05,1222678.817,3788.582961,245643263.3,79267702160,12,614662.5421,52264339951,85029.3232
2026-08-06,1224619.735,1964.455248,126454425.2,78832656553,12,616626.9974,52390794376,84963.51052
2026-08-07,1226227.082,1628.952112,105673301.9,79555640403,12,618255.9495,52496467678,84910.57421
2026-08-10,1224080.767,-2087.649066,-133425763.7,78236858325,12,616168.3004,52363041914,84981.7199
2026-08-11,1224240.09,181.6718242,11501021.26,77537925384,12,616349.9722,52374542936,84975.33106
2026-08-12,1223311.764,-906.4629605,-57389398.82,77453603435,12,615443.5093,52317153537,85007.23909
2026-08-13,1221168.256,-2121.489201,-134399516.3,77349165441,12,613322.0201,52182754020,85082.14659
2026-08-14,1220308.246,-837.556117,-52623358.39,76686973082,12,612484.4639,52130130662,85112.57629
2026-08-17,1224868.362,4623.442658,297314540.7,78756305438,12,617107.9066,52427445203,84956.69014
2026-08-18,1227829.424,2985.324274,193070636.7,79394512014,12,620093.2309,52620515839,84859.03929
2026-08-19,1235273.595,7461.051104,509752476.7,84405424111,12,627554.282,53130268316,84662.42657
2026-08-20,1243668.336,8412.65355,610464705.3,90261103969,12,635966.9355,53740733021,84502.40102
2026-08-21,1247585.538,3937.982928,303607378.3,96173479871,12,639904.9185,54044340400,84456.8292
2026-08-24,1251974.021,4438.749771,349897560.9,98677661942,12,644343.6682,54394237961,84418.05304
2026-08-25,1255926.365,3981.848547,314436804.7,99174652612,12,648325.5168,54708674765,84384.57742
2026-08-26,1258877.768,2973.260276,233200673.3,98743584038,12,651298.7771,54941875439,84357.40612
2026-08-27,1261853.896,2998.861178,240239944.3,101044797962,12,654297.6382,55182115383,84337.94065
2026-08-28,1259174.146,-2662.953045,-206651891.4,97700427055,12,651634.6852,54975463491,84365.46541
2026-08-31,1261958.557,2871.735805,226990952.3,99727516887,12,654506.421,55202454444,84342.11289
2026-09-01,1258931.306,-3003.715024,-231987092,97241200817,12,651502.706,54970467352,84374.88724
2026-09-02,1260189.015,1274.438635,98398284.51,97338726621,12,652777.1446,55068865636,84360.89727
2026-09-03,1269081.213,8933.793759,728041513,103448537907,12,661710.9384,55796907149,84322.17743
2026-09-04,1271301.656,2248.00725,179235549.4,101376720800,12,663958.9456,55976142699,84306.63231
2026-09-08,1270778.79,-456.0568991,-35781499.26,99645279158,12,663502.8887,55940361200,84310.65207
2026-09-09,1270224.121,-538.0761545,-42120482.96,99539852095,12,662964.8126,55898240717,84315.54686
2026-09-10,1265546.164,-4651.919565,-358862416.5,97617971691,12,658312.893,55539378300,84366.23206
2026-09-11,1265357.677,-162.1295765,-12516374.92,97703082433,12,658150.7634,55526861925,84367.99744
2026-09-14,1267383.38,2077.312575,164308290.4,100220878654,12,660228.076,55691170216,84351.41164
2026-09-15,1261511.869,-5874.081345,-446278959,95847289238,12,654353.9946,55244891257,84426.61267
2026-09-16,1257600.674,-3894.32195,-295070889.6,95312663353,12,650459.6727,54949820367,84478.44297
2026-09-17,1259741.728,2144.017786,164017124,96382363652,12,652603.6905,55113837491,84452.2308
2026-09-18,1265120.501,5389.104548,437330984,102671351382,12,657992.795,55551168475,84425.19264
2026-09-21,1276077.666,11013.05969,951027156.6,110217758694,12,669005.8547,56502195632,84456.95241
2026-09-22,1283244.178,7183.093913,620778601.4,110857887504,12,676188.9486,57122974233,84477.82879
2026-09-23,1287012.818,3785.234211,319474828,108638117525,12,679974.1828,57442449061,84477.3971
2026-09-24,1289187.706,2194.729732,185404409.1,108892401970,12,682168.9126,57627853470,84477.39615
2026-09-25,1290722.854,1659.965294,139403116.1,108399162167,12,683828.8779,57767256586,84476.18762
2026-09-28,1291180.527,546.5124951,45663434.64,107806576992,12,684375.3904,57812920021,84475.45139
2026-09-29,1292015.115,851.3653005,71138034.66,107960436442,12,685226.7557,57884058055,84474.31099
2026-09-30,1292705.475,-1717.429282,-143762288,107988269907,12,683509.3264,57740295768,84476.23688
2026-10-01,1294202.768,1943.963397,164121499.6,109409499838,12,685453.2898,57904417267,84476.09506
2026-10-02,1294961.817,1839.362162,154594635.2,108920289084,12,687292.6519,58059011902,84474.94926
2026-10-05,1294728.985,-229.0536912,-19691834.9,110868857993,12,687063.5982,58039320067,84474.45071
2026-10-06,1294722.031,0,0,110662648967,12,687063.5982,58039320067,84474.45071
