accession,counts
0000930413-24-001178,"[3.125, 6.25, 1640.92489329, 19000.0, 120000.0]"
0000930413-24-001788,"[1640.92, 5947470.0, 530070682.0]"
0000930413-24-002308,"[1640.92, 9024452.0, 663366610.0]"
0000930413-24-003119,"[1640.92, 13521354.0, 888102978.0]"
0000930413-25-000995,"[3.125, 1640.92, 19000.0, 120000.0, 1145131271.0]"
0000930413-25-001795,"[1640.92, 5947470.0, 141284030.0, 1145131271.0, 1184241939.0, 1280450332.0]"
0000930413-25-002440,"[1640.92, 9024452.0, 340226892.0, 1145131271.0, 1280450332.0, 1679361166.0]"
0000930413-25-003438,"[1640.92, 19000.0, 120000.0, 13521354.0, 659825469.0, 1145131271.0, 1280450332.0, 2039322369.0]"
0000930413-26-000746,"[3.125, 1640.92, 19000.0, 120000.0, 34414287.0, 776285158.0, 1145131271.0, 1280450332.0, 1382273990.0]"
0000930413-26-001608,"[21138420.0, 190285770.0, 776285158.0, 1158283647.0, 1280450332.0, 1382273990.0]"
0000930413-26-002505,"[557990.0, 33546724.0, 254934826.0, 776285158.0, 958827545.0, 1280450332.0, 1382273990.0]"
0000950170-24-028251,"[6.25, 10.4, 12.5, 19000.0, 120000.0, 850000.0]"
0000950170-24-034695,"[3.125, 6.25]"
0000950170-24-037294,"[1e-08, 6.25]"
0000950170-24-056545,[]
0000950170-24-058601,"[31682.4133, 1621676.0]"
0000950170-24-058997,[]
0000950170-24-089612,"[1098.0, 2942.0, 3128.0, 6238.0, 26935.83753443, 61946.0, 275734.98616801, 324507.0, 345890.0, 619525.9291702, 625803.87494694, 10464263.0, 26350470.0]"
0000950170-24-092094,[]
0000950170-24-093606,[37528.2763]
0000950170-24-094562,[]
0000950170-24-102091,[26935.83753443]
0000950170-24-120123,"[7236.0, 26935.83753443, 26936.0, 33752.36277471, 443672.0, 1756821.0]"
0000950170-24-120125,"[3147.0, 3854.0, 9385.0, 26935.83753443, 26936.0, 28572.0, 221191.32658883, 374462.0, 440584.0, 619525.9291702, 622656.9899269, 10464263.0, 26350470.0]"
0000950170-24-122604,[]
0000950170-24-124134,[39435.5408]
0000950170-24-126256,[]
0000950170-25-029405,"[0.0004, 1.5625, 3.125, 4.432, 14.96, 5507.0, 16606.0, 26935.83753443, 26936.0, 38012.91129948, 100000.0, 997002.25, 1275420.0, 1756821.0]"
0000950170-25-029408,"[8.87e-05, 1.5625, 3.125, 7.9319, 145.53, 4670.0, 11074.0, 12516.0, 12768.0, 26935.83753443, 26936.0, 100000.0, 205398.85921873, 393595.0, 619525.9291702, 632041.52945742, 694811.86692579, 790709.0, 970225.0, 10464263.0, 26350470.0, 29576053.0]"
0000950170-25-029444,"[3.125, 6.25, 10.4, 19000.0, 120000.0, 850000.0]"
0000950170-25-039452,"[1.5625, 3.125]"
0000950170-25-040572,"[1e-08, 1.5625, 3.125, 6.25, 12.5, 8200.0, 10000.0, 19000.0, 40289.1335, 120000.0]"
0000950170-25-062727,"[2437.0, 5034.0, 26935.83753443, 38012.91129948, 40595.02889855, 500979.0, 1275420.0, 1756821.0, 3550034.0]"
0000950170-25-062731,"[1375.0, 1844.0, 1965.0, 13185.0, 26935.83753443, 192570.0, 193442.23018809, 205398.85921873, 283124.0, 335112.6543208, 790709.0, 19182244.0, 26350470.0]"
0000950170-25-067214,[]
0000950170-25-067926,[]
0000950170-25-068780,"[31682.4133, 38003.768, 40289.1335]"
0000950170-25-101399,"[2853.0, 3862.0, 8896.0, 26935.83753443, 38012.91129948, 44025.35564432, 877581.0, 1275420.0, 1756821.0, 3550034.0]"
0000950170-25-101400,"[1098.0, 1441.0, 1745.0, 2942.0, 3666.0, 3710.0, 5041.0, 9384.0, 22569.0, 26935.83753443, 61946.0, 185098.71230544, 205398.85921873, 275734.98616801, 345890.0, 358198.0, 790709.0, 19182244.0, 26350470.0]"
0000950170-25-105150,[]
0000950170-25-105585,[]
0001013762-25-002798,"[3.125, 19000.0, 120000.0, 5903861.0]"
0001104659-26-095885,"[14.3357415, 5059.30771216, 170827200.0, 200271624.0]"
0001140361-25-004059,"[0.00058, 29.0, 58.0, 869.5836, 4262.4171, 7624.5173, 69053710.0, 278780084.0, 341901126.0, 452356258.0]"
0001140361-25-024065,"[0.00058, 3.125, 6.25, 29.0, 58.0, 4956.3464, 19000.0, 120000.0, 2665457.0, 278015474.0, 308427127.0, 341901126.0]"
0001140361-25-030876,"[5155.3659, 5886.9982, 55501643.0, 101742929.0, 341901126.0, 411158674.0]"
0001140361-25-041932,"[550.9655, 1130.9639, 1768.8331, 3392.8311, 5789.9639, 92885565.0, 107983297.0, 148387208.0, 209726374.0, 341901126.0, 373054955.0, 411158674.0, 559666521.0]"
0001140361-26-005787,"[289.3033, 347.1368, 347.8288, 869.5836, 926.2185, 1478.794, 1707.8385, 4262.4171, 5727.6529, 19000.0, 120000.0, 28966925.0, 69053710.0, 177354133.0, 278780084.0, 341901126.0, 411158674.0, 452356258.0, 661347104.0]"
0001140361-26-026744,"[3.125, 1215.3949, 2576.5193, 4433.6498, 4552.1726, 6302.8336, 19000.0, 120000.0, 246355289.0, 308427127.0, 341901126.0, 411158674.0]"
0001140361-26-033208,"[86.6972, 722.4968, 5155.3659, 5664.0163, 5799402.0, 55501643.0, 411158674.0, 429409784.0]"
0001193125-20-080084,"[6.25, 12.5, 14.3, 192.08, 3469.0, 3843.0, 4641.0, 7213.0, 13340.23, 19000.0, 32281.0, 50000.0, 61555.82798061, 61556.0, 100000.0, 120000.0, 172324.0, 173014.0, 175839.08652196, 175878.0, 204277.35165345, 261192.14022299, 290427.07378676, 70921169.0, 166246898.0, 246150767.0, 462775143.0, 751622174.0, 2491383131.0]"
0001193125-20-137600,"[1030.0, 1429.0, 11154.0, 44868.0, 261192.14022299, 389529126.0, 462775143.0, 751622174.0, 1866217842.0]"
0001193125-22-053501,"[3.125, 6.25, 192.08, 4641.0, 7799.0, 12968.0, 19000.0, 50000.0, 50738.88950472, 50739.0, 61556.0, 100000.0, 120000.0, 261192.14022299, 353646.0, 462775.0, 607039.48515191, 644809.96863835, 694811.86692579, 751622.0, 960400.0, 1866218.0, 1905227.0, 4747380.0, 17716478.0]"
0001193125-22-143093,"[3172.0, 3178.0, 50739.0, 644809.96863835, 1905227.0, 17716478.0, 29576053.0]"
0001193125-22-213605,"[3192.0, 3256.0, 6364.0, 6434.0, 50739.0, 644809.96863835, 1905227.0, 17716478.0, 29576053.0]"
0001193125-22-277465,"[3210.0, 3275.0, 9574.0, 9709.0, 50739.0, 644809.96863835, 1905227.0, 17716478.0, 29576053.0]"
0001193125-23-054302,"[3.125, 6.25, 192.08, 7799.0, 12768.0, 12968.0, 19000.0, 50739.0, 100000.0, 120000.0, 353646.0, 607039.48515191, 632041.52945742, 644809.96863835, 694811.86692579, 960400.0, 1866218.0, 1905227.0, 4747380.0, 17716478.0, 29576053.0]"
0001193125-23-136622,"[3110.0, 3172.0, 628932.20027878, 632041.52945742, 641637.82510544, 10464263.0, 29576053.0]"
0001193125-23-203484,"[3128.0, 3192.0, 6238.0, 6364.0, 625803.87494694, 632041.52945742, 638446.301661, 10464263.0, 29576053.0]"
0001193125-23-269949,"[3147.0, 3210.0, 9385.0, 9574.0, 622656.9899269, 632041.52945742, 635235.84358745, 10464263.0, 29576053.0]"
0001193125-24-043678,"[3.125, 6.25, 8.9283, 8.9479, 145.53, 12516.0, 12768.0, 12968.0, 19000.0, 50739.0, 100000.0, 120000.0, 619525.9291702, 632041.52945742, 644809.96863835, 694811.86692579, 970225.0, 1905227.0, 10464263.0, 17716478.0, 29576053.0]"
0001193125-24-044319,"[0.00058, 29.0, 58.0]"
0001193125-24-130893,"[820.1561472, 1844.0, 3110.0, 79244.0, 283124.0, 335112.6543208, 619525.9291702, 628932.20027878, 10464263.0, 26350470.0]"
0001193125-24-173040,"[0.00058, 3.125, 6.25, 29.0, 58.0, 19000.0, 120000.0]"
0001193125-24-200698,"[0.00058, 29.0, 58.0, 101742929.0, 341901126.0]"
0001193125-24-255750,"[0.00058, 29.0, 58.0, 1768.8331, 3392.8311, 7103.8488, 107983297.0, 209726374.0, 341901126.0, 373054955.0]"
0001193125-25-175490,"[37528.2763, 39518.9512, 40289.1335]"
0001193125-25-266856,"[3518.0, 4393.0, 7236.0, 13289.0, 26935.83753443, 26936.0, 33752.36277471, 38012.91129948, 47736.24179635, 1275420.0, 1384510.0, 1756821.0, 3550034.0]"
0001193125-25-266861,"[1187.0, 1877.0, 2123.0, 3854.0, 4897.0, 6917.0, 9040.0, 26935.83753443, 26936.0, 28572.0, 31609.0, 176564.29142426, 205398.85921873, 221191.32658883, 374462.0, 493727.0, 790709.0, 19182244.0, 26350470.0]"
0001193125-25-270289,[]
0001193125-25-271721,[]
0001193125-25-274482,"[39435.5408, 40289.1335, 41086.7391]"
0001193125-26-071484,"[1.5625, 3.125, 19000.0, 120000.0, 129378.0, 451811.0, 9885104.0, 15575253.0, 18818357.0]"
0001193125-26-071952,"[1.5625, 3.125, 5507.0, 7846.0, 16606.0, 18375.0, 26935.83753443, 26936.0, 38012.91129948, 1275420.0, 1756821.0, 1868949.0, 3550034.0]"
0001193125-26-071956,"[8.87e-05, 1.5625, 3.125, 2767.0, 4670.0, 6306.0, 11074.0, 12516.0, 26935.83753443, 26936.0, 43347.0, 393595.0, 619525.9291702, 629441.0, 694811.86692579, 790709.0, 10464263.0, 19182244.0, 26350470.0]"
0001193125-26-083572,"[3.125, 6.25, 10.4, 19000.0, 120000.0, 850000.0]"
0001193125-26-085335,"[1e-08, 1.5625, 3.125, 6.25, 12.5, 8200.0, 10000.0, 19000.0, 38468.0468, 40289.1335, 120000.0]"
0001193125-26-206324,"[2437.0, 2774.0, 5034.0, 5991.0, 48474.93659149, 288888.0, 441297.0, 500979.0, 3550034.0, 4243952.0]"
0001193125-26-206329,"[1965.0, 2878.0, 13180.0, 13185.0, 165591.49612215, 192570.0, 224028.0, 14497437.0, 19182244.0]"
0001193125-26-208428,[]
0001193125-26-209293,"[6288.0, 6965.0, 37600.7094, 38003.768, 38468.0468]"
0001193125-26-209710,[]
0001193125-26-337679,[]
0001193125-26-338719,[]
0001193125-26-340183,"[2416.0, 5882.0, 9381.0, 12170.0, 36207.6919, 38468.0468, 39518.9512]"
0001213900-24-026067,"[3.125, 6.25, 19000.0, 120000.0]"
0001213900-24-042279,"[44667.3165, 2315842.0]"
0001213900-24-067165,"[3.125, 3191635.0]"
0001213900-24-096769,"[3.125, 4291074.0]"
0001213900-25-042727,"[47501.0671, 1693160.0, 4352648.0, 5903861.0]"
0001213900-25-075771,"[46722.8267, 875793.0, 1596416.0, 2414179.0, 3160732.0, 3191635.0, 3289625.0, 3916212.0, 4352648.0]"
0001213900-25-110782,"[44528.1082, 1099439.0, 1569376.0, 2724602.0, 2850345.0, 4291074.0, 4352648.0, 4859001.0, 5034561.0]"
0001213900-26-021831,"[3.125, 19000.0, 120000.0, 4352648.0, 5811330.0, 5903861.0]"
0001213900-26-053859,"[35246.5837, 76534.0, 150718.0, 505516.0, 1693160.0, 3305394.0, 4352648.0]"
0001213900-26-086191,"[32178.228, 908351.0, 1413921.0, 1596465.0, 2388764.0, 3289625.0, 3305394.0, 3916212.0, 4352648.0]"
0001214659-24-005564,"[6.25, 53.115, 19000.0, 120000.0]"
0001214659-24-009088,"[53.115, 1147.085551]"
0001214659-24-014735,[1290.474994]
0001214659-24-018784,[3705.4872]
0001214659-25-004851,"[3.125, 3862.489, 19000.0, 120000.0]"
0001214659-25-007853,[1840.032]
0001214659-25-011977,[1547.3227]
0001214659-25-016344,[1594.0029]
0001214659-26-003899,"[3.125, 1598.2538, 19000.0, 120000.0]"
0001214659-26-006093,[2163.126]
0001214659-26-009996,[2309.689]
0001437749-24-006339,"[3.125, 6.25, 227.9025, 19000.0, 120000.0]"
0001437749-24-015392,[100525.0]
0001437749-24-025406,"[872888.0, 1455130.0]"
0001437749-24-033812,"[786458.0, 892683.0]"
0001437749-25-006260,"[1.5625, 3.125, 227.9025, 19000.0, 120000.0, 17919200.0, 18811883.0, 103751770.0]"
0001437749-25-015168,"[19000.0, 100525.0, 120000.0, 624399288.0]"
0001437749-25-024884,"[19000.0, 120000.0, 872888.0, 1455130.0, 254383671.0, 878782959.0]"
0001437749-25-033435,"[19000.0, 120000.0, 786458.0, 892683.0, 444379757.0, 1323162716.0]"
0001437749-26-006058,"[1.5625, 3.125, 227.9025, 19000.0, 120000.0, 10929283.0, 17919200.0, 18811883.0, 103751770.0, 787481485.0, 2601442240.0]"
0001437749-26-015538,"[8440558.0, 624399288.0]"
0001437749-26-026004,"[16128077.0, 254383671.0, 878782959.0]"
0001564590-20-038402,"[1115.0, 1699.0, 2145.0, 3128.0, 12141.0, 23295.0, 83791.0, 128659.0, 261192.14022299, 462775143.0, 751622174.0, 1146919548.0, 1866217842.0]"
0001564590-20-051953,"[1196.0, 2075.0, 3342.0, 5203.0, 14418.0, 37714.0, 65143.0, 193802.0, 261192.14022299, 462775143.0, 751622174.0, 1866217842.0, 1870811646.0]"
0001564590-21-011121,"[3.125, 6.25, 192.08, 3843.0, 4641.0, 7799.0, 19000.0, 32281.0, 50000.0, 61556.0, 100000.0, 120000.0, 204277.35165345, 261192.14022299, 353645.90363431, 353646.0, 607039.48515191, 644072.97742107, 960400.0, 246150767.0, 462775143.0, 751622174.0, 1866217842.0, 2491383131.0, 4747380155.0]"
0001564590-21-025329,"[1429.0, 3178.0, 44868.0, 50739.0, 607039.48515191, 1866218.0, 1905227.0, 4747380.0, 17716478.0]"
0001564590-21-041930,"[1699.0, 3128.0, 3256.0, 6434.0, 50739.0, 83791.0, 128659.0, 607039.48515191, 1866218.0, 1905227.0, 4747380.0, 17716478.0]"
0001564590-21-054757,"[2075.0, 3275.0, 5203.0, 9709.0, 50739.0, 65143.0, 193802.0, 607039.48515191, 1866218.0, 1905227.0, 4747380.0, 17716478.0]"
0001588489-26-000005,"[1140.0, 1441.0, 1745.0, 3515.0, 3710.0, 9384.0, 16281.0, 22569.0, 29461.0, 165591.49612215, 263348.0, 358198.0, 14497437.0, 19182244.0]"
0001999371-24-004051,[6.25]
0001999371-24-006073,[3.125]
0001999371-24-009824,[]
0001999371-24-014542,[]
0001999371-25-003309,[3.125]
0001999371-25-006195,[826306338.0]
0001999371-25-011250,[]
0001999371-25-017663,[]
0001999371-26-005527,"[3.125, 6.25, 19000.0, 120000.0, 213658.0, 418343.0, 112563883.0, 505489906.0, 632012875.0, 826306338.0]"
0001999371-26-010552,"[213658.0, 17543529.0, 57447385.0, 429823599.0, 505489906.0, 826306338.0]"
0001999371-26-017701,"[318896.0, 8253016.0, 43111468.0, 60654997.0, 65700401.0, 429823599.0, 480384508.0, 505489906.0, 826306338.0]"
0002015034-26-000008,"[1535.0, 2853.0, 3863.0, 4162.0, 4309.0, 8897.0, 10153.0, 48474.93659149, 624180.0, 724711.0, 877581.0, 3550034.0, 4243952.0]"
