fund,date,nav
BITB,2024-01-10,25
BITB,2024-01-11,25.4439383
BITB,2024-01-12,23.86450426
BITB,2024-01-16,23.55939656
BITB,2024-01-17,23.26275073
BITB,2024-01-18,22.31797457
BITB,2024-01-19,22.8441218
BITB,2024-01-22,21.87246062
BITB,2024-01-23,21.39375883
BITB,2024-01-24,21.68463073
BITB,2024-01-25,21.71823837
BITB,2024-01-26,22.90723703
BITB,2024-01-29,23.49587973
BITB,2024-01-30,23.78083758
BITB,2024-01-31,23.36278079
BITB,2024-02-01,23.47610582
BITB,2024-02-02,23.44459727
BITB,2024-02-05,23.13990368
BITB,2024-02-06,23.52832204
BITB,2024-02-07,24.00761851
BITB,2024-02-08,24.78984815
BITB,2024-02-09,25.96869572
BITB,2024-02-12,27.252341
BITB,2024-02-13,26.87577583
BITB,2024-02-14,28.24512568
BITB,2024-02-15,28.27315715
BITB,2024-02-16,28.26460924
BITB,2024-02-20,28.40691405
BITB,2024-02-21,27.82579763
BITB,2024-02-22,28.23049502
BITB,2024-02-23,27.83816708
BITB,2024-02-26,29.73458961
BITB,2024-02-27,31.11721318
BITB,2024-02-28,32.91186241
BITB,2024-02-29,33.84190485
BITB,2024-03-01,34.12409319
BITB,2024-03-04,36.82102506
BITB,2024-03-05,34.04676061
BITB,2024-03-06,36.62654608
BITB,2024-03-07,36.98691347
BITB,2024-03-08,37.77645149
BITB,2024-03-11,39.49618855
BITB,2024-03-12,38.99099195
BITB,2024-03-13,39.86914618
BITB,2024-03-14,37.90878918
BITB,2024-03-15,38.02034752
BITB,2024-03-18,36.62133653
BITB,2024-03-19,35.29599713
BITB,2024-03-20,35.73506398
BITB,2024-03-21,35.57980597
BITB,2024-03-22,34.77179894
BITB,2024-03-25,38.59021368
BITB,2024-03-26,38.04337587
BITB,2024-03-27,37.4261334
BITB,2024-03-28,38.57751148
BITB,2024-04-01,37.7971527
BITB,2024-04-02,36.0080507
BITB,2024-04-03,35.92415469
BITB,2024-04-04,37.46116526
BITB,2024-04-05,36.94922192
BITB,2024-04-08,39.1512873
BITB,2024-04-09,37.54894538
BITB,2024-04-10,37.91510997
BITB,2024-04-11,38.30828464
BITB,2024-04-12,36.43432388
BITB,2024-04-15,34.44336541
BITB,2024-04-16,34.27569659
BITB,2024-04-18,34.53870913
BITB,2024-04-19,35.02922156
BITB,2024-04-22,36.17925131
BITB,2024-04-23,36.30157118
BITB,2024-04-24,35.00315079
BITB,2024-04-25,35.23651669
BITB,2024-04-26,34.8320547
BITB,2024-04-29,34.18095185
BITB,2024-04-30,32.67952147
BITB,2024-05-01,31.56575598
BITB,2024-05-02,32.2622551
BITB,2024-05-03,33.67783771
BITB,2024-05-06,34.37766529
BITB,2024-05-07,34.41140193
BITB,2024-05-08,33.9437484
BITB,2024-05-09,33.97039496
BITB,2024-05-10,33.0693408
BITB,2024-05-13,34.33905476
BITB,2024-05-14,33.52628495
BITB,2024-05-15,35.94075087
BITB,2024-05-16,35.59487771
BITB,2024-05-17,36.45648892
BITB,2024-05-20,37.80790587
BITB,2024-05-21,37.92485044
BITB,2024-05-22,37.94270917
BITB,2024-05-23,36.70455091
BITB,2024-05-24,37.57305314
BITB,2024-05-28,37.17290082
BITB,2024-05-29,36.74330352
BITB,2024-05-30,37.58257839
BITB,2024-05-31,36.78574282
BITB,2024-06-03,37.6696499
BITB,2024-06-04,38.4103018
BITB,2024-06-05,38.74927471
BITB,2024-06-06,38.59587296
BITB,2024-06-07,37.652433
BITB,2024-06-10,37.95499927
BITB,2024-06-11,36.66466293
BITB,2024-06-12,37.28646561
BITB,2024-06-13,36.35433079
BITB,2024-06-14,35.66020751
BITB,2024-06-17,36.38993975
BITB,2024-06-18,35.10001123
BITB,2024-06-20,35.40092926
BITB,2024-06-21,34.90506525
BITB,2024-06-24,32.67745344
BITB,2024-06-25,33.77054241
BITB,2024-06-26,33.14282124
BITB,2024-06-27,33.51348197
BITB,2024-06-28,32.88084712
BITB,2024-07-01,34.50183055
BITB,2024-07-02,33.78557979
BITB,2024-07-03,32.64940471
BITB,2024-07-05,30.8109841
BITB,2024-07-08,30.69216219
BITB,2024-07-09,31.49031195
BITB,2024-07-10,31.31666327
BITB,2024-07-11,31.37537522
BITB,2024-07-12,31.57262707
BITB,2024-07-15,34.64741934
BITB,2024-07-16,35.39124013
BITB,2024-07-17,35.22485083
BITB,2024-07-18,34.61363555
BITB,2024-07-19,36.59626521
BITB,2024-07-22,36.97148242
BITB,2024-07-23,35.87574322
BITB,2024-07-24,35.90144901
BITB,2024-07-25,35.27993315
BITB,2024-07-26,36.95643783
BITB,2024-07-29,36.72966146
BITB,2024-07-30,35.84177188
BITB,2024-07-31,35.88601616
BITB,2024-08-01,34.4470152
BITB,2024-08-02,34.16049855
BITB,2024-08-05,28.95059327
BITB,2024-08-06,30.88532293
BITB,2024-08-07,29.93026835
BITB,2024-08-08,32.5215639
BITB,2024-08-09,32.98297331
BITB,2024-08-12,32.18475055
BITB,2024-08-13,33.08132716
BITB,2024-08-14,32.11835818
BITB,2024-08-15,31.17319761
BITB,2024-08-16,32.53078898
BITB,2024-08-19,32.15090473
BITB,2024-08-20,32.3630631
BITB,2024-08-21,33.32331538
BITB,2024-08-22,32.85521227
BITB,2024-08-23,34.64010084
BITB,2024-08-26,34.60191487
BITB,2024-08-27,33.81398815
BITB,2024-08-28,32.32796924
BITB,2024-08-29,32.34273933
BITB,2024-08-30,32.10973482
BITB,2024-09-03,31.60069889
BITB,2024-09-04,31.52834553
BITB,2024-09-05,30.61372219
BITB,2024-09-06,29.18862688
BITB,2024-09-09,30.96925579
BITB,2024-09-10,31.43136206
BITB,2024-09-11,31.35087518
BITB,2024-09-12,31.76319258
BITB,2024-09-13,32.62174146
BITB,2024-09-16,31.55559748
BITB,2024-09-17,32.86433962
BITB,2024-09-18,32.88738977
BITB,2024-09-19,34.54929859
BITB,2024-09-20,34.27789468
BITB,2024-09-23,34.5362174
BITB,2024-09-24,34.81303039
BITB,2024-09-25,34.48128916
BITB,2024-09-26,35.47981201
BITB,2024-09-27,35.84826946
BITB,2024-09-30,34.54354825
BITB,2024-10-01,33.70753901
BITB,2024-10-02,32.88441302
BITB,2024-10-03,33.11311819
BITB,2024-10-04,33.9676648
BITB,2024-10-07,34.4581466
BITB,2024-10-08,33.82810013
BITB,2024-10-09,33.23337373
BITB,2024-10-10,32.40689465
BITB,2024-10-11,34.34239563
BITB,2024-10-14,35.91258478
BITB,2024-10-15,36.39107105
BITB,2024-10-16,36.9305167
BITB,2024-10-17,36.43872857
BITB,2024-10-18,37.45582971
BITB,2024-10-21,36.80602725
BITB,2024-10-22,36.7494109
BITB,2024-10-23,36.01835735
BITB,2024-10-24,37.03479144
BITB,2024-10-25,36.40127319
BITB,2024-10-28,37.9151954
BITB,2024-10-29,39.76602772
BITB,2024-10-30,39.1660458
BITB,2024-10-31,38.35041917
BITB,2024-11-01,37.61535159
BITB,2024-11-04,36.79112016
BITB,2024-11-05,37.81236091
BITB,2024-11-06,41.36058311
BITB,2024-11-07,41.75820798
BITB,2024-11-08,41.81595487
BITB,2024-11-11,47.40399136
BITB,2024-11-12,48.7714422
BITB,2024-11-13,49.33250076
BITB,2024-11-14,48.07705225
BITB,2024-11-15,49.5673942
BITB,2024-11-18,49.72835133
BITB,2024-11-19,50.7247273
BITB,2024-11-20,51.3644298
BITB,2024-11-21,53.54665429
BITB,2024-11-22,54.1161
BITB,2024-11-25,51.69923121
BITB,2024-11-26,49.73418573
BITB,2024-11-27,52.8014291
BITB,2024-11-29,53.08850652
BITB,2024-12-02,52.25051679
BITB,2024-12-03,52.02763564
BITB,2024-12-04,53.67350553
BITB,2024-12-05,53.77630852
BITB,2024-12-06,55.43310306
BITB,2024-12-09,52.70195299
BITB,2024-12-10,52.42302963
BITB,2024-12-11,55.25855591
BITB,2024-12-12,54.37935002
BITB,2024-12-13,55.34576
BITB,2024-12-16,57.86395969
BITB,2024-12-17,58.00223458
BITB,2024-12-18,55.18786667
BITB,2024-12-19,52.53951922
BITB,2024-12-20,52.73808175
BITB,2024-12-23,50.52406189
BITB,2024-12-24,53.14750522
BITB,2024-12-26,52.02830414
BITB,2024-12-27,51.39675642
BITB,2024-12-30,51.43173693
BITB,2024-12-31,51.03554616
BITB,2025-01-02,53.08572491
BITB,2025-01-03,53.61968029
BITB,2025-01-06,55.6144087
BITB,2025-01-07,52.46542146
BITB,2025-01-08,51.20077696
BITB,2025-01-10,51.69881079
BITB,2025-01-13,50.38406595
BITB,2025-01-14,52.5427336
BITB,2025-01-15,54.47762549
BITB,2025-01-16,54.70654115
BITB,2025-01-17,57.32053281
BITB,2025-01-21,58.03975827
BITB,2025-01-22,56.84169144
BITB,2025-01-23,56.95611963
BITB,2025-01-24,57.34146327
BITB,2025-01-27,54.6731977
BITB,2025-01-28,55.50105815
BITB,2025-01-29,56.60099885
BITB,2025-01-30,57.43872259
BITB,2025-01-31,55.47807431
BITB,2025-02-03,55.36649052
BITB,2025-02-04,53.71262024
BITB,2025-02-05,53.09140283
BITB,2025-02-06,52.53143939
BITB,2025-02-07,52.36537884
BITB,2025-02-10,53.01937053
BITB,2025-02-11,51.79592854
BITB,2025-02-12,52.93186606
BITB,2025-02-13,52.29987927
BITB,2025-02-14,53.28710632
BITB,2025-02-18,51.20534626
BITB,2025-02-19,52.43288154
BITB,2025-02-20,53.65056752
BITB,2025-02-21,51.81098719
BITB,2025-02-24,51.30967113
BITB,2025-02-25,47.99095829
BITB,2025-02-26,45.49522368
BITB,2025-02-27,45.25441578
BITB,2025-02-28,45.74307668
BITB,2025-03-03,46.669317
BITB,2025-03-04,47.92052
BITB,2025-03-05,49.05393941
BITB,2025-03-06,48.43725426
BITB,2025-03-07,47.70371497
BITB,2025-03-10,42.73194014
BITB,2025-03-11,45.26881773
BITB,2025-03-12,45.06132522
BITB,2025-03-13,43.81044593
BITB,2025-03-14,46.08053349
BITB,2025-03-17,45.99432282
BITB,2025-03-18,44.63392991
BITB,2025-03-19,46.48822542
BITB,2025-03-20,45.79350018
BITB,2025-03-21,45.70233857
BITB,2025-03-24,48.06342722
BITB,2025-03-25,47.92162612
BITB,2025-03-26,46.96399884
BITB,2025-03-27,47.4960023
BITB,2025-03-28,45.54699911
BITB,2025-03-31,45.16043845
BITB,2025-04-01,46.27443157
BITB,2025-04-02,47.01954132
BITB,2025-04-03,44.63872205
BITB,2025-04-04,45.77062723
BITB,2025-04-07,42.65908972
BITB,2025-04-08,41.75960561
BITB,2025-04-09,44.74896226
BITB,2025-04-10,43.27667754
BITB,2025-04-11,45.59468153
BITB,2025-04-14,46.27001194
BITB,2025-04-15,45.74943154
BITB,2025-04-16,45.76
BITB,2025-04-17,46.15
BITB,2025-04-21,47.45
BITB,2025-04-22,49.81
BITB,2025-04-23,50.82
BITB,2025-04-24,50.89
BITB,2025-04-25,51.8
BITB,2025-04-28,51.55
BITB,2025-04-29,51.89
BITB,2025-04-30,51.15
BITB,2025-05-01,52.58
BITB,2025-05-02,52.81
BITB,2025-05-05,51.49
BITB,2025-05-06,51.73
BITB,2025-05-07,52.38
BITB,2025-05-08,55.071082
BITB,2025-05-09,56.109675
BITB,2025-05-12,55.395497
BITB,2025-05-13,56.906899
BITB,2025-05-14,56.326203
BITB,2025-05-15,56.059015
BITB,2025-05-16,56.477003
BITB,2025-05-19,57.225258
BITB,2025-05-20,57.837622
BITB,2025-05-21,58.549706
BITB,2025-05-22,60.702187
BITB,2025-05-23,59.276188
BITB,2025-05-27,59.751497
BITB,2025-05-28,58.457258
BITB,2025-05-29,57.599511
BITB,2025-05-30,56.99084
BITB,2025-06-02,56.785517
BITB,2025-06-03,57.830765
BITB,2025-06-04,57.135342
BITB,2025-06-05,55.657738
BITB,2025-06-06,56.80844
BITB,2025-06-09,59.094491
BITB,2025-06-10,59.727093
BITB,2025-06-11,59.190094
BITB,2025-06-12,58.508342
BITB,2025-06-13,57.22568
BITB,2025-06-16,57.22568
BITB,2025-06-17,57.109468
BITB,2025-06-18,56.600779
BITB,2025-06-20,56.164118
BITB,2025-06-23,56.02526
BITB,2025-06-24,57.405233
BITB,2025-06-25,58.619773
BITB,2025-06-26,58.510481
BITB,2025-06-27,58.133698
BITB,2025-06-30,58.468119
BITB,2025-07-01,57.446055
BITB,2025-07-02,59.578834
BITB,2025-07-03,59.737566
BITB,2025-07-07,58.842615
BITB,2025-07-08,59.253557
BITB,2025-07-09,60.140148
BITB,2025-07-10,61.720171
BITB,2025-07-11,64.135851
BITB,2025-07-14,65.182901
BITB,2025-07-15,63.501257
BITB,2025-07-16,64.865313
BITB,2025-07-17,65.071848
BITB,2025-07-18,63.951774
BITB,2025-07-21,63.700668
BITB,2025-07-22,65.025248
BITB,2025-07-23,64.410883
BITB,2025-07-24,64.837775
BITB,2025-07-25,63.509471
BITB,2025-07-28,64.160263
BITB,2025-07-29,63.944372
BITB,2025-07-30,63.318267
BITB,2025-07-31,63.709374
BITB,2025-08-01,61.724916
BITB,2025-08-04,62.476017
BITB,2025-08-05,61.794328
BITB,2025-08-06,62.748631
BITB,2025-08-07,63.575181
BITB,2025-08-08,63.383515
BITB,2025-08-11,64.913407
BITB,2025-08-12,65.089631
BITB,2025-08-13,66.517817
BITB,2025-08-14,64.316875
BITB,2025-08-15,63.707479
BITB,2025-08-18,63.294771
BITB,2025-08-19,61.529401
BITB,2025-08-20,61.981046
BITB,2025-08-21,61.057603
BITB,2025-08-22,63.478647
BITB,2025-08-25,60.713033
BITB,2025-08-26,60.320328
BITB,2025-08-27,60.906343
BITB,2025-08-28,61.035497
BITB,2025-08-29,58.971565
BITB,2025-09-02,60.168141
BITB,2025-09-03,60.885647
BITB,2025-09-04,59.790113
BITB,2025-09-05,60.543302
BITB,2025-09-08,61.010084
BITB,2025-09-09,60.513795
BITB,2025-09-10,61.668043
BITB,2025-09-11,62.195348
BITB,2025-09-12,63.390847
BITB,2025-09-15,62.700614
BITB,2025-09-16,63.409845
BITB,2025-09-17,62.904556
BITB,2025-09-18,63.918195
BITB,2025-09-19,62.700346
BITB,2025-09-22,61.135706
BITB,2025-09-23,60.775369
BITB,2025-09-24,61.736263
BITB,2025-09-25,59.643697
BITB,2025-09-26,59.477149
BITB,2025-09-29,62.053941
BITB,2025-09-30,62.025103
BITB,2025-10-01,63.884265
BITB,2025-10-02,65.722522
BITB,2025-10-03,66.745345
BITB,2025-10-06,68.317813
BITB,2025-10-07,66.071099
BITB,2025-10-08,67.149192
BITB,2025-10-09,65.784153
BITB,2025-10-10,63.472545
BITB,2025-10-13,62.845809
BITB,2025-10-14,61.44357
BITB,2025-10-15,60.543465
BITB,2025-10-16,58.788624
BITB,2025-10-17,57.95192
BITB,2025-10-20,60.260198
BITB,2025-10-21,60.851862
BITB,2025-10-22,58.775328
BITB,2025-10-23,60.028052
BITB,2025-10-24,60.204153
BITB,2025-10-27,62.520549
BITB,2025-10-28,62.058574
BITB,2025-10-29,60.267631
BITB,2025-10-30,58.050892
BITB,2025-10-31,59.602291
BITB,2025-11-03,58.009826
BITB,2025-11-04,54.583011
BITB,2025-11-05,56.557355
BITB,2025-11-06,54.958377
BITB,2025-11-07,56.205462
BITB,2025-11-10,57.645913
BITB,2025-11-11,55.936708
BITB,2025-11-12,55.210331
BITB,2025-11-13,53.446733
BITB,2025-11-14,51.586336
BITB,2025-11-17,49.805123
BITB,2025-11-18,50.521757
BITB,2025-11-19,48.384995
BITB,2025-11-20,47.039949
BITB,2025-11-21,45.657053
BITB,2025-11-24,48.265079
BITB,2025-11-25,47.334875
BITB,2025-11-26,48.84085
BITB,2025-11-28,49.517336
BITB,2025-12-01,46.436663
BITB,2025-12-02,49.610871
BITB,2025-12-03,50.58623
BITB,2025-12-04,50.099396
BITB,2025-12-05,48.63729
BITB,2025-12-08,49.198696
BITB,2025-12-09,50.684127
BITB,2025-12-10,50.781833
BITB,2025-12-11,49.651966
BITB,2025-12-12,48.981006
BITB,2025-12-15,46.655903
BITB,2025-12-16,47.602124
BITB,2025-12-17,46.713982
BITB,2025-12-18,46.158715
BITB,2025-12-19,47.786035
BITB,2025-12-22,47.886649
BITB,2025-12-23,47.702026
BITB,2025-12-24,47.575362
BITB,2025-12-26,47.55921
BITB,2025-12-29,47.394121
BITB,2025-12-30,47.81785
BITB,2025-12-31,47.446215
BITB,2026-01-02,48.813405
BITB,2026-01-05,51.269951
BITB,2026-01-06,50.244129
BITB,2026-01-07,49.409606
BITB,2026-01-08,49.262626
BITB,2026-01-09,49.064373
BITB,2026-01-12,49.77723
BITB,2026-01-13,51.259304
BITB,2026-01-14,53.002262
BITB,2026-01-15,51.806418
BITB,2026-01-16,51.644198
BITB,2026-01-20,48.646519
BITB,2026-01-21,48.81302
BITB,2026-01-22,48.671586
BITB,2026-01-23,48.67879
BITB,2026-01-26,47.681633
BITB,2026-01-27,48.284967
BITB,2026-01-28,48.516823
BITB,2026-01-29,45.5812
BITB,2026-01-30,45.516709
BITB,2026-02-02,42.512669
BITB,2026-02-03,41.080048
BITB,2026-02-04,39.933257
BITB,2026-02-05,34.710624
BITB,2026-02-06,38.262992
BITB,2026-02-09,38.426501
BITB,2026-02-10,37.385253
BITB,2026-02-11,36.633611
BITB,2026-02-12,35.605498
BITB,2026-02-13,37.375704
BITB,2026-02-17,36.75457
BITB,2026-02-18,36.015225
BITB,2026-02-19,36.389141
BITB,2026-02-20,36.76206
BITB,2026-02-23,34.864664
BITB,2026-02-24,35.015997
BITB,2026-02-25,37.492341
BITB,2026-02-26,36.707541
BITB,2026-02-27,35.617549
BITB,2026-03-02,37.527517
BITB,2026-03-03,37.128163
BITB,2026-03-04,39.912854
BITB,2026-03-05,38.651096
BITB,2026-03-06,36.949344
BITB,2026-03-09,37.406256
BITB,2026-03-10,38.032676
BITB,2026-03-11,38.34811
BITB,2026-03-12,38.120994
BITB,2026-03-13,38.647679
BITB,2026-03-16,40.233482
BITB,2026-03-17,40.563924
BITB,2026-03-18,38.677156
BITB,2026-03-19,38.179144
BITB,2026-03-20,37.9507
BITB,2026-03-23,38.522417
BITB,2026-03-24,37.721349
BITB,2026-03-25,38.499038
BITB,2026-03-26,37.192499
BITB,2026-03-27,35.759873
BITB,2026-03-30,36.038279
BITB,2026-03-31,36.840001
BITB,2026-04-01,37.012
BITB,2026-04-02,36.384478
BITB,2026-04-06,37.89
BITB,2026-04-08,38.689149
BITB,2026-04-09,39.1047
BITB,2026-04-10,39.704019
BITB,2026-04-13,39.58585
BITB,2026-04-14,40.334
BITB,2026-04-15,40.65043
BITB,2026-04-16,40.777739
BITB,2026-04-17,41.995452
BITB,2026-04-20,41.445099
BITB,2026-04-21,40.979714
BITB,2026-04-22,42.857235
BITB,2026-04-23,42.235188
BITB,2026-04-24,42.160285
BITB,2026-04-27,41.684316
BITB,2026-04-28,41.370395
BITB,2026-04-29,40.969167
BITB,2026-04-30,41.496053
BITB,2026-05-01,42.580529
BITB,2026-05-04,43.443299
BITB,2026-05-05,44.28833
BITB,2026-05-06,44.176025
BITB,2026-05-07,43.483672
BITB,2026-05-08,43.475426
BITB,2026-05-11,44.479051
BITB,2026-05-12,43.850366
BITB,2026-05-13,43.165492
BITB,2026-05-14,44.259494
BITB,2026-05-15,42.947404
BITB,2026-05-18,41.632539
BITB,2026-05-19,41.71088
BITB,2026-05-20,42.061806
BITB,2026-05-21,42.087814
BITB,2026-05-22,41.261987
BITB,2026-05-26,41.162834
BITB,2026-05-27,40.660526
BITB,2026-05-28,39.840709
BITB,2026-05-29,39.849606
BITB,2026-06-01,38.780175
BITB,2026-06-02,36.370744
BITB,2026-06-03,35.659791
BITB,2026-06-04,34.601208
BITB,2026-06-05,32.396827
BITB,2026-06-08,34.446877
BITB,2026-06-09,33.564783
BITB,2026-06-10,33.557791
BITB,2026-06-11,34.519816
BITB,2026-06-12,34.556737
BITB,2026-06-15,36.181825
BITB,2026-06-16,35.617125
BITB,2026-06-17,35.096083
BITB,2026-06-18,34.054638
BITB,2026-06-22,34.915117
BITB,2026-06-23,33.802768
BITB,2026-06-24,32.390445
BITB,2026-06-25,32.148665
BITB,2026-06-26,32.468734
BITB,2026-06-29,32.712876
BITB,2026-06-30,31.812695
BITB,2026-07-01,32.648738
BITB,2026-07-02,33.401772
BITB,2026-07-06,34.599502
BITB,2026-07-07,34.550366
BITB,2026-07-08,33.730347
BITB,2026-07-09,34.304157
BITB,2026-07-10,34.670914
BITB,2026-07-13,33.670193
BITB,2026-07-14,35.034194
BITB,2026-07-15,35.206224
BITB,2026-07-16,34.838701
BITB,2026-07-17,34.786697
BITB,2026-07-20,35.327888
BITB,2026-07-21,36.025577
BITB,2026-07-22,35.735598
BITB,2026-07-23,35.154091
BITB,2026-07-24,34.818626
BITB,2026-07-27,35.221276
BITB,2026-07-28,34.573971
BITB,2026-07-29,34.714085
BITB,2026-07-30,35.150451
BITB,2026-07-31,34.171866
BITB,2026-08-03,34.67256
BITB,2026-08-04,34.883992
BITB,2026-08-05,35.1935
BITB,2026-08-06,34.938668
BITB,2026-08-07,35.211177
BITB,2026-08-10,34.684811
BITB,2026-08-11,34.362851
BITB,2026-08-12,34.362391
BITB,2026-08-13,34.379272
BITB,2026-08-14,34.1028
BITB,2026-08-17,34.902184
BITB,2026-08-18,35.100958
BITB,2026-08-19,37.078748
BITB,2026-08-20,39.384864
BITB,2026-08-21,41.847323
BITB,2026-08-24,42.786121
BITB,2026-08-25,42.859904
BITB,2026-08-26,42.567848
BITB,2026-08-27,43.474876
BITB,2026-08-28,42.113187
BITB,2026-08-31,42.900772
BITB,2026-09-01,41.915847
BITB,2026-09-02,41.91215
BITB,2026-09-03,44.215643
BITB,2026-09-04,43.267492
BITB,2026-09-08,42.550722
BITB,2026-09-09,42.539798
BITB,2026-09-10,41.858467
BITB,2026-09-11,41.894874
BITB,2026-09-14,42.921129
BITB,2026-09-15,41.215705
BITB,2026-09-16,41.106471
BITB,2026-09-17,41.516598
BITB,2026-09-18,44.040053
BITB,2026-09-21,46.862346
BITB,2026-09-22,46.897729
BITB,2026-09-23,45.799087
BITB,2026-09-24,45.844532
BITB,2026-09-25,45.568457
BITB,2026-09-28,45.314474
BITB,2026-09-29,45.338304
BITB,2026-09-30,45.424814
BITB,2026-10-01,45.943187
BITB,2026-10-02,45.657545
BITB,2026-10-05,46.493828
BTCO,2024-01-06,43.98582
BTCO,2024-01-07,43.98582
BTCO,2024-01-08,46.81529
BTCO,2024-01-09,46.64735
BTCO,2024-01-10,46.14439
BTCO,2024-01-11,46.28915
BTCO,2024-01-12,43.64818
BTCO,2024-01-13,43.64818
BTCO,2024-01-14,43.64818
BTCO,2024-01-15,43.64818
BTCO,2024-01-16,43.17
BTCO,2024-01-17,42.63674
BTCO,2024-01-18,40.67776
BTCO,2024-01-19,41.54306
BTCO,2024-01-20,41.54306
BTCO,2024-01-21,41.54306
BTCO,2024-01-22,40.13974
BTCO,2024-01-23,39.12089
BTCO,2024-01-24,39.47137
BTCO,2024-01-25,39.8016
BTCO,2024-01-26,41.96775
BTCO,2024-01-27,41.96775
BTCO,2024-01-28,41.96775
BTCO,2024-01-29,43.14948
BTCO,2024-01-30,43.55207
BTCO,2024-01-31,42.52473
BTCO,2024-02-01,43.00181
BTCO,2024-02-02,42.93523
BTCO,2024-02-03,42.93523
BTCO,2024-02-04,42.93523
BTCO,2024-02-05,42.3763
BTCO,2024-02-06,43.08994
BTCO,2024-02-07,44.12957
BTCO,2024-02-08,45.52761
BTCO,2024-02-09,47.55457
BTCO,2024-02-10,47.55457
BTCO,2024-02-11,47.55457
BTCO,2024-02-12,50.21291
BTCO,2024-02-13,49.44655
BTCO,2024-02-14,51.74469
BTCO,2024-02-15,51.71795
BTCO,2024-02-16,51.86231
BTCO,2024-02-17,51.86231
BTCO,2024-02-18,51.86231
BTCO,2024-02-19,51.86231
BTCO,2024-02-20,52.004
BTCO,2024-02-21,50.9435
BTCO,2024-02-22,52.01835
BTCO,2024-02-23,51.09209
BTCO,2024-02-24,51.09209
BTCO,2024-02-25,51.09209
BTCO,2024-02-26,54.47671
BTCO,2024-02-27,57.01579
BTCO,2024-02-28,60.40213
BTCO,2024-02-29,61.95839
BTCO,2024-03-01,62.99039
BTCO,2024-03-02,62.99039
BTCO,2024-03-03,62.99039
BTCO,2024-03-04,67.626
BTCO,2024-03-05,61.89661
BTCO,2024-03-06,67.07504
BTCO,2024-03-07,67.72115
BTCO,2024-03-08,69.33411
BTCO,2024-03-09,69.33411
BTCO,2024-03-10,69.33411
BTCO,2024-03-11,72.03399
BTCO,2024-03-12,71.505863
BTCO,2024-03-13,73.51719
BTCO,2024-03-14,69.26
BTCO,2024-03-15,68.98849
BTCO,2024-03-16,68.98849
BTCO,2024-03-17,68.98849
BTCO,2024-03-18,66.93481
BTCO,2024-03-19,64.37805
BTCO,2024-03-20,65.78298
BTCO,2024-03-21,65.22034
BTCO,2024-03-22,63.87285
BTCO,2024-03-23,63.87285
BTCO,2024-03-24,63.87285
BTCO,2024-03-25,71.0717
BTCO,2024-03-26,69.44599
BTCO,2024-03-27,68.59146
BTCO,2024-03-28,70.84097
BTCO,2024-03-29,70.84097
BTCO,2024-03-30,70.84097
BTCO,2024-03-31,70.84097
BTCO,2024-04-01,69.70952
BTCO,2024-04-02,65.96345
BTCO,2024-04-03,65.82535
BTCO,2024-04-04,68.54079
BTCO,2024-04-05,67.36816
BTCO,2024-04-06,67.36816
BTCO,2024-04-07,67.36816
BTCO,2024-04-08,71.73692
BTCO,2024-04-09,68.944
BTCO,2024-04-10,70.08749
BTCO,2024-04-11,70.49011
BTCO,2024-04-12,66.85572
BTCO,2024-04-13,66.85572
BTCO,2024-04-14,66.85572
BTCO,2024-04-15,63.31019
BTCO,2024-04-16,62.73831
BTCO,2024-04-17,60.99215
BTCO,2024-04-18,63.55001
BTCO,2024-04-19,64.35
BTCO,2024-04-20,64.35
BTCO,2024-04-21,64.35
BTCO,2024-04-22,66.56607
BTCO,2024-04-23,66.49647
BTCO,2024-04-24,63.88073
BTCO,2024-04-25,64.71999
BTCO,2024-04-26,63.71671
BTCO,2024-04-27,63.71671
BTCO,2024-04-28,63.71671
BTCO,2024-04-29,62.95854
BTCO,2024-04-30,59.09816
BTCO,2024-05-01,56.87382
BTCO,2024-05-02,59.36695
BTCO,2024-05-03,62.07492
BTCO,2024-05-04,62.07492
BTCO,2024-05-05,62.07492
BTCO,2024-05-06,63.20717
BTCO,2024-05-07,63.05582
BTCO,2024-05-08,62.15284
BTCO,2024-05-09,62.43657
BTCO,2024-05-10,60.65205
BTCO,2024-05-11,60.65205
BTCO,2024-05-12,60.65205
BTCO,2024-05-13,63.17321
BTCO,2024-05-14,61.55338
BTCO,2024-05-15,66.06541
BTCO,2024-05-16,65.18138
BTCO,2024-05-17,67.0996
BTCO,2024-05-18,67.0996
BTCO,2024-05-19,67.0996
BTCO,2024-05-20,70.06807
BTCO,2024-05-21,69.27754
BTCO,2024-05-22,69.63649
BTCO,2024-05-23,67.11345
BTCO,2024-05-24,69.13552
BTCO,2024-05-25,69.13552
BTCO,2024-05-26,69.13552
BTCO,2024-05-27,69.13552
BTCO,2024-05-28,68.34552
BTCO,2024-05-29,67.19268
BTCO,2024-05-30,68.67987
BTCO,2024-05-31,67.57724
BTCO,2024-06-01,67.57724
BTCO,2024-06-02,67.57724
BTCO,2024-06-03,69.20453
BTCO,2024-06-04,70.43973
BTCO,2024-06-05,71.30039
BTCO,2024-06-06,70.472
BTCO,2024-06-07,69.204
BTCO,2024-06-08,69.204
BTCO,2024-06-09,69.204
BTCO,2024-06-10,69.4875
BTCO,2024-06-11,67.40044
BTCO,2024-06-12,67.52
BTCO,2024-06-13,66.57039
BTCO,2024-06-14,65.47055
BTCO,2024-06-15,65.47055
BTCO,2024-06-16,65.47055
BTCO,2024-06-17,66.64788
BTCO,2024-06-18,64.3661
BTCO,2024-06-19,64.3661
BTCO,2024-06-20,65.01087
BTCO,2024-06-21,64.19328
BTCO,2024-06-22,64.19328
BTCO,2024-06-23,64.19328
BTCO,2024-06-24,59.27063
BTCO,2024-06-25,61.96058
BTCO,2024-06-26,60.9319
BTCO,2024-06-27,61.36212
BTCO,2024-06-28,59.95211
BTCO,2024-06-29,59.95211
BTCO,2024-06-30,59.95211
BTCO,2024-07-01,63.16374
BTCO,2024-07-02,61.8323
BTCO,2024-07-03,60.42714
BTCO,2024-07-04,60.42714
BTCO,2024-07-05,56.46355
BTCO,2024-07-06,56.46355
BTCO,2024-07-07,56.46355
BTCO,2024-07-08,56.47505
BTCO,2024-07-09,57.85829
BTCO,2024-07-10,57.38234
BTCO,2024-07-11,57.385647
BTCO,2024-07-12,57.610565
BTCO,2024-07-13,57.610565
BTCO,2024-07-14,57.610565
BTCO,2024-07-15,63.424325
BTCO,2024-07-16,65.206055
BTCO,2024-07-17,64.600049
BTCO,2024-07-18,63.544647
BTCO,2024-07-19,67.203675
BTCO,2024-07-20,67.203675
BTCO,2024-07-21,67.203675
BTCO,2024-07-22,68.271479
BTCO,2024-07-23,65.519506
BTCO,2024-07-24,65.645998
BTCO,2024-07-25,64.656764
BTCO,2024-07-26,68.001786
BTCO,2024-07-27,68.001786
BTCO,2024-07-28,68.001786
BTCO,2024-07-29,67.289136
BTCO,2024-07-30,65.883203
BTCO,2024-07-31,65.213306
BTCO,2024-08-01,63.33683
BTCO,2024-08-02,62.543677
BTCO,2024-08-03,62.543677
BTCO,2024-08-04,62.543677
BTCO,2024-08-05,53.459775
BTCO,2024-08-06,56.776741
BTCO,2024-08-07,54.745086
BTCO,2024-08-08,59.449204
BTCO,2024-08-09,60.692379
BTCO,2024-08-10,60.692379
BTCO,2024-08-11,60.692379
BTCO,2024-08-12,59.039933
BTCO,2024-08-13,60.819083
BTCO,2024-08-14,58.887386
BTCO,2024-08-15,57.021633
BTCO,2024-08-16,59.695728
BTCO,2024-08-17,59.695728
BTCO,2024-08-18,59.695728
BTCO,2024-08-19,58.96349
BTCO,2024-08-20,59.500244
BTCO,2024-08-21,61.593299
BTCO,2024-08-22,60.296763
BTCO,2024-08-23,63.622448
BTCO,2024-08-24,63.622448
BTCO,2024-08-25,63.622448
BTCO,2024-08-26,63.343299
BTCO,2024-08-27,62.081177
BTCO,2024-08-28,58.877952
BTCO,2024-08-29,59.233199
BTCO,2024-08-30,58.653657
BTCO,2024-08-31,58.653657
BTCO,2024-09-01,58.653657
BTCO,2024-09-02,58.653657
BTCO,2024-09-03,57.995493
BTCO,2024-09-04,58.020695
BTCO,2024-09-05,56.01331
BTCO,2024-09-06,53.45679
BTCO,2024-09-07,53.45679
BTCO,2024-09-08,53.45679
BTCO,2024-09-09,57.076794
BTCO,2024-09-10,57.935541
BTCO,2024-09-11,57.579286
BTCO,2024-09-12,58.381072
BTCO,2024-09-13,59.72969
BTCO,2024-09-14,59.72969
BTCO,2024-09-15,59.72969
BTCO,2024-09-16,57.908631
BTCO,2024-09-17,59.94685
BTCO,2024-09-18,60.032003
BTCO,2024-09-19,63.236183
BTCO,2024-09-20,62.776041
BTCO,2024-09-21,62.776041
BTCO,2024-09-22,62.776041
BTCO,2024-09-23,63.264992
BTCO,2024-09-24,64.26775
BTCO,2024-09-25,63.134239
BTCO,2024-09-26,64.688184
BTCO,2024-09-27,65.629515
BTCO,2024-09-28,65.629515
BTCO,2024-09-29,65.629515
BTCO,2024-09-30,63.429306
BTCO,2024-10-01,61.710491
BTCO,2024-10-02,60.129619
BTCO,2024-10-03,60.99482
BTCO,2024-10-04,62.336768
BTCO,2024-10-05,62.336768
BTCO,2024-10-06,62.336768
BTCO,2024-10-07,63.32788
BTCO,2024-10-08,62.178368
BTCO,2024-10-09,60.929988
BTCO,2024-10-10,59.632124
BTCO,2024-10-11,63.054445
BTCO,2024-10-12,63.054445
BTCO,2024-10-13,63.054445
BTCO,2024-10-14,65.871778
BTCO,2024-10-15,66.931555
BTCO,2024-10-16,67.680723
BTCO,2024-10-17,66.780036
BTCO,2024-10-18,68.556511
BTCO,2024-10-19,68.556511
BTCO,2024-10-20,68.556511
BTCO,2024-10-21,67.688093
BTCO,2024-10-22,67.390111
BTCO,2024-10-23,66.345976
BTCO,2024-10-24,68.220343
BTCO,2024-10-25,66.676778
BTCO,2024-10-26,66.676778
BTCO,2024-10-27,66.676778
BTCO,2024-10-28,69.565332
BTCO,2024-10-29,72.458596
BTCO,2024-10-30,71.763747
BTCO,2024-10-31,69.910145
BTCO,2024-11-01,69.158048
BTCO,2024-11-02,69.158048
BTCO,2024-11-03,69.158048
BTCO,2024-11-04,67.225815
BTCO,2024-11-05,69.384207
BTCO,2024-11-06,76.160589
BTCO,2024-11-07,76.535982
BTCO,2024-11-08,76.650241
BTCO,2024-11-09,76.650241
BTCO,2024-11-10,76.650241
BTCO,2024-11-11,86.976035
BTCO,2024-11-12,89.543607
BTCO,2024-11-13,89.695459
BTCO,2024-11-14,87.476102
BTCO,2024-11-15,91.410337
BTCO,2024-11-16,91.410337
BTCO,2024-11-17,91.410337
BTCO,2024-11-18,91.500124
BTCO,2024-11-19,92.483796
BTCO,2024-11-20,94.275585
BTCO,2024-11-21,98.133441
BTCO,2024-11-22,99.199286
BTCO,2024-11-23,99.199286
BTCO,2024-11-24,99.199286
BTCO,2024-11-25,94.660944
BTCO,2024-11-26,90.875039
BTCO,2024-11-27,96.526664
BTCO,2024-11-28,96.526664
BTCO,2024-11-29,97.328563
BTCO,2024-11-30,97.328563
BTCO,2024-12-01,97.328563
BTCO,2024-12-02,95.60742
BTCO,2024-12-03,95.555462
BTCO,2024-12-04,98.863663
BTCO,2024-12-05,99.045445
BTCO,2024-12-06,101.455294
BTCO,2024-12-07,101.455294
BTCO,2024-12-08,101.455294
BTCO,2024-12-09,96.12939
BTCO,2024-12-10,96.373941
BTCO,2024-12-11,101.286173
BTCO,2024-12-12,99.943701
BTCO,2024-12-13,101.608062
BTCO,2024-12-14,101.608062
BTCO,2024-12-15,101.608062
BTCO,2024-12-16,105.720964
BTCO,2024-12-17,106.603396
BTCO,2024-12-18,100.671493
BTCO,2024-12-19,96.167803
BTCO,2024-12-20,96.282996
BTCO,2024-12-21,96.282996
BTCO,2024-12-22,96.282996
BTCO,2024-12-23,92.937832
BTCO,2024-12-24,97.1125
BTCO,2024-12-25,97.1125
BTCO,2024-12-26,95.368789
BTCO,2024-12-27,94.340186
BTCO,2024-12-28,94.340186
BTCO,2024-12-29,94.340186
BTCO,2024-12-30,94.110424
BTCO,2024-12-31,93.283568
BTCO,2025-01-01,93.283568
BTCO,2025-01-02,97.104719
BTCO,2025-01-03,98.14793
BTCO,2025-01-04,98.14793
BTCO,2025-01-05,98.14793
BTCO,2025-01-06,102.077258
BTCO,2025-01-07,96.337068
BTCO,2025-01-08,93.83346
BTCO,2025-01-09,93.83346
BTCO,2025-01-10,94.55136
BTCO,2025-01-11,94.55136
BTCO,2025-01-12,94.55136
BTCO,2025-01-13,93.426493
BTCO,2025-01-14,96.342481
BTCO,2025-01-15,99.442426
BTCO,2025-01-16,100.216825
BTCO,2025-01-17,104.593056
BTCO,2025-01-18,104.593056
BTCO,2025-01-19,104.593056
BTCO,2025-01-20,104.593056
BTCO,2025-01-21,106.000567
BTCO,2025-01-22,104.171969
BTCO,2025-01-23,103.190388
BTCO,2025-01-24,104.731895
BTCO,2025-01-25,104.731895
BTCO,2025-01-26,104.731895
BTCO,2025-01-27,101.219917
BTCO,2025-01-28,101.080346
BTCO,2025-01-29,104.069116
BTCO,2025-01-30,104.778315
BTCO,2025-01-31,101.495784
BTCO,2025-02-01,101.495784
BTCO,2025-02-02,101.495784
BTCO,2025-02-03,101.058917
BTCO,2025-02-04,98.564169
BTCO,2025-02-05,97.199048
BTCO,2025-02-06,96.802935
BTCO,2025-02-07,95.623161
BTCO,2025-02-08,95.623161
BTCO,2025-02-09,95.623161
BTCO,2025-02-10,97.215747
BTCO,2025-02-11,95.137921
BTCO,2025-02-12,96.888851
BTCO,2025-02-13,96.161255
BTCO,2025-02-14,97.053291
BTCO,2025-02-15,97.053291
BTCO,2025-02-16,97.053291
BTCO,2025-02-17,97.053291
BTCO,2025-02-18,94.014782
BTCO,2025-02-19,96.025388
BTCO,2025-02-20,98.35865
BTCO,2025-02-21,94.871632
BTCO,2025-02-22,94.871632
BTCO,2025-02-23,94.871632
BTCO,2025-02-24,93.849088
BTCO,2025-02-25,87.964083
BTCO,2025-02-26,84.158729
BTCO,2025-02-27,83.261135
BTCO,2025-02-28,84.031864
BTCO,2025-03-01,84.031864
BTCO,2025-03-02,84.031864
BTCO,2025-03-03,85.858576
BTCO,2025-03-04,86.666201
BTCO,2025-03-05,90.330357
BTCO,2025-03-06,88.878917
BTCO,2025-03-07,86.816569
BTCO,2025-03-08,86.816569
BTCO,2025-03-09,86.816569
BTCO,2025-03-10,78.868456
BTCO,2025-03-11,82.94178
BTCO,2025-03-12,82.755099
BTCO,2025-03-13,80.030521
BTCO,2025-03-14,84.420441
BTCO,2025-03-15,84.420441
BTCO,2025-03-16,84.420441
BTCO,2025-03-17,84.34679
BTCO,2025-03-18,82.16261
BTCO,2025-03-19,85.319048
BTCO,2025-03-20,83.992526
BTCO,2025-03-21,83.754356
BTCO,2025-03-22,83.754356
BTCO,2025-03-23,83.754356
BTCO,2025-03-24,88.125965
BTCO,2025-03-25,88.021296
BTCO,2025-03-26,86.405235
BTCO,2025-03-27,86.898383
BTCO,2025-03-28,83.581392
BTCO,2025-03-29,83.581392
BTCO,2025-03-30,83.581392
BTCO,2025-03-31,82.295761
BTCO,2025-04-01,84.800214
BTCO,2025-04-02,86.752116
BTCO,2025-04-03,81.798221
BTCO,2025-04-04,83.82389
BTCO,2025-04-05,83.82389
BTCO,2025-04-06,83.82389
BTCO,2025-04-07,77.943139
BTCO,2025-04-08,76.62298
BTCO,2025-04-09,82.146279
BTCO,2025-04-10,79.445678
BTCO,2025-04-11,83.676322
BTCO,2025-04-12,83.676322
BTCO,2025-04-13,83.676322
BTCO,2025-04-14,84.762911
BTCO,2025-04-15,83.83612
BTCO,2025-04-16,84.194778
BTCO,2025-04-17,84.689576
BTCO,2025-04-18,84.689576
BTCO,2025-04-19,84.689576
BTCO,2025-04-20,84.689576
BTCO,2025-04-21,87.231095
BTCO,2025-04-22,91.334432
BTCO,2025-04-23,93.374683
BTCO,2025-04-24,93.451304
BTCO,2025-04-25,95.226245
BTCO,2025-04-26,95.226245
BTCO,2025-04-27,95.226245
BTCO,2025-04-28,94.636144
BTCO,2025-04-29,95.146999
BTCO,2025-04-30,93.980441
BTCO,2025-05-01,96.421382
BTCO,2025-05-02,96.766054
BTCO,2025-05-03,96.766054
BTCO,2025-05-04,96.766054
BTCO,2025-05-05,94.155241
BTCO,2025-05-06,94.78031
BTCO,2025-05-07,96.004881
BTCO,2025-05-08,101.109258
BTCO,2025-05-09,103.030968
BTCO,2025-05-10,103.030968
BTCO,2025-05-11,103.030968
BTCO,2025-05-12,101.647501
BTCO,2025-05-13,104.612956
BTCO,2025-05-14,103.121198
BTCO,2025-05-15,102.972776
BTCO,2025-05-16,103.838366
BTCO,2025-05-17,103.838366
BTCO,2025-05-18,103.838366
BTCO,2025-05-19,105.338212
BTCO,2025-05-20,106.881284
BTCO,2025-05-21,108.454729
BTCO,2025-05-22,110.993773
BTCO,2025-05-23,108.525113
BTCO,2025-05-24,108.525113
BTCO,2025-05-25,108.525113
BTCO,2025-05-26,108.525113
BTCO,2025-05-27,109.712591
BTCO,2025-05-28,106.717797
BTCO,2025-05-29,105.525547
BTCO,2025-05-30,104.431844
BTCO,2025-05-31,104.431844
BTCO,2025-06-01,104.431844
BTCO,2025-06-02,104.255035
BTCO,2025-06-03,106.084302
BTCO,2025-06-04,104.730107
BTCO,2025-06-05,101.664637
BTCO,2025-06-06,104.064578
BTCO,2025-06-07,104.064578
BTCO,2025-06-08,104.064578
BTCO,2025-06-09,108.414861
BTCO,2025-06-10,109.302164
BTCO,2025-06-11,108.55407
BTCO,2025-06-12,106.604587
BTCO,2025-06-13,104.907622
BTCO,2025-06-14,104.907622
BTCO,2025-06-15,104.907622
BTCO,2025-06-16,108.471604
BTCO,2025-06-17,104.475777
BTCO,2025-06-18,103.578905
BTCO,2025-06-19,103.578905
BTCO,2025-06-20,103.078275
BTCO,2025-06-21,103.078275
BTCO,2025-06-22,103.078275
BTCO,2025-06-23,102.986684
BTCO,2025-06-24,105.461911
BTCO,2025-06-25,107.571987
BTCO,2025-06-26,107.337256
BTCO,2025-06-27,106.595374
BTCO,2025-06-28,106.595374
BTCO,2025-06-29,106.595374
BTCO,2025-06-30,107.49562
BTCO,2025-07-01,105.158964
BTCO,2025-07-02,109.490942
BTCO,2025-07-03,109.57898
BTCO,2025-07-04,109.57898
BTCO,2025-07-05,109.57898
BTCO,2025-07-06,109.57898
BTCO,2025-07-07,107.800673
BTCO,2025-07-08,108.510803
BTCO,2025-07-09,111.519803
BTCO,2025-07-10,113.124192
BTCO,2025-07-11,117.88795
BTCO,2025-07-12,117.88795
BTCO,2025-07-13,117.88795
BTCO,2025-07-14,119.654206
BTCO,2025-07-15,116.119182
BTCO,2025-07-16,119.005368
BTCO,2025-07-17,118.733087
BTCO,2025-07-18,117.130474
BTCO,2025-07-19,117.130474
BTCO,2025-07-20,117.130474
BTCO,2025-07-21,116.486125
BTCO,2025-07-22,119.015887
BTCO,2025-07-23,118.156282
BTCO,2025-07-24,118.726067
BTCO,2025-07-25,116.421796
BTCO,2025-07-26,116.421796
BTCO,2025-07-27,116.421796
BTCO,2025-07-28,117.760851
BTCO,2025-07-29,117.178416
BTCO,2025-07-30,116.595746
BTCO,2025-07-31,116.45305
BTCO,2025-08-01,112.950851
BTCO,2025-08-02,112.950851
BTCO,2025-08-03,112.950851
BTCO,2025-08-04,114.443613
BTCO,2025-08-05,113.301622
BTCO,2025-08-06,114.989238
BTCO,2025-08-07,117.212835
BTCO,2025-08-08,116.156811
BTCO,2025-08-09,116.156811
BTCO,2025-08-10,116.156811
BTCO,2025-08-11,118.74818
BTCO,2025-08-12,119.330467
BTCO,2025-08-13,122.473055
BTCO,2025-08-14,117.677341
BTCO,2025-08-15,116.683959
BTCO,2025-08-16,116.683959
BTCO,2025-08-17,116.683959
BTCO,2025-08-18,116.053948
BTCO,2025-08-19,112.804935
BTCO,2025-08-20,113.980706
BTCO,2025-08-21,111.853863
BTCO,2025-08-22,116.328365
BTCO,2025-08-23,116.328365
BTCO,2025-08-24,116.328365
BTCO,2025-08-25,110.388553
BTCO,2025-08-26,110.844359
BTCO,2025-08-27,111.771655
BTCO,2025-08-28,111.585123
BTCO,2025-08-29,107.921217
BTCO,2025-08-30,107.921217
BTCO,2025-08-31,107.921217
BTCO,2025-09-01,107.921217
BTCO,2025-09-02,110.518204
BTCO,2025-09-03,111.927318
BTCO,2025-09-04,109.504041
BTCO,2025-09-05,111.309663
BTCO,2025-09-06,111.309663
BTCO,2025-09-07,111.309663
BTCO,2025-09-08,111.80198
BTCO,2025-09-09,110.997907
BTCO,2025-09-10,113.292228
BTCO,2025-09-11,114.131053
BTCO,2025-09-12,116.456061
BTCO,2025-09-13,116.456061
BTCO,2025-09-14,116.456061
BTCO,2025-09-15,114.995566
BTCO,2025-09-16,116.522502
BTCO,2025-09-17,115.362781
BTCO,2025-09-18,117.164901
BTCO,2025-09-19,114.823724
BTCO,2025-09-20,114.823724
BTCO,2025-09-21,114.823724
BTCO,2025-09-22,111.872746
BTCO,2025-09-23,111.354462
BTCO,2025-09-24,113.131647
BTCO,2025-09-25,109.09799
BTCO,2025-09-26,108.924046
BTCO,2025-09-27,108.924046
BTCO,2025-09-28,108.924046
BTCO,2025-09-29,114.002596
BTCO,2025-09-30,114.054442
BTCO,2025-10-01,117.151815
BTCO,2025-10-02,120.5638
BTCO,2025-10-03,122.406177
BTCO,2025-10-04,122.406177
BTCO,2025-10-05,122.406177
BTCO,2025-10-06,125.106459
BTCO,2025-10-07,121.335063
BTCO,2025-10-08,123.104864
BTCO,2025-10-09,120.671433
BTCO,2025-10-10,116.320193
BTCO,2025-10-11,116.320193
BTCO,2025-10-12,116.320193
BTCO,2025-10-13,115.538873
BTCO,2025-10-14,112.327141
BTCO,2025-10-15,110.986089
BTCO,2025-10-16,107.912148
BTCO,2025-10-17,106.154272
BTCO,2025-10-18,106.154272
BTCO,2025-10-19,106.154272
BTCO,2025-10-20,110.495294
BTCO,2025-10-21,111.489122
BTCO,2025-10-22,107.517448
BTCO,2025-10-23,109.895907
BTCO,2025-10-24,110.281608
BTCO,2025-10-25,110.281608
BTCO,2025-10-26,110.281608
BTCO,2025-10-27,114.601511
BTCO,2025-10-28,113.324651
BTCO,2025-10-29,110.319354
BTCO,2025-10-30,106.185434
BTCO,2025-10-31,109.419825
BTCO,2025-11-01,109.419825
BTCO,2025-11-02,109.419825
BTCO,2025-11-03,106.303052
BTCO,2025-11-04,100.401614
BTCO,2025-11-05,103.497797
BTCO,2025-11-06,100.536751
BTCO,2025-11-07,103.415763
BTCO,2025-11-08,103.415763
BTCO,2025-11-09,103.415763
BTCO,2025-11-10,105.643245
BTCO,2025-11-11,102.441472
BTCO,2025-11-12,101.191387
BTCO,2025-11-13,97.787974
BTCO,2025-11-14,93.988507
BTCO,2025-11-15,93.988507
BTCO,2025-11-16,93.988507
BTCO,2025-11-17,91.507961
BTCO,2025-11-18,92.439909
BTCO,2025-11-19,89.116208
BTCO,2025-11-20,86.057595
BTCO,2025-11-21,84.232953
BTCO,2025-11-22,84.232953
BTCO,2025-11-23,84.232953
BTCO,2025-11-24,88.775676
BTCO,2025-11-25,87.057477
BTCO,2025-11-26,89.558691
BTCO,2025-11-27,89.558691
BTCO,2025-11-28,90.919978
BTCO,2025-11-29,90.919978
BTCO,2025-11-30,90.919978
BTCO,2025-12-01,85.248045
BTCO,2025-12-02,90.743884
BTCO,2025-12-03,92.671497
BTCO,2025-12-04,92.191542
BTCO,2025-12-05,89.022939
BTCO,2025-12-06,89.022939
BTCO,2025-12-07,89.022939
BTCO,2025-12-08,90.49696
BTCO,2025-12-09,92.803437
BTCO,2025-12-10,92.172764
BTCO,2025-12-11,91.487652
BTCO,2025-12-12,89.897764
BTCO,2025-12-13,89.897764
BTCO,2025-12-14,89.897764
BTCO,2025-12-15,85.452846
BTCO,2025-12-16,87.24735
BTCO,2025-12-17,85.558748
BTCO,2025-12-18,84.233932
BTCO,2025-12-19,87.717666
BTCO,2025-12-20,87.717666
BTCO,2025-12-21,87.717666
BTCO,2025-12-22,87.983964
BTCO,2025-12-23,87.322467
BTCO,2025-12-24,87.194844
BTCO,2025-12-25,87.194844
BTCO,2025-12-26,87.226494
BTCO,2025-12-27,87.226494
BTCO,2025-12-28,87.226494
BTCO,2025-12-29,86.771341
BTCO,2025-12-30,87.541346
BTCO,2025-12-31,87.21955
BTCO,2026-01-01,87.21955
BTCO,2026-01-02,89.388659
BTCO,2026-01-03,89.388659
BTCO,2026-01-04,89.388659
BTCO,2026-01-05,93.855348
BTCO,2026-01-06,92.117847
BTCO,2026-01-07,90.610125
BTCO,2026-01-08,90.51127
BTCO,2026-01-09,89.866653
BTCO,2026-01-10,89.866653
BTCO,2026-01-11,89.866653
BTCO,2026-01-12,91.084255
BTCO,2026-01-13,94.07147
BTCO,2026-01-14,97.319833
BTCO,2026-01-15,94.885987
BTCO,2026-01-16,95.190414
BTCO,2026-01-17,95.190414
BTCO,2026-01-18,95.190414
BTCO,2026-01-19,95.190414
BTCO,2026-01-20,89.270004
BTCO,2026-01-21,89.822159
BTCO,2026-01-22,88.994576
BTCO,2026-01-23,89.08464
BTCO,2026-01-24,89.08464
BTCO,2026-01-25,89.08464
BTCO,2026-01-26,87.21473
BTCO,2026-01-27,88.968624
BTCO,2026-01-28,88.683771
BTCO,2026-01-29,83.75876
BTCO,2026-01-30,83.463237
BTCO,2026-01-31,83.463237
BTCO,2026-02-01,83.463237
BTCO,2026-02-02,77.64912
BTCO,2026-02-03,76.098769
BTCO,2026-02-04,73.048364
BTCO,2026-02-05,63.389151
BTCO,2026-02-06,69.702914
BTCO,2026-02-07,69.702914
BTCO,2026-02-08,69.702914
BTCO,2026-02-09,70.427665
BTCO,2026-02-10,68.448924
BTCO,2026-02-11,67.243387
BTCO,2026-02-12,65.115997
BTCO,2026-02-13,68.460129
BTCO,2026-02-14,68.460129
BTCO,2026-02-15,68.460129
BTCO,2026-02-16,68.460129
BTCO,2026-02-17,67.434519
BTCO,2026-02-18,65.959181
BTCO,2026-02-19,66.857847
BTCO,2026-02-20,67.455549
BTCO,2026-02-21,67.455549
BTCO,2026-02-22,67.455549
BTCO,2026-02-23,64.193552
BTCO,2026-02-24,64.210135
BTCO,2026-02-25,68.886007
BTCO,2026-02-26,67.153458
BTCO,2026-02-27,65.315279
BTCO,2026-02-28,65.315279
BTCO,2026-03-01,65.315279
BTCO,2026-03-02,68.842959
BTCO,2026-03-03,67.985369
BTCO,2026-03-04,72.764237
BTCO,2026-03-05,70.942378
BTCO,2026-03-06,67.811525
BTCO,2026-03-07,67.811525
BTCO,2026-03-08,67.811525
BTCO,2026-03-09,68.714184
BTCO,2026-03-10,69.755383
BTCO,2026-03-11,70.375336
BTCO,2026-03-12,70.163074
BTCO,2026-03-13,70.890218
BTCO,2026-03-14,70.890218
BTCO,2026-03-15,70.890218
BTCO,2026-03-16,73.66024
BTCO,2026-03-17,74.225633
BTCO,2026-03-18,70.767529
BTCO,2026-03-19,69.969081
BTCO,2026-03-20,69.876824
BTCO,2026-03-21,69.876824
BTCO,2026-03-22,69.876824
BTCO,2026-03-23,70.344996
BTCO,2026-03-24,69.037836
BTCO,2026-03-25,70.561736
BTCO,2026-03-26,68.183159
BTCO,2026-03-27,65.720896
BTCO,2026-03-28,65.720896
BTCO,2026-03-29,65.720896
BTCO,2026-03-30,66.226448
BTCO,2026-03-31,67.509947
BTCO,2026-04-01,67.864718
BTCO,2026-04-02,66.682255
BTCO,2026-04-03,66.682255
BTCO,2026-04-04,66.682255
BTCO,2026-04-05,66.682255
BTCO,2026-04-06,69.427892
BTCO,2026-04-07,68.695298
BTCO,2026-04-08,71.023642
BTCO,2026-04-09,71.797857
BTCO,2026-04-10,72.962191
BTCO,2026-04-11,72.962191
BTCO,2026-04-12,72.962191
BTCO,2026-04-13,73.047502
BTCO,2026-04-14,73.969596
BTCO,2026-04-15,74.719707
BTCO,2026-04-16,75.032206
BTCO,2026-04-17,77.120844
BTCO,2026-04-18,77.120844
BTCO,2026-04-19,77.120844
BTCO,2026-04-20,75.988339
BTCO,2026-04-21,74.696736
BTCO,2026-04-22,78.528251
BTCO,2026-04-23,77.405252
BTCO,2026-04-24,77.324781
BTCO,2026-04-25,77.324781
BTCO,2026-04-26,77.324781
BTCO,2026-04-27,76.53281
BTCO,2026-04-28,75.981754
BTCO,2026-04-29,75.199503
BTCO,2026-04-30,76.027763
BTCO,2026-05-01,78.017994
BTCO,2026-05-02,78.017994
BTCO,2026-05-03,78.017994
BTCO,2026-05-04,79.684905
BTCO,2026-05-05,81.238223
BTCO,2026-05-06,81.083799
BTCO,2026-05-07,79.771734
BTCO,2026-05-08,79.78124
BTCO,2026-05-09,79.78124
BTCO,2026-05-10,79.78124
BTCO,2026-05-11,81.577401
BTCO,2026-05-12,80.444769
BTCO,2026-05-13,79.241183
BTCO,2026-05-14,81.061274
BTCO,2026-05-15,78.721365
BTCO,2026-05-16,78.721365
BTCO,2026-05-17,78.721365
BTCO,2026-05-18,76.499773
BTCO,2026-05-19,76.398806
BTCO,2026-05-20,77.233838
BTCO,2026-05-21,77.249077
BTCO,2026-05-22,75.413028
BTCO,2026-05-23,75.413028
BTCO,2026-05-24,75.413028
BTCO,2026-05-25,75.413028
BTCO,2026-05-26,75.560768
BTCO,2026-05-27,74.565402
BTCO,2026-05-28,72.970023
BTCO,2026-05-29,73.054843
BTCO,2026-05-30,73.054843
BTCO,2026-05-31,73.054843
BTCO,2026-06-01,71.146787
BTCO,2026-06-02,66.891467
BTCO,2026-06-03,65.042304
BTCO,2026-06-04,63.235799
BTCO,2026-06-05,59.973838
BTCO,2026-06-06,59.973838
BTCO,2026-06-07,59.973838
BTCO,2026-06-08,63.046262
BTCO,2026-06-09,61.744385
BTCO,2026-06-10,61.58191
BTCO,2026-06-11,63.23953
BTCO,2026-06-12,63.243128
BTCO,2026-06-13,63.243128
BTCO,2026-06-14,63.243128
BTCO,2026-06-15,66.252746
BTCO,2026-06-16,65.301924
BTCO,2026-06-17,63.927233
BTCO,2026-06-18,62.564474
BTCO,2026-06-19,62.564474
BTCO,2026-06-20,62.564474
BTCO,2026-06-21,62.564474
BTCO,2026-06-22,64.090649
BTCO,2026-06-23,62.003032
BTCO,2026-06-24,59.561769
BTCO,2026-06-25,58.926139
BTCO,2026-06-26,59.359091
BTCO,2026-06-27,59.359091
BTCO,2026-06-28,59.359091
BTCO,2026-06-29,60.031083
BTCO,2026-06-30,58.422925
BTCO,2026-07-01,59.671721
BTCO,2026-07-02,61.116665
BTCO,2026-07-03,61.116665
BTCO,2026-07-04,61.116665
BTCO,2026-07-05,61.116665
BTCO,2026-07-06,63.372069
BTCO,2026-07-07,63.455319
BTCO,2026-07-08,61.909533
BTCO,2026-07-09,62.874403
BTCO,2026-07-10,63.555122
BTCO,2026-07-11,63.555122
BTCO,2026-07-12,63.555122
BTCO,2026-07-13,61.894407
BTCO,2026-07-14,64.214076
BTCO,2026-07-15,64.61109
BTCO,2026-07-16,63.889946
BTCO,2026-07-17,63.78569
BTCO,2026-07-18,63.78569
BTCO,2026-07-19,63.78569
BTCO,2026-07-20,64.765643
BTCO,2026-07-21,66.083192
BTCO,2026-07-22,65.556372
BTCO,2026-07-23,64.444991
BTCO,2026-07-24,63.8329
BTCO,2026-07-25,63.8329
BTCO,2026-07-26,63.8329
BTCO,2026-07-27,64.579225
BTCO,2026-07-28,63.494854
BTCO,2026-07-29,63.185789
BTCO,2026-07-30,64.405172
BTCO,2026-07-31,62.576012
BTCO,2026-08-01,62.576012
BTCO,2026-08-02,62.576012
BTCO,2026-08-03,63.480021
BTCO,2026-08-04,63.86129
BTCO,2026-08-05,64.455189
BTCO,2026-08-06,64.052353
BTCO,2026-08-07,64.573843
BTCO,2026-08-08,64.573843
BTCO,2026-08-09,64.573843
BTCO,2026-08-10,63.640427
BTCO,2026-08-11,63.13349
BTCO,2026-08-12,63.009027
BTCO,2026-08-13,63.004218
BTCO,2026-08-14,62.558464
BTCO,2026-08-15,62.558464
BTCO,2026-08-16,62.558464
BTCO,2026-08-17,63.920023
BTCO,2026-08-18,64.266283
BTCO,2026-08-19,68.054077
BTCO,2026-08-20,72.282312
BTCO,2026-08-21,76.593827
BTCO,2026-08-22,76.593827
BTCO,2026-08-23,76.593827
BTCO,2026-08-24,78.325618
BTCO,2026-08-25,78.506563
BTCO,2026-08-26,78.054665
BTCO,2026-08-27,79.481656
BTCO,2026-08-28,77.143277
BTCO,2026-08-29,77.143277
BTCO,2026-08-30,77.143277
BTCO,2026-08-31,78.468394
BTCO,2026-09-01,76.859786
BTCO,2026-09-02,76.892301
BTCO,2026-09-03,81.325827
BTCO,2026-09-04,79.373018
BTCO,2026-09-05,79.373018
BTCO,2026-09-06,79.373018
BTCO,2026-09-07,79.373018
BTCO,2026-09-08,78.00707
BTCO,2026-09-09,77.786203
BTCO,2026-09-10,76.702195
BTCO,2026-09-11,76.834709
BTCO,2026-09-12,76.834709
BTCO,2026-09-13,76.834709
BTCO,2026-09-14,78.549234
BTCO,2026-09-15,75.707662
BTCO,2026-09-16,75.581495
BTCO,2026-09-17,76.102718
BTCO,2026-09-18,80.745915
BTCO,2026-09-19,80.745915
BTCO,2026-09-20,80.745915
BTCO,2026-09-21,86.017163
BTCO,2026-09-22,85.734275
BTCO,2026-09-23,84.047561
BTCO,2026-09-24,83.927234
BTCO,2026-09-25,83.534755
BTCO,2026-09-26,83.534755
BTCO,2026-09-27,83.534755
BTCO,2026-09-28,82.889001
BTCO,2026-09-29,83.105058
BTCO,2026-09-30,83.089689
BTCO,2026-10-01,84.171342
BTCO,2026-10-02,83.815478
BTCO,2026-10-03,83.815478
BTCO,2026-10-04,83.815478
BTCO,2026-10-05,85.250283
BTCO,2026-10-06,85.128142
MSBT,2026-04-07,19.7
MSBT,2026-04-08,20.42
MSBT,2026-04-09,20.65
MSBT,2026-04-10,20.96
MSBT,2026-04-13,20.93
MSBT,2026-04-14,21.29
MSBT,2026-04-15,21.47
MSBT,2026-04-16,21.54
MSBT,2026-04-17,22.17
MSBT,2026-04-20,21.89
MSBT,2026-04-21,21.59
MSBT,2026-04-22,22.62
MSBT,2026-04-23,22.29
MSBT,2026-04-24,22.26
MSBT,2026-04-27,21.99
MSBT,2026-04-28,21.85
MSBT,2026-04-29,21.63
MSBT,2026-04-30,21.91
MSBT,2026-05-01,22.48
MSBT,2026-05-04,22.94
MSBT,2026-05-05,23.38
MSBT,2026-05-06,23.32
MSBT,2026-05-07,22.96
MSBT,2026-05-08,22.95
MSBT,2026-05-11,0
MSBT,2026-05-12,23.15
MSBT,2026-05-13,22.79
MSBT,2026-05-14,23.36
MSBT,2026-05-15,22.68
MSBT,2026-05-18,21.98
MSBT,2026-05-19,22.02
MSBT,2026-05-20,22.21
MSBT,2026-05-21,22.22
MSBT,2026-05-22,21.76
MSBT,2026-05-26,21.74
MSBT,2026-05-27,21.47
MSBT,2026-05-28,21.04
MSBT,2026-05-29,21.04
MSBT,2026-06-01,20.48
MSBT,2026-06-02,19.18
MSBT,2026-06-03,18.8
MSBT,2026-06-04,18.27
MSBT,2026-06-05,17.11
MSBT,2026-06-08,18.19
MSBT,2026-06-09,17.73
MSBT,2026-06-10,17.73
MSBT,2026-06-11,18.23
MSBT,2026-06-12,18.25
MSBT,2026-06-15,19.09
MSBT,2026-06-16,18.81
MSBT,2026-06-17,18.51
MSBT,2026-06-18,17.99
MSBT,2026-06-22,18.44
MSBT,2026-06-23,17.85
MSBT,2026-06-24,17.1
MSBT,2026-06-25,16.98
MSBT,2026-06-26,17.14
MSBT,2026-06-29,17.29
MSBT,2026-06-30,16.8
MSBT,2026-07-01,17.23
MSBT,2026-07-02,17.63
MSBT,2026-07-06,18.27
MSBT,2026-07-07,18.23
MSBT,2026-07-08,17.81
MSBT,2026-07-09,18.11
MSBT,2026-07-10,18.31
MSBT,2026-07-13,17.78
MSBT,2026-07-14,18.5
MSBT,2026-07-15,18.59
MSBT,2026-07-16,18.4
MSBT,2026-07-17,18.37
MSBT,2026-07-20,18.66
MSBT,2026-07-21,19.02
MSBT,2026-07-22,18.87
MSBT,2026-07-23,18.56
MSBT,2026-07-24,18.39
MSBT,2026-07-27,18.6
MSBT,2026-07-28,18.26
MSBT,2026-07-29,18.32
MSBT,2026-07-30,18.56
MSBT,2026-07-31,18.04
MSBT,2026-08-03,18.31
MSBT,2026-08-04,18.42
MSBT,2026-08-05,18.58
MSBT,2026-08-06,18.45
MSBT,2026-08-07,18.59
MSBT,2026-08-10,18.32
MSBT,2026-08-11,18.14
MSBT,2026-08-12,18.15
MSBT,2026-08-13,18.16
MSBT,2026-08-14,18.01
MSBT,2026-08-17,18.43
MSBT,2026-08-18,18.54
MSBT,2026-08-19,19.57
MSBT,2026-08-20,20.8
MSBT,2026-08-21,22.1
MSBT,2026-08-24,22.59
MSBT,2026-08-25,22.62
MSBT,2026-08-26,22.48
MSBT,2026-08-27,22.95
MSBT,2026-08-28,22.23
MSBT,2026-08-31,22.66
MSBT,2026-09-01,22.13
MSBT,2026-09-02,22.13
MSBT,2026-09-03,23.35
MSBT,2026-09-04,22.85
MSBT,2026-09-08,22.47
MSBT,2026-09-09,22.45
MSBT,2026-09-10,22.11
MSBT,2026-09-11,22.12
MSBT,2026-09-14,22.66
MSBT,2026-09-15,21.77
MSBT,2026-09-16,21.7
MSBT,2026-09-17,21.92
MSBT,2026-09-18,23.26
MSBT,2026-09-21,24.77
MSBT,2026-09-22,24.75
MSBT,2026-09-23,24.18
MSBT,2026-09-24,24.2
MSBT,2026-09-25,24.06
MSBT,2026-09-28,23.92
MSBT,2026-09-29,23.94
MSBT,2026-09-30,23.98
