fund,as_of,btc_held,source,shares_outstanding,btc_per_share,nav,net_assets,note,collected_at_utc
ARKB,2026-09-30,34578,https://assets.ark-funds.com/fund-documents/funds-etf-csv/ARK_21SHARES_BITCOIN_ETF_ARKB_HOLDINGS.csv,,,,2895110428,file dated 2026-10-01; whole coins only,2026-10-01T23:09:53+00:00
ARKB,2026-10-01,34487,https://assets.ark-funds.com/fund-documents/funds-etf-csv/ARK_21SHARES_BITCOIN_ETF_ARKB_HOLDINGS.csv,,,,2920409860,file dated 2026-10-02; whole coins only,2026-10-05T06:04:40+00:00
ARKB,2026-10-05,33493,https://assets.ark-funds.com/fund-documents/funds-etf-csv/ARK_21SHARES_BITCOIN_ETF_ARKB_HOLDINGS.csv,,,,2869714811,file dated 2026-10-06; whole coins only,2026-10-06T06:43:38+00:00
ARKB,2026-10-06,33493,https://assets.ark-funds.com/fund-documents/funds-etf-csv/ARK_21SHARES_BITCOIN_ETF_ARKB_HOLDINGS.csv,,,,2865047648,file dated 2026-10-07; whole coins only,2026-10-07T06:19:39+00:00
ARKB,2026-10-07,32273,https://assets.ark-funds.com/fund-documents/funds-etf-csv/ARK_21SHARES_BITCOIN_ETF_ARKB_HOLDINGS.csv,,,,2690972615,file dated 2026-10-08; whole coins only,2026-10-08T06:30:12+00:00
ARKB,2026-10-08,32024,https://assets.ark-funds.com/fund-documents/funds-etf-csv/ARK_21SHARES_BITCOIN_ETF_ARKB_HOLDINGS.csv,,,,2613830885,file dated 2026-10-09; whole coins only,2026-10-09T17:37:44+00:00
BITB,2026-09-30,37920.11028,https://bitbetf.com/,69890000,0.0005425684688,45.42,3174740268,"65 custody addresses holding 37,920.11027723 BTC",2026-10-01T23:09:52+00:00
BITB,2026-10-02,37838.72546,https://bitbetf.com/,69740000,0.0005425684752,45.94,3184227128,"65 custody addresses holding 37,838.72545298 BTC",2026-10-05T06:04:40+00:00
BITB,2026-10-05,37838.72546,https://bitbetf.com/,69740000,0.0005425684752,45.66,3242567253,"65 custody addresses holding 37,838.72545298 BTC",2026-10-06T06:43:38+00:00
BITB,2026-10-06,37838.72546,https://bitbetf.com/,69740000,0.0005425684752,46.49,3236038560,"65 custody addresses holding 37,838.72545298 BTC",2026-10-07T06:19:39+00:00
BITB,2026-10-07,37507.77129,https://bitbetf.com/,69130000,0.0005425686574,46.4,3127308326,"65 custody addresses holding 37,838.72545298 BTC",2026-10-08T06:30:12+00:00
BITB,2026-10-08,37290.75353,https://bitbetf.com/,68730000,0.0005425687986,44.28,3043749986,"66 custody addresses holding 37,290.75337073 BTC",2026-10-09T17:37:43+00:00
BRRR,2026-09-30,5704.396155,"https://www-api.coinshares.com/api/v2/Widgets?ApiKey=094DA478-140C-4E3E-B394-7A19BBE8326B&names=VALKYRIE_HOLDINGS_BRRR,VALKYRIE_DAILY_BRRR",20245000,0.0002817681479,23.59,477585623.5,,2026-10-01T23:09:53+00:00
BRRR,2026-10-01,5704.357083,"https://www-api.coinshares.com/api/v2/Widgets?ApiKey=094DA478-140C-4E3E-B394-7A19BBE8326B&names=VALKYRIE_HOLDINGS_BRRR,VALKYRIE_DAILY_BRRR",20245000,0.000281766218,23.86,483035577.5,,2026-10-05T06:04:48+00:00
BRRR,2026-10-02,5704.23987,"https://www-api.coinshares.com/api/v2/Widgets?ApiKey=094DA478-140C-4E3E-B394-7A19BBE8326B&names=VALKYRIE_HOLDINGS_BRRR,VALKYRIE_DAILY_BRRR",20245000,0.0002817604283,23.71,480037293,,2026-10-06T06:43:39+00:00
BRRR,2026-10-05,5704.2008,"https://www-api.coinshares.com/api/v2/Widgets?ApiKey=094DA478-140C-4E3E-B394-7A19BBE8326B&names=VALKYRIE_HOLDINGS_BRRR,VALKYRIE_DAILY_BRRR",20245000,0.0002817584984,24.15,488821598.5,,2026-10-07T06:19:40+00:00
BRRR,2026-10-06,5704.16173,"https://www-api.coinshares.com/api/v2/Widgets?ApiKey=094DA478-140C-4E3E-B394-7A19BBE8326B&names=VALKYRIE_HOLDINGS_BRRR,VALKYRIE_DAILY_BRRR",20245000,0.0002817565685,24.1,487833642.5,,2026-10-08T06:30:13+00:00
BRRR,2026-10-07,5678.764743,"https://www-api.coinshares.com/api/v2/Widgets?ApiKey=094DA478-140C-4E3E-B394-7A19BBE8326B&names=VALKYRIE_HOLDINGS_BRRR,VALKYRIE_DAILY_BRRR",20155000,0.0002817546387,23.49,473485291,,2026-10-09T06:31:31+00:00
BRRR,2026-10-08,5678.725847,"https://www-api.coinshares.com/api/v2/Widgets?ApiKey=094DA478-140C-4E3E-B394-7A19BBE8326B&names=VALKYRIE_HOLDINGS_BRRR,VALKYRIE_DAILY_BRRR",20155000,0.0002817527089,23,463512597,,2026-10-09T17:37:44+00:00
BTC,2026-10-01,63086.50524,https://reporting-prod-20231113144948145500000003.s3.amazonaws.com/product-performance/9ba286d6-3067-4153-b430-81d9d7a25696.xlsx,142719963,0.00044203,37.41,5339318841,,2026-10-01T23:09:52+00:00
BTC,2026-10-02,63258.89694,https://reporting-prod-20231113144948145500000003.s3.amazonaws.com/product-performance/9ba286d6-3067-4153-b430-81d9d7a25696.xlsx,143109963,0.00044203,37.26,5332758612,,2026-10-05T06:04:40+00:00
BTC,2026-10-05,63258.89694,https://reporting-prod-20231113144948145500000003.s3.amazonaws.com/product-performance/9ba286d6-3067-4153-b430-81d9d7a25696.xlsx,143109963,0.00044203,37.89,5422566652,,2026-10-06T06:43:38+00:00
BTC,2026-10-06,63257.46585,https://reporting-prod-20231113144948145500000003.s3.amazonaws.com/product-performance/9ba286d6-3067-4153-b430-81d9d7a25696.xlsx,143109963,0.00044202,37.84,5415782069,,2026-10-07T06:19:39+00:00
BTC,2026-10-07,63129.28005,https://reporting-prod-20231113144948145500000003.s3.amazonaws.com/product-performance/9ba286d6-3067-4153-b430-81d9d7a25696.xlsx,142819963,0.00044202,36.86,5264672602,,2026-10-08T06:30:12+00:00
BTC,2026-10-08,63129.28005,https://reporting-prod-20231113144948145500000003.s3.amazonaws.com/product-performance/9ba286d6-3067-4153-b430-81d9d7a25696.xlsx,142819963,0.00044202,36.11,5157735533,,2026-10-09T17:37:43+00:00
BTCO,2026-09-30,5102.3317,https://dng-api.invesco.com/cache/v1/accounts/en_US/shareclasses/46091J101 (fundDetails),5130000,0.0009946065692,83.089689,426250105.7,,2026-10-01T23:09:54+00:00
BTCO,2026-10-05,5051.6119,https://dng-api.invesco.com/cache/v1/accounts/en_US/shareclasses/46091J101 (fundDetails),5080000,0.0009944117913,85.250283,433071438.4,,2026-10-06T06:43:40+00:00
BTCO,2026-10-06,5051.6119,https://dng-api.invesco.com/cache/v1/accounts/en_US/shareclasses/46091J101 (fundDetails),5080000,0.0009944117913,85.128142,432450963.1,,2026-10-07T06:19:41+00:00
BTCO,2026-10-07,5051.6119,https://dng-api.invesco.com/cache/v1/accounts/en_US/shareclasses/46091J101 (fundDetails),5080000,0.0009944117913,82.921984,421243677.4,,2026-10-08T06:30:15+00:00
BTCO,2026-10-08,5051.6119,https://dng-api.invesco.com/cache/v1/accounts/en_US/shareclasses/46091J101 (fundDetails),5080000,0.0009944117913,81.249452,412747213.9,,2026-10-09T17:37:45+00:00
EZBC,2026-09-30,5603.61,https://www.franklintempleton.com/api/pds/price-and-performance?op=FundFact,9700000,0.0005776917526,48.36,469074864.9,,2026-10-01T23:09:54+00:00
EZBC,2026-10-02,5603.61,https://www.franklintempleton.com/api/pds/price-and-performance?op=FundFact,9700000,0.0005776917526,48.61,471483931.8,,2026-10-06T06:43:40+00:00
EZBC,2026-10-06,5603.61,https://www.franklintempleton.com/api/pds/price-and-performance?op=FundFact,9700000,0.0005776917526,,,,2026-10-07T06:19:40+00:00
EZBC,2026-10-07,5603.61,https://www.franklintempleton.com/api/pds/price-and-performance?op=FundFact,9700000,0.0005776917526,,,,2026-10-08T06:30:14+00:00
EZBC,2026-10-08,5661.37,https://www.franklintempleton.com/api/pds/price-and-performance?op=FundFact,9700000,0.0005836463918,47.14,457289269.8,,2026-10-09T17:37:45+00:00
FBTC,2026-09-30,183166.98,https://www.actionsxchangerepository.fidelity.com/ShowDocument/documentPDF.htm?clientId=Fidelity&applicationId=MFL&securityId=315948109&docType=DALY&docFormat=pdf&securityIdType=CUSIP&collectionId=1101373&docName=FBTC_Holdings.pdf&criticalIndicator=Y&pdfReaderStatus=Y,210553476,0.0008699309243,72.80087962,15328478260,,2026-10-09T17:37:43+00:00
GBTC,2026-10-01,126983.4613,https://reporting-prod-20231113144948145500000003.s3.us-east-1.amazonaws.com/product-performance/672e88c7-dac6-4fcd-9069-18eef01a2c73.xlsx,164350100,0.00077264,65.39,10747069810,,2026-10-01T23:09:52+00:00
GBTC,2026-10-02,126606.0393,https://reporting-prod-20231113144948145500000003.s3.us-east-1.amazonaws.com/product-performance/672e88c7-dac6-4fcd-9069-18eef01a2c73.xlsx,163870100,0.0007726,65.13,10672954983,,2026-10-05T06:04:40+00:00
GBTC,2026-10-05,126591.291,https://reporting-prod-20231113144948145500000003.s3.us-east-1.amazonaws.com/product-performance/672e88c7-dac6-4fcd-9069-18eef01a2c73.xlsx,163870100,0.00077251,66.22,10851492158,,2026-10-06T06:43:38+00:00
GBTC,2026-10-06,126586.3748,https://reporting-prod-20231113144948145500000003.s3.us-east-1.amazonaws.com/product-performance/672e88c7-dac6-4fcd-9069-18eef01a2c73.xlsx,163870100,0.00077248,66.13,10837514179,,2026-10-07T06:19:38+00:00
GBTC,2026-10-07,126581.4587,https://reporting-prod-20231113144948145500000003.s3.us-east-1.amazonaws.com/product-performance/672e88c7-dac6-4fcd-9069-18eef01a2c73.xlsx,163870100,0.00077245,64.42,10556130661,,2026-10-08T06:30:11+00:00
GBTC,2026-10-08,126103.7338,https://reporting-prod-20231113144948145500000003.s3.us-east-1.amazonaws.com/product-performance/672e88c7-dac6-4fcd-9069-18eef01a2c73.xlsx,163260100,0.00077241,63.11,10302834753,,2026-10-09T17:37:43+00:00
HODL,2026-09-30,14726,https://www.vaneck.com/Main/HoldingsBlock/GetDataset/?blockId=348327&pageId=243755&ticker=HODL,,,,1232908178,"custody quantity, whole coins",2026-10-01T23:09:53+00:00
HODL,2026-10-01,14726,https://www.vaneck.com/Main/HoldingsBlock/GetDataset/?blockId=348327&pageId=243755&ticker=HODL,,,,1246944487,"custody quantity, whole coins",2026-10-05T06:04:40+00:00
HODL,2026-10-02,14681,https://www.vaneck.com/Main/HoldingsBlock/GetDataset/?blockId=348327&pageId=243755&ticker=HODL,,,,1235400678,"custody quantity, whole coins",2026-10-06T06:43:39+00:00
HODL,2026-10-05,14681,https://www.vaneck.com/Main/HoldingsBlock/GetDataset/?blockId=348327&pageId=243755&ticker=HODL,,,,1257992441,"custody quantity, whole coins",2026-10-07T06:19:40+00:00
HODL,2026-10-06,14681,https://www.vaneck.com/Main/HoldingsBlock/GetDataset/?blockId=348327&pageId=243755&ticker=HODL,,,,1255440535,"custody quantity, whole coins",2026-10-08T06:30:12+00:00
HODL,2026-10-07,14681,https://www.vaneck.com/Main/HoldingsBlock/GetDataset/?blockId=348327&pageId=243755&ticker=HODL,,,,1223984133,"custody quantity, whole coins",2026-10-09T06:31:30+00:00
HODL,2026-10-08,14639,https://www.vaneck.com/Main/HoldingsBlock/GetDataset/?blockId=348327&pageId=243755&ticker=HODL,,,,1194810349,"custody quantity, whole coins",2026-10-09T17:37:44+00:00
IBIT,2026-09-30,801033.4265,https://www.ishares.com/us/products/333011/ishares-bitcoin-trust-etf/latest-holdings.csv,1414960000,0.0005661173648,47.393896,67360166462,,2026-10-01T23:09:51+00:00
IBIT,2026-10-01,803343.0541,https://www.ishares.com/us/products/333011/ishares-bitcoin-trust-etf/latest-holdings.csv,1414760000,0.0005678299175,47.934783,67603744101,,2026-10-05T06:04:39+00:00
IBIT,2026-10-02,805222.4284,https://www.ishares.com/us/products/333011/ishares-bitcoin-trust-etf/latest-holdings.csv,1418840000,0.0005675216574,47.637156,68685473143,,2026-10-06T06:43:37+00:00
IBIT,2026-10-05,806037.5711,https://www.ishares.com/us/products/333011/ishares-bitcoin-trust-etf/latest-holdings.csv,1422160000,0.0005667699634,48.509148,68712220343,,2026-10-07T06:19:37+00:00
IBIT,2026-10-06,807312.2358,https://www.ishares.com/us/products/333011/ishares-bitcoin-trust-etf/latest-holdings.csv,1423600000,0.0005670920454,48.411124,69217312252,,2026-10-08T06:30:11+00:00
IBIT,2026-10-07,804821.5604,https://www.ishares.com/us/products/333011/ishares-bitcoin-trust-etf/latest-holdings.csv,1426120000,0.0005643435057,47.196946,67153127909,,2026-10-09T06:31:28+00:00
IBIT,2026-10-08,804753.6334,https://www.ishares.com/us/products/333011/ishares-bitcoin-trust-etf/latest-holdings.csv,1421720000,0.0005660422822,46.202851,65186275578,,2026-10-09T17:37:42+00:00
MSBT,2026-09-30,10436.00608,https://www.morganstanley.com/im/json/imwebdata/data/product/EF/100761/chart/etfTradeDateHoldingsCurrent.json,36420141.33,0.000286544909,23.977941,873280000,shares = net assets (to $10k) / NAV,2026-10-01T23:09:53+00:00
