Section,Metric,Current Value,7 Days Ago,7 Day Change (%),Monday,Tuesday,Wednesday,Thursday,Friday,Saturday,Sunday,52W Low,52W High
Network Performance,Total Address Count,"57,022,577","56,925,346",0.1708044076,"57,001,167","57,022,577",,,,,,"54,302,922","57,025,593"
Network Performance,Address Count > $10,"38,980,109","38,898,316",0.2102738844,"38,957,591","38,980,109",,,,,,"37,460,725","39,186,262"
Network Performance,Active Addresses,"6,962","7,351",-5.296998861,"6,780","6,962",,,,,,"4,300","10,509"
Network Performance,Supply Held 1+ Year %,63.28%,63.31%,-0.05425736488,63.28%,63.28%,,,,,,58.37%,63.36%
Network Performance,Transaction Count,"753,902","653,168",15.42237219,"780,095","753,902",,,,,,"290,317","915,712"
Network Performance,Transaction Volume,"$136,805,514,764","$104,705,190,018",30.65781624,"$79,540,490,833","$136,805,514,764",,,,,,"$27,493,100,963","$136,805,514,764"
Network Performance,Transaction Fee USD,"$259,121","$277,462",-6.610206705,"$285,661","$259,121",,,,,,"$108,910","$630,749"
Network Security,Hash Rate,"1,062.50 EH/s",956.91 EH/s,11.0344828,"1,088.90 EH/s","1,062.50 EH/s",,,,,,732.41 EH/s,"1,312.79 EH/s"
Network Security,Network Difficulty,132.76T,132.76T,0,132.76T,132.76T,,,,,,124.93T,155.97T
Network Security,Miner Revenue,"$42,296,598","$39,167,761",7.988297191,"$43,271,085","$42,296,598",,,,,,"$22,793,371","$62,599,996"
Network Security,Fee % Of Reward,0.61%,0.71%,-13.36077092,0.66%,0.61%,,,,,,0.30%,1.39%
Network Economics,Bitcoin Supply,"20,091,110","20,087,901",0.0159766318,"20,090,614","20,091,110",,,,,,"19,928,361","20,091,110"
Network Economics,% Supply Issued,95.67%,95.66%,0.01597664823,95.67%,95.67%,,,,,,94.90%,95.67%
Network Economics,Bitcoin Mined Per Day,503,453,11.03448276,516,503,,,,,,325,622
Network Economics,Annual Inflation Rate,0.82%,0.82%,-0.02442030456,0.82%,0.82%,,,,,,0.82%,0.85%
Network Economics,Velocity,13.92,13.41,3.784355665,13.93,13.92,,,,,,9.55,20.71
Network Valuation,Market Cap,"$1,678,620,519,784","$1,730,317,365,035",-2.987708862,"$1,673,151,928,217","$1,678,620,519,784",,,,,,"$1,170,266,627,064","$2,484,832,702,666"
Network Valuation,Bitcoin Price,"$83,550","$86,137",-3.003205696,"$83,280","$83,550",,,,,,"$58,367","$124,672"
Network Valuation,Realized Price,"$53,581","$53,444",0.2566254363,"$53,553","$53,581",,,,,,"$52,631","$56,413"
Network Valuation,Thermocap Price,"$4,939","$4,926",0.2602169398,"$4,937","$4,939",,,,,,"$4,319","$4,939"
