Year,Jan,Feb,Mar,Apr,May,Jun,Jul,Aug,Sep,Oct,Nov,Dec,Yearly
2012,15.72052402,-5.849056604,-1.803607214,2.040816327,3.2,27.51937984,41.03343465,9.482758621,20.27559055,-10.14729951,13.20582878,6.516492357,189.0829694
2013,54.53172205,63.7829912,186.899433,44.83045559,-8.115484056,-30.01406909,9.258431986,30.27701114,-0.9650843468,60.84614166,454.0636391,-34.92879114,5428.398792
2014,9.705448385,-31.81818182,-16.85114155,-1.403655215,39.56110059,1.54369273,-8.49879734,-17.7946154,-18.44459307,-13.43635478,11.63479188,-14.87747958,-56.14787693
2015,-28.89899682,10.54684077,-3.234373142,-2.875517143,-3.213698283,14.6150159,8.474318519,-19.48338707,3.255996169,31.19598668,20.84765914,14.6932915,34.38531996
2016,-12.18963719,15.06719117,-4.363986784,7.859507701,17.42515236,26.61577512,-5.658034499,-9.544726535,6.032397181,15.81932113,5.905697278,30.03046315,123.6397357
2017,-0.8116765319,24.39697337,-9.962361797,25.64710273,70.54568679,7.977356847,15.06956487,65.78689134,-8.690358163,47.83640434,54.11318119,41.85804765,1347.180901
2018,-28.40696478,5.282367961,-34.13214454,33.07993404,-18.85386751,-15.17977028,21.06384822,-8.766159419,-5.736748734,-4.497049119,-36.93510164,-6.9147413,-73.45528677
2019,-7.420839877,11.01323897,7.864003235,27.86279889,62.17481443,28.68428992,-8.628659054,-4.104809161,-14.2186223,10.90912842,-17.44157544,-5.024375631,93.35632444
2020,30.43824735,-7.851283439,-25.2177053,35.11637764,8.503401361,-3.374989409,24.18717365,2.753896786,-7.797796353,28.53476496,41.38125219,48.70562339,304.8462324
2021,14.02517659,37.04411587,29.85371617,-3.038759211,-35.02254774,-6.381168073,20.21786893,12.69446978,-7.108982573,40.70164822,-6.56322517,-19.4335615,59.53505656
2022,-16.89294266,12.19568635,5.915821703,-17.52671289,-15.69150757,-40.15839261,22.50975695,-14.05123627,-3.033064826,5.209881058,-16.07803784,-3.540355715,-64.26658035
2023,39.69642766,0.3076828512,23.03939232,3.138259926,-7.48737606,12.2074674,-4.406260176,-10.91015201,3.624499317,28.60115155,8.589470779,12.43889207,155.7852414
2024,0.7401758086,44.06838369,15.46179139,-14.76268532,11.69148197,-7.016828409,2.984346052,-8.87342627,7.628613912,10.75597683,37.56677599,-3.305707927,120.744261
2025,9.486833098,-17.7201966,-2.169241185,14.65712626,10.97745571,2.342984422,8.357830096,-6.507539287,4.730858285,-3.537182692,-17.08227098,-4.014270989,-6.513259862
2026,-10.08367791,-14.75322281,2.028250536,11.48320901,-2.971294593,-20.96026156,7.954128032,24.65446012,6.114433453,,,,-4.519722687
4-Year Average,9.959939666,2.975661782,9.590048266,3.628977469,3.052566756,-3.356659539,3.722511001,-0.4091643617,5.524601242,10.25745669,3.248984487,0.3946393584,51.43741554
Median,0.7401758086,10.54684077,-1.803607214,7.859507701,3.2,1.54369273,8.474318519,-6.507539287,-0.9650843468,13.36422478,10.11213133,-3.423031821,107.0502927
Average,4.642654614,9.714235395,11.55518979,11.07388389,8.84822116,-0.1053011508,10.26126339,3.040895758,-0.9555240998,17.7708942,39.51486323,4.443109024,546.8979878
