day,2014,2015,2016,2017,2018,2019,2020,2021,2022,2023,2024,2025,2026
0,78543.99,78543.99,78543.99,78543.99,78543.99,78543.99,78543.99,78543.99,78543.99,78543.99,78543.99,78543.99,78543.99
1,78007.18682,77945.67031,78447.60349,81182.63956,80313.87772,79899.86461,80980.8228,80898.70816,78671.58677,77731.2973,76696.48363,78567.72022,77225.02
2,77838.10203,78332.01388,78538.4822,75385.31462,81291.84681,84802.79746,76740.36538,82663.27315,78260.90796,77991.03629,78751.70642,80277.36666,76882.88
3,78053.15162,77525.13704,82100.65222,76194.07764,81179.05161,86831.58035,72357.15614,82895.9313,77442.68828,78494.62237,76794.61306,80964.1539,81260.99
4,80149.47473,79108.11999,83005.30846,72067.24435,82135.06653,86577.92116,70678.87787,83111.97458,78058.78495,77683.25903,77585.37065,80233.19084,79475.3
5,78391.32121,85905.03168,83159.52688,73847.65205,77449.97738,86529.75698,68173.30022,86551.61809,77432.84297,77664.67819,74905.13125,80212.81034,79582.73
6,78726.20759,82233.05826,83871.4101,75982.54734,72480.94005,84656.50594,69026.84272,87670.14053,73929.75662,77640.50799,71653.76172,79538.45977,80259.15
7,78299.39161,82109.97536,84760.91989,76644.86631,71642.87284,85702.62523,69872.89682,78132.94336,75624.24799,79159.45389,71899.87894,80339.27504,79159.83
8,76800.61088,83169.85595,85902.41156,71573.78434,69161.49049,84993.8187,68199.00364,77610.18474,75615.57942,78062.61029,73214.57595,81152.22311,78533.44
9,77801.98683,81539.00742,85876.24951,71556.84863,69926.86247,84552.49096,69085.13079,77365.05293,83792.75549,78153.21832,76213.65266,80384.34798,77991.03
10,78332.22361,81956.12172,85943.72006,70858.00166,70581.67949,82558.7886,69827.69658,74662.29101,84912.2573,77800.7564,76785.68978,82209.14387,76779.86
11,78429.07801,82106.55639,83005.30846,69855.97233,70173.06292,82669.83605,69858.3248,75483.96683,84853.49925,75867.65416,76692.25541,83195.34423,76888.74
12,77775.72124,80561.1821,83619.42822,69182.861,70664.67973,84847.85427,70533.69739,77156.02295,87740.88117,78262.1957,77622.25089,84030.98794,77279.34
13,78407.73721,78325.17594,83885.1796,64900.94976,72463.91436,84376.02528,69733.04592,75286.82608,79139.10165,79412.18352,80475.30054,83982.6955,76769.03
14,78054.79322,78868.79212,83960.91186,55047.35697,73051.63671,84683.24565,71924.51561,78251.50166,79254.49965,80373.76465,80222.80764,83776.0545,78519.3
15,77224.14366,78383.29843,83607.03567,61781.45896,73149.08638,84332.52216,72934.97716,80423.13909,77355.13956,80404.00761,78834.0167,83222.41694,75785.6
16,76075.02371,77996.95485,83772.26969,61573.08334,72533.58528,83857.99466,74074.09075,79864.5291,77340.39121,80361.0753,77531.35078,84454.36252,75839.85
17,74303.73739,79364.54272,83112.71057,61617.41505,69927.0865,83594.76806,73966.0824,78923.0593,79058.41719,79969.88064,80350.76139,84137.9765,76435.43
18,69963.34719,79880.80714,83905.83385,66937.55154,70834.15255,83020.15067,73810.64754,80180.99628,76336.67964,81078.50721,80969.8158,84677.10824,81089.62
19,64828.42263,79121.79587,83901.703,65206.45663,71509.80363,83694.122,74778.67483,78977.7631,76512.71846,82236.56183,84102.38162,83688.18758,81270.08
20,67663.4657,78543.99,83944.38846,65570.40829,72504.01434,82836.24367,73241.73165,71469.31555,73919.47984,81992.71474,84172.274,83940.57436,81244.29
21,65700.11219,77596.9354,82038.68946,60325.32023,75485.19032,81815.06509,70714.90314,68048.19052,72431.30848,80364.27785,84238.99188,83265.12409,86200.24
22,65657.43059,78427.74503,82051.08201,59734.06481,74905.64478,81883.34537,70742.69791,72784.14382,75800.36527,80398.32761,84868.61019,81313.90692,86137.29
23,72156.52469,78359.36564,82959.86911,62381.84637,74941.93638,79233.00752,69060.23693,74619.47643,75623.69885,80342.70594,84244.18046,81146.61612,84271.28
24,69539.81441,80055.17459,82980.52336,61044.7557,73952.20612,71236.5283,72200.50694,71315.10627,73950.85931,79813.34839,85979.79233,82056.17078,84176.45
25,67159.49452,80202.19029,82338.86459,65308.23691,71614.42202,68907.31219,72245.84211,71238.92839,73815.80992,79474.42178,84149.45227,79286.20321,84074.17
26,66476.58895,80164.58162,83093.43327,64732.0908,72347.98285,66386.33889,72319.51176,72092.83203,75088.0513,78963.34294,86641.62249,79307.98003,84146.38
27,65801.89138,79415.82726,82995.66981,69346.73887,74850.75933,67138.40322,72316.47592,71885.77246,74766.09794,79467.20094,87902.01953,79315.27996,84221.15
28,61597.75398,81709.95591,83034.22441,69253.09437,74133.44011,66949.91695,73175.41547,69288.37715,76477.33811,81445.32018,87522.8667,81069.9053,83280.28
29,61166.0132,81125.31209,83098.94107,69223.70594,73929.91591,65892.84011,72805.51557,68851.26438,76480.24071,81313.26026,87448.83947,82485.42003,83550.41
30,64056.87066,81101.37931,83282.07544,71718.23595,74038.11865,67376.11672,72419.28961,72960.31144,76161.69987,81390.81638,84535.80775,82259.79486,
