Category,Asset,Price,7 Day Return (%),MTD Return (%),YTD Return (%),90 Day Return (%),52 Week High,52 Week Low,90 Day BTC Correlation
Bitcoin,Bitcoin - [BTC],86246.24,2.404491033,3.479125881,-1.197843648,35.03452416,124672.41,58366.8,1
Equity Market Indexes,S&P 500 Index ETF - [SPY],769.6400146,-0.221684189,0.919188823,13.74522505,2.698216278,775.953186,628.784668,0.3476364776
Equity Market Indexes,Nasdaq-100 ETF - [QQQ],749.5800171,0.6823394345,1.326087473,22.43539903,3.810223462,749.5800171,557.0866699,0.3736065207
Equity Market Indexes,Russell 2000 Small-Cap ETF - [IWM],281.519989,-0.1595957744,1.306262972,15.14046027,-5.568664696,304.2952576,226.8056641,0.3056206915
Equity Market Indexes,International Stock ETF - [VXUS],85.43000031,-1.065429282,0.5532029494,14.07577782,-0.6796459675,88.25055695,70.3505249,0.3902091441
Sectors,Technology Sector ETF - [XLK],199.8099976,1.803634386,2.074072827,39.28646304,8.973778465,199.8099976,127.1997147,0.3009840408
Sectors,Financials Sector ETF - [XLF],53.49000168,-2.461703994,0.1685396068,-1.142508625,-4.383129934,58.35347748,47.47508621,0.1536434432
Sectors,Energy Sector ETF - [XLE],62.81999969,1.257251399,2.146340967,43.29010382,18.94109623,65.54042816,41.42878723,-0.3148683396
Sectors,Real Estate Sector ETF - [XLRE],40.81000137,-1.804619767,-0.2444352835,3.576623884,-7.081711244,45.62594986,38.95551682,0.1160044197
Macro Asset Classes,US Dollar Index - [DXY],101.9300003,0.9507765404,0.4731428008,3.713880313,1.070899204,102.0999985,96.22000122,-0.3482079273
Macro Asset Classes,Gold ETF - [GLD],380.1400146,-3.373068527,-0.1837994161,-4.080134998,-0.5207626224,495.8999939,357.6400146,0.5097809754
Macro Asset Classes,Aggregate Bond ETF - [AGG],94.25,-0.5633346164,0.04670479339,-2.735024714,-3.463270005,98.69525909,94.20600128,0.2798308508
Macro Asset Classes,S&P GSCI Commodity Index - [SPGSCI],730.3300171,-0.9950202652,-0.01231699877,33.14555369,16.52280651,777.8099976,534.8699951,-0.1438895915
Bitcoin Industry Performance,MicroStrategy - [MSTR],160.0099945,0.8826643283,4.520215778,5.304374939,58.78733734,359.6900024,82.30999756,0.8426721227
Bitcoin Industry Performance,Block - [XYZ],74.33000183,-2.734881429,1.087995464,14.19573823,-5.816011714,84.84999847,49.09000015,0.2916061672
Bitcoin Industry Performance,Coinbase - [COIN],183,-6.206755457,-1.829302932,-19.07667795,8.367386328,387.269989,141.0899963,0.7718667023
Bitcoin Industry Performance,Bitcoin Miners ETF - [WGMI],45.34000015,-5.972627531,0.9125302573,18.4739995,-19.72379511,72.09999847,32.33000183,0.3240230607
