label,price,type,color,outlook_year
Bull Case,160000,case,#00FF88,2026
Base Case,120000,case,#FFD700,2026
Bear Case,70000,case,#FF3B30,2026
"Resistance $126,219 - 2025 ATH",126219,resistance,#9ca3af,2026
"Resistance $108,287 - 2024 ATH",108287,resistance,#9ca3af,2026
"Resistance $100,000 - Psychological Level",100000,resistance,#9ca3af,2026
"Resistance $80,600 - Nov 2025 Low",80600,resistance,#9ca3af,2026
"Support $73,757 - 2024 Prior ATH",73757,support,#9ca3af,2026
"Support $60,132 - 2026 Low",60132,support,#9ca3af,2026
