Asset,Market Cap (USD),Market Cap BTC Price,BTC % Move to Marketcap BTC Price
Total Gold Market,26359321191406.25,1312055.3811465993,1457.8692301715182
US M0,5730000000000.0,285215.1343116181,238.65024914955225
NVIDIA,5434765466857.91,270519.6095256584,221.20151473312637
Apple,4977637079490.967,247765.69427251423,194.18464871652102
Amazon,2693018889770.91,134047.07580274603,59.160823383135984
TSMC,2337076979024.1895,116329.79484624343,38.12420614803222
Total Silver Market,1985170584869.3848,98813.38481588046,17.326093048931853
SpaceX,1959866945676.36,97553.87681395878,15.830615960431299
Meta,1914858460669.0261,95313.54503445978,13.17055755526941
Saudi Aramco,1715241555058.1938,85377.46082073149,1.3729458939132209
Bitcoin,1692011157348.81,84221.15,0.0
Broadcom,1684184341016.2803,83831.56422835644,-0.4625747471312808
Tesla,1469666022926.6418,73153.7508066743,-13.140878738090958
Samsung Electronics,1388336339043.1602,69105.50356193632,-17.94756594758404
Micron,1222319652551.97,60841.895964108284,-27.7593621505901
UK M0,1090000000000.0001,54255.584013902924,-35.57962101692635
Berkshire Hathaway Class B,1082086010189.6602,53861.659115701026,-36.047347826880745
Eli Lilly,1055340249511.1113,52530.368413397584,-37.628056119635524
JPMorgan,911917349566.9875,45391.38382859392,-46.104530953811576
Visa,689702784218.1937,34330.483810800884,-59.237692894479736
Switzerland M0,580000000000.0,28869.943787214397,-65.72126622919018
