Metric,date,Value
Bitcoin Price USD,2026-08-30,78493.48
Bitcoin Price USD,2026-08-31,78543.99
Bitcoin Price USD,2026-09-01,77225.02
Bitcoin Price USD,2026-09-02,76882.88
Bitcoin Price USD,2026-09-03,81260.99
Bitcoin Price USD,2026-09-04,79475.3
Bitcoin Price USD,2026-09-05,79582.73
Bitcoin Price USD,2026-09-06,80259.15
Bitcoin Price USD,2026-09-07,79159.83
Bitcoin Price USD,2026-09-08,78533.44
Bitcoin Price USD,2026-09-09,77991.03
Bitcoin Price USD,2026-09-10,76779.86
Bitcoin Price USD,2026-09-11,76888.74
Bitcoin Price USD,2026-09-12,77279.34
Bitcoin Price USD,2026-09-13,76769.03
Bitcoin Price USD,2026-09-14,78519.3
Bitcoin Price USD,2026-09-15,75785.6
Bitcoin Price USD,2026-09-16,75839.85
Bitcoin Price USD,2026-09-17,76435.43
Bitcoin Price USD,2026-09-18,81089.62
Bitcoin Price USD,2026-09-19,81270.08
Bitcoin Price USD,2026-09-20,81244.29
Bitcoin Price USD,2026-09-21,86200.24
Bitcoin Price USD,2026-09-22,86137.29
Bitcoin Price USD,2026-09-23,84271.28
Bitcoin Price USD,2026-09-24,84176.45
Bitcoin Price USD,2026-09-25,84074.17
Bitcoin Price USD,2026-09-26,84146.38
Bitcoin Price USD,2026-09-27,84221.15
Bitcoin Price USD,2026-09-28,83280.28
Bitcoin Price USD,2026-09-29,83550.41
Bitcoin Market Cap,2026-08-30,1575936253846
Bitcoin Market Cap,2026-08-31,1576987666081
Bitcoin Market Cap,2026-09-01,1550539966776
Bitcoin Market Cap,2026-09-02,1543703324374
Bitcoin Market Cap,2026-09-03,1631650429764
Bitcoin Market Cap,2026-09-04,1595830833792
Bitcoin Market Cap,2026-09-05,1598024790330
Bitcoin Market Cap,2026-09-06,1611648717890
Bitcoin Market Cap,2026-09-07,1589608141157
Bitcoin Market Cap,2026-09-08,1577062247209
Bitcoin Market Cap,2026-09-09,1566209128551
Bitcoin Market Cap,2026-09-10,1541918668761
Bitcoin Market Cap,2026-09-11,1544143917686
Bitcoin Market Cap,2026-09-12,1552026188373
Bitcoin Market Cap,2026-09-13,1541813691570
Bitcoin Market Cap,2026-09-14,1577002566607
Bitcoin Market Cap,2026-09-15,1522136809852
Bitcoin Market Cap,2026-09-16,1523258640882
Bitcoin Market Cap,2026-09-17,1535255142038
Bitcoin Market Cap,2026-09-18,1628776081683
Bitcoin Market Cap,2026-09-19,1632433077502
Bitcoin Market Cap,2026-09-20,1631954144965
Bitcoin Market Cap,2026-09-21,1731544455183
Bitcoin Market Cap,2026-09-22,1730317365035
Bitcoin Market Cap,2026-09-23,1692867112475
Bitcoin Market Cap,2026-09-24,1690998965726
Bitcoin Market Cap,2026-09-25,1688979495227
Bitcoin Market Cap,2026-09-26,1690470628949
Bitcoin Market Cap,2026-09-27,1692011157349
Bitcoin Market Cap,2026-09-28,1673151928217
Bitcoin Market Cap,2026-09-29,1678620519784
Sats Per Dollar,2026-08-30,1273.991165
Sats Per Dollar,2026-08-31,1273.171887
Sats Per Dollar,2026-09-01,1294.917114
Sats Per Dollar,2026-09-02,1300.679683
Sats Per Dollar,2026-09-03,1230.602778
Sats Per Dollar,2026-09-04,1258.252564
Sats Per Dollar,2026-09-05,1256.554029
Sats Per Dollar,2026-09-06,1245.963856
Sats Per Dollar,2026-09-07,1263.266988
Sats Per Dollar,2026-09-08,1273.342922
Sats Per Dollar,2026-09-09,1282.198735
Sats Per Dollar,2026-09-10,1302.424881
Sats Per Dollar,2026-09-11,1300.580553
Sats Per Dollar,2026-09-12,1294.006911
Sats Per Dollar,2026-09-13,1302.608617
Sats Per Dollar,2026-09-14,1273.57223
Sats Per Dollar,2026-09-15,1319.511886
Sats Per Dollar,2026-09-16,1318.568009
Sats Per Dollar,2026-09-17,1308.293811
Sats Per Dollar,2026-09-18,1233.203461
Sats Per Dollar,2026-09-19,1230.465136
Sats Per Dollar,2026-09-20,1230.855732
Sats Per Dollar,2026-09-21,1160.089577
Sats Per Dollar,2026-09-22,1160.937383
Sats Per Dollar,2026-09-23,1186.643896
Sats Per Dollar,2026-09-24,1187.980724
Sats Per Dollar,2026-09-25,1189.425956
Sats Per Dollar,2026-09-26,1188.405253
Sats Per Dollar,2026-09-27,1187.350208
Sats Per Dollar,2026-09-28,1200.764455
Sats Per Dollar,2026-09-29,1196.882218
Bitcoin Supply,2026-08-30,20077288.63
Bitcoin Supply,2026-08-31,20077763.63
Bitcoin Supply,2026-09-01,20078207.38
Bitcoin Supply,2026-09-02,20078635.51
Bitcoin Supply,2026-09-03,20079135.51
Bitcoin Supply,2026-09-04,20079582.38
Bitcoin Supply,2026-09-05,20080044.88
Bitcoin Supply,2026-09-06,20080560.51
Bitcoin Supply,2026-09-07,20080994.88
Bitcoin Supply,2026-09-08,20081410.51
Bitcoin Supply,2026-09-09,20081913.63
Bitcoin Supply,2026-09-10,20082332.38
Bitcoin Supply,2026-09-11,20082835.51
Bitcoin Supply,2026-09-12,20083326.13
Bitcoin Supply,2026-09-13,20083798.01
Bitcoin Supply,2026-09-14,20084266.75
Bitcoin Supply,2026-09-15,20084776.13
Bitcoin Supply,2026-09-16,20085201.13
Bitcoin Supply,2026-09-17,20085648
Bitcoin Supply,2026-09-18,20086123
Bitcoin Supply,2026-09-19,20086519.88
Bitcoin Supply,2026-09-20,20087001.13
Bitcoin Supply,2026-09-21,20087466.75
Bitcoin Supply,2026-09-22,20087901.13
Bitcoin Supply,2026-09-23,20088304.25
Bitcoin Supply,2026-09-24,20088741.75
Bitcoin Supply,2026-09-25,20089160.5
Bitcoin Supply,2026-09-26,20089641.75
Bitcoin Supply,2026-09-27,20090098
Bitcoin Supply,2026-09-28,20090613.63
Bitcoin Supply,2026-09-29,20091110.5
Bitcoin Miner Revenue,2026-08-30,41312202.84
Bitcoin Miner Revenue,2026-08-31,37381314.12
Bitcoin Miner Revenue,2026-09-01,36295341.42
Bitcoin Miner Revenue,2026-09-02,33241350.65
Bitcoin Miner Revenue,2026-09-03,39790482.85
Bitcoin Miner Revenue,2026-09-04,37188372.73
Bitcoin Miner Revenue,2026-09-05,37002458.29
Bitcoin Miner Revenue,2026-09-06,41274564.58
Bitcoin Miner Revenue,2026-09-07,34976628.59
Bitcoin Miner Revenue,2026-09-08,33907781.92
Bitcoin Miner Revenue,2026-09-09,39906393.42
Bitcoin Miner Revenue,2026-09-10,32720911.86
Bitcoin Miner Revenue,2026-09-11,39311142.16
Bitcoin Miner Revenue,2026-09-12,38064318.29
Bitcoin Miner Revenue,2026-09-13,37480676.01
Bitcoin Miner Revenue,2026-09-14,37502641.65
Bitcoin Miner Revenue,2026-09-15,39364502.75
Bitcoin Miner Revenue,2026-09-16,33159531.15
Bitcoin Miner Revenue,2026-09-17,34380279.65
Bitcoin Miner Revenue,2026-09-18,37793063.38
Bitcoin Miner Revenue,2026-09-19,32701948.69
Bitcoin Miner Revenue,2026-09-20,39070901.69
Bitcoin Miner Revenue,2026-09-21,39684991.71
Bitcoin Miner Revenue,2026-09-22,39167761.23
Bitcoin Miner Revenue,2026-09-23,34665848.81
Bitcoin Miner Revenue,2026-09-24,37592593.87
Bitcoin Miner Revenue,2026-09-25,35559123.36
Bitcoin Miner Revenue,2026-09-26,41205215.66
Bitcoin Miner Revenue,2026-09-27,38741479.71
Bitcoin Miner Revenue,2026-09-28,43271084.88
Bitcoin Miner Revenue,2026-09-29,42296598.4
Bitcoin Transaction Volume,2026-08-30,62040949355
Bitcoin Transaction Volume,2026-08-31,82530772139
Bitcoin Transaction Volume,2026-09-01,80379053985
Bitcoin Transaction Volume,2026-09-02,72751630177
Bitcoin Transaction Volume,2026-09-03,82868685815
Bitcoin Transaction Volume,2026-09-04,79773971344
Bitcoin Transaction Volume,2026-09-05,54106685398
Bitcoin Transaction Volume,2026-09-06,48761859314
Bitcoin Transaction Volume,2026-09-07,58153460657
Bitcoin Transaction Volume,2026-09-08,61726970791
Bitcoin Transaction Volume,2026-09-09,69268588583
Bitcoin Transaction Volume,2026-09-10,66363418407
Bitcoin Transaction Volume,2026-09-11,66374364826
Bitcoin Transaction Volume,2026-09-12,50145653557
Bitcoin Transaction Volume,2026-09-13,54064238163
Bitcoin Transaction Volume,2026-09-14,64053087848
Bitcoin Transaction Volume,2026-09-15,77233487397
Bitcoin Transaction Volume,2026-09-16,68343559516
Bitcoin Transaction Volume,2026-09-17,83481478920
Bitcoin Transaction Volume,2026-09-18,95519464814
Bitcoin Transaction Volume,2026-09-19,67717176944
Bitcoin Transaction Volume,2026-09-20,51520684094
Bitcoin Transaction Volume,2026-09-21,102100413517
Bitcoin Transaction Volume,2026-09-22,104705190018
Bitcoin Transaction Volume,2026-09-23,133876036905
Bitcoin Transaction Volume,2026-09-24,91990684345
Bitcoin Transaction Volume,2026-09-25,103063944636
Bitcoin Transaction Volume,2026-09-26,84159229286
Bitcoin Transaction Volume,2026-09-27,57015559136
Bitcoin Transaction Volume,2026-09-28,79540490833
Bitcoin Transaction Volume,2026-09-29,136805514764
