Metric,Value,Category
Bitcoin Price USD,84221.15,Market Data
Bitcoin Marketcap,1692011157348.81,Market Data
Sats Per Dollar,1187.3502083502779,Market Data
Bitcoin Supply,20090098.00209116,On-chain Data
Bitcoin Miner Revenue,38741479.71,On-chain Data
Bitcoin Transaction Volume,57015559136.2,On-chain Data
Bitcoin Dominance,58.70428301275279,Investor Sentiment
Bitcoin Fear & Greed Index,70.0,Investor Sentiment
Bitcoin Market Sentiment,Greed,Investor Sentiment
Bitcoin Valuation,Fair Value,Investor Sentiment
