day_of_year,2014,2015,2016,2017,2018,2019,2020,2021,2022,2023,2024,2025,2026
0,87291.86,87291.86,87291.86,87291.86,87291.86,87291.86,87291.86,87291.86,87291.86,87291.86,87291.86,87291.86,87291.86
1,89981.12095,85499.6818,87741.11914,90415.53442,84453.7922,90298.49639,87272.00256,88201.04834,89278.39503,87598.49117,90264.73616,88308.31328,88448.95
2,93478.94904,85934.80853,87603.50823,91626.27498,92761.46676,92147.84631,84466.01177,96254.07855,89234.06915,88098.15903,93066.63759,90320.77429,90145.35
3,96406.72537,78466.94612,86787.96124,92699.4725,93449.95878,89548.9573,89208.28604,100580.1708,87219.42963,87642.8838,88096.15324,91576.7032,90300.85
4,98833.6194,71798.62907,87728.977,100879.6628,93250.93325,90553.36795,89323.04501,94354.54477,87139.75622,88648.02594,91385.82279,91642.08783,91231.13
5,107612.1781,75276.92332,87439.58936,87618.52468,105368.668,90415.80327,89317.80654,102205.3593,82010.15795,88627.80908,91058.79362,92277.78831,94208.64
6,108287.1766,76419.13097,87362.68914,80574.87412,105229.8566,95543.62116,94454.42771,109228.5036,81393.9905,89581.9604,90248.49511,95612.06769,93321.48
7,96709.63991,81586.26083,92365.25036,80987.50319,102130.4858,94746.02865,98814.90303,117829.8935,78532.72668,89575.57335,90454.13944,90417.89766,91171.67
8,97909.37229,78592.04505,91525.41908,82377.41162,93124.81497,94588.91282,97888.5472,122710.3337,78762.18384,89573.03964,96680.1789,88623.43838,91163.02
9,98634.45906,78592.04505,91448.51887,80857.19927,89657.28125,94733.77974,95335.22107,121335.3571,78797.45592,90672.77346,95003.4708,86276.20136,90265.31
10,101068.5085,78592.04505,90487.26621,81889.67683,90211.96409,85668.1727,98199.80958,115734.4031,78663.36542,91652.3674,96670.47967,88366.02264,90197.47
11,105718.3659,78592.04505,90572.26118,71266.28814,83399.20074,85640.14154,97936.668,105400.5481,80524.46764,92798.1302,95446.14782,88336.92957,90396.55
12,100659.4547,78592.04505,90452.86348,73849.74425,85657.88728,85578.19032,99089.7398,100998.3842,82732.6132,99453.4887,88014.63843,88158.74384,91201.01
13,98626.11102,70708.09272,87223.05455,74610.75531,89135.98818,82745.62979,99005.07156,112129.0052,80466.71196,104586.6707,88238.07156,88272.90985,95474.68
14,97260.61045,32634.50433,87338.40487,74653.28506,84463.60904,86568.23206,107140.4104,117074.3229,81385.67232,110707.8396,87073.19394,90315.54838,97089.48
15,100265.9043,57629.81511,78504.99884,73852.45891,86396.3389,84556.34853,107257.8495,109968.2761,81421.73661,110208.2773,87955.80331,93437.97745,95514.28
16,97379.86814,54243.98528,77758.2573,75239.65268,69191.04134,84892.25134,106114.6455,108184.5349,81404.55326,111570.4608,89218.62252,93374.40647,95491.29
17,94688.22204,50039.57331,77829.08644,81646.26187,69499.67785,85682.54162,108576.1157,109204.9118,79482.33792,111961.6544,87965.85336,97788.28942,95169.12
18,96500.93895,50039.57331,77881.70238,78915.30897,69664.75087,85459.70567,108529.5786,109314.5356,80180.42337,109191.9975,85017.14273,97568.99757,95341.62
19,100360.1179,61328.39226,77084.36859,81633.59344,71016.66133,87263.59328,105571.3068,109462.7368,78712.31251,111219.9121,85980.70972,94498.93977,92417.62
20,98936.18102,56566.47417,82513.92836,80940.449,80264.31415,83608.23575,105468.3649,105436.9289,76949.25537,119445.5347,86022.5196,96384.7356,88416.01
21,98326.77421,61328.39226,82538.21263,83484.99491,70845.77324,83446.64436,106073.5905,93672.72874,68787.57832,121504.3816,85967.7499,99066.39339,89853.94
22,97731.67833,63009.06924,76981.16041,83260.58261,65964.55173,84527.6107,104998.4866,100760.9011,66104.39136,119576.7595,81747.4701,96998.56953,89207.28
23,96561.76037,63707.99154,78772.1259,83409.88918,69288.52196,83846.85395,101603.8383,96264.91153,66972.65046,120922.1044,81589.41391,97297.55882,89223.4
24,93111.63535,67324.98243,81487.91762,81686.98185,69659.31096,84388.16157,102628.9941,96466.88651,69119.75835,119607.4279,82340.58839,97938.29824,89142.15
25,95710.26046,68755.46154,79555.29385,80729.61002,70081.18506,84312.5481,101447.2935,97529.00048,69365.94617,122100.4887,82185.71024,97928.10819,86150.55
26,97000.62868,74042.25124,79545.1754,82560.19906,67960.74717,83922.23186,104267.5377,98287.3696,69324.33643,121127.3873,86130.09851,96776.28611,88089.04
27,88668.09376,71499.47945,79864.91839,83332.06878,71708.46732,83674.89809,108507.1629,91233.0804,69412.62981,121727.031,86972.38385,95271.57028,89138.78
28,93845.07016,63947.31124,77450.65645,82732.12784,73412.53355,80931.14216,111025.038,100804.4136,71057.47832,121044.039,86190.25438,94510.99021,89106.74
29,94660.79277,64061.532,76420.59833,82570.15283,69648.36862,80395.25233,113653.6518,103583.1645,71737.07893,125235.316,88982.4153,96956.79966,84162.46
30,95216.53361,62769.74954,76400.36144,83250.62884,63347.95689,81414.97412,116099.894,103177.8604,71667.83625,119749.421,89049.11299,98002.02815,84086.21
31,95763.92642,62065.38815,76651.29897,86583.33246,62494.89207,80814.07084,113861.9723,99534.69752,72545.69615,121943.6101,87937.97323,95573.09307,78489.63
32,96858.71203,61921.25243,75372.32701,88392.20418,56874.28102,81587.63665,113895.2304,101264.003,73100.58071,125153.8151,88701.81861,93942.60018,76840.37
33,97195.01872,61700.96952,75756.82808,90707.81335,44801.87879,81555.12992,113999.5125,107005.2141,69722.81665,123916.2055,88999.02781,90897.36311,78564.03
34,96213.52791,62247.59747,74874.49932,91528.54704,57084.99923,80698.17731,112652.9829,112875.3678,69811.24207,123729.3447,88938.19093,94801.27589,75827.62
35,95431.19746,61586.74876,78486.78563,93390.80717,51900.76869,80787.45302,111246.6373,111925.2247,76641.33197,123569.2462,87992.72229,90637.12407,72896.27
36,93067.51001,59256.10124,78146.80574,91507.73461,44829.07832,81179.41815,117526.2188,114310.4975,78570.84694,120942.638,87919.23514,90306.9289,63960.69
37,91066.36594,60749.12981,76108.9501,92579.12236,47911.81684,79764.669,118584.8764,118449.3898,78947.59805,120765.2786,88967.37117,90302.66591,70866.09
38,84684.88686,62258.47564,76129.187,94787.04982,48039.74843,79651.60213,119061.3332,116835.7565,82884.69812,122419.2605,91114.82215,89721.48689,69184.54
39,81153.66661,60838.8747,75441.13247,95645.78882,51485.14736,85377.49664,120438.6845,134656.7687,83262.73186,120903.1544,93381.9245,90317.93229,70716.78
40,81902.60491,60156.26965,75643.50145,88360.53309,53344.53228,85621.76818,123288.0449,140570.0738,83928.07274,115398.89,97596.17839,89504.73788,70130.11
41,82132.77226,60161.70873,76940.68662,90271.65718,53263.1838,86055.66227,120257.0437,135796.7297,82467.03516,114195.8022,98668.99587,91126.45236,68463.88
42,80737.45727,59742.89926,76400.36144,91593.699,51912.02367,85180.33629,124704.8674,143910.1538,79862.22014,115317.9698,99106.05972,89439.29716,67223.2
43,77708.3119,60303.12492,77511.36714,90569.36544,55733.52646,84847.02459,126066.5033,143681.0663,79529.90807,115115.2734,103363.1347,91378.2776,66120
44,73373.2948,64496.65873,78697.24937,90489.73527,53319.45869,84729.24661,124617.0317,142290.5624,79584.87217,115200.7332,102200.6715,90286.58619,68914.41
45,79934.853,69941.18186,81291.61971,91472.44396,59064.81241,84443.98833,126040.6764,147395.3958,80401.4869,116917.3715,106923.1445,91193.80021,69929
46,78212.77193,63506.74543,81050.80062,91551.16925,63150.05686,84642.56201,120609.4829,145438.0861,83294.23153,128055.5943,106982.64,91340.77072,68530.75
47,74453.76949,64532.01277,82252.87237,93617.02924,63781.89883,84935.35808,120277.1448,147451.1556,83246.13323,125920.1027,107155.3688,90264.21481,68504.29
48,75217.01872,65978.80913,84430.36261,95775.18785,69246.87854,85359.82994,117678.1343,156801.0145,76809.37421,129618.5211,106834.1592,89376.10013,67584.7
49,74761.45434,63884.76177,85084.01442,95904.58688,65473.08435,91324.10708,123797.6381,156002.804,75317.47827,129705.8812,107361.818,89253.32399,66229.12
50,74466.88784,65894.50333,84788.5557,94886.58753,69550.45031,92160.33077,117615.2727,167394.4398,75415.844,128733.8356,107024.3467,90319.25045,66844.32
51,67202.90184,66737.56136,88991.75944,95950.73618,70952.13279,93357.89732,117140.8869,167464.5232,72674.41096,130947.9776,108004.0722,91814.57086,67718.23
52,68552.89891,66816.42807,88388.69988,100599.1474,65385.17047,92332.28663,117765.7264,173056.0284,70578.07978,128212.4729,106022.024,89392.4977,68148.25
53,72192.64366,64211.10681,88427.14998,102618.8581,61886.5605,93569.66214,117716.3873,163376.6663,71744.03904,127180.4101,105870.9018,90310.28508,67588.61
54,72210.53231,65154.7879,85059.73014,100546.6639,63265.9206,97242.21526,121334.0968,145738.2802,70484.22209,125797.693,104653.0705,89413.58831,64652.66
55,65062.22627,65260.85003,85494.82345,106611.2253,60416.53529,88904.94728,117542.5433,148887.7899,72180.97904,122227.0156,106326.6212,86364.65851,63948.94
56,64381.26485,64907.30957,85397.68634,103975.2857,60062.62876,90539.70571,113881.7079,144937.3615,74130.61984,121924.2378,106989.1818,83141.97426,68319.15
57,69806.29725,64556.48865,86031.10125,106359.6663,64360.96745,89887.68678,107276.7323,138738.8179,73938.2078,123849.9596,112198.3291,78638.96105,67588.75
58,69951.79163,69095.40429,87370.7839,107535.1162,66832.43561,90224.06071,106784.0728,140981.9379,70913.0514,123742.066,117426.813,78681.45077,65560.05
59,65293.58619,68611.32581,87091.51471,107707.045,65796.10223,89714.31759,106331.9809,136406.4462,81393.14171,122318.8096,128581.6095,78637.35308,66909.88
60,67632.22953,70036.36584,87668.2663,110271.4985,68466.40833,90412.74104,103864.054,148539.4192,82774.09091,124047.9582,128766.4727,80367.57762,65676.54
61,66091.42015,74229.89964,86512.73942,113715.5034,68942.86907,89850.46894,108481.4578,144303.7222,83156.38747,123734.0426,127570.3718,88223.52081,69115.81
62,80663.5175,76103.6641,85278.28864,115597.671,71347.11999,89530.58393,106511.7943,152822.7513,80204.54796,117959.4107,129945.1356,80595.20848,68399.4
63,80404.72831,73498.34284,83376.02022,113911.8641,71656.63189,87583.71385,106281.7891,145481.2977,73450.5854,118012.9881,139631.3035,81512.61256,72812.18
64,79986.13381,75570.63386,81210.67212,114540.7615,72457.86128,90651.59479,110726.5672,147278.6102,74229.38167,118167.2274,131444.6574,84354.86187,71031.6
65,79783.39573,74142.8743,82372.27007,115291.8188,66872.76595,90964.17756,111175.0043,146928.0127,72597.81206,118199.5849,136434.5608,84376.72842,68374.58
66,75226.55933,75162.70256,83442.80198,112476.7113,62126.60417,91281.00034,108544.3194,153475.8599,71945.9387,116762.3932,138219.7146,80714.1984,67389.65
67,74001.78284,75013.12775,83489.34685,105292.803,58343.93106,90672.32372,100074.2061,155984.2676,72657.90664,115363.207,141033.2963,80522.79365,66183.95
68,76324.92267,77988.30672,83515.65481,108392.0455,57756.73384,92546.64256,95691.4368,164093.0275,79026.44153,107556.1737,141132.6412,75288.25605,68527.58
69,74905.75614,79424.22491,84319.05967,112865.8132,55048.3484,92491.28691,96752.1654,170383.9223,74285.49635,106543.1138,141623.0921,74154.21515,69808.73
70,75812.1146,80299.91745,84693.44228,106271.8922,59569.59819,91208.92021,96449.1871,173474.9941,73353.0496,108202.7438,149320.4223,77495.86128,70331.35
71,75722.67133,80343.43012,83386.13866,111146.5255,57139.39829,91437.4095,67722.28846,172424.9469,73494.25111,115510.637,146850.8124,77852.28883,70233.42
72,76623.0669,78276.57818,83554.10492,112483.9504,57195.17296,91033.66657,68571.04189,183686.4965,71112.85737,127716.2361,151022.7405,75962.24871,70846.75
73,75070.33176,77341.05572,83756.4739,112689.36,51418.9931,90997.86207,64254.54532,181314.7048,74688.06965,130427.7762,147463.9689,78668.59635,70905.33
74,75717.90102,77942.07451,84359.53346,112940.0141,51694.05226,92241.83314,65381.91209,169450.9616,74272.04769,128830.0108,142390.0743,78680.9366,72473.79
75,75726.24906,78741.61987,84375.72298,106376.8592,53207.40913,94477.96596,61016.07647,169488.6965,77454.28746,132132.5378,136009.0948,76946.76692,74380.82
76,74224.79472,77738.10886,84719.75025,100170.2303,49462.75283,93897.7916,66188.39231,176490.0244,77021.06329,145323.3788,141027.1053,78606.12851,74135.37
77,72872.4125,69818.80247,82477.50194,87195.94184,51280.80698,93873.52934,65293.83275,173455.4045,78690.01754,143222.3562,139491.2012,77029.0259,71029.13
78,72895.07146,71445.08861,82497.73884,93587.16793,53219.16433,94544.6283,76004.06067,175342.0289,79483.52623,148805.3766,127478.4149,80809.37725,69992.9
79,69837.30425,71575.62662,83477.20471,94227.82885,55749.03331,94994.77575,75596.55669,175411.5406,77792.63539,147118.9843,139489.8185,78648.22559,70671.39
80,68087.79391,70958.29058,83420.54139,100346.6836,55484.60386,93827.83148,75215.0014,173227.0692,77620.82074,148712.5796,134793.7399,78666.68922,70072.02
81,67229.13853,72984.34939,84400.00726,91640.75319,54454.52324,93907.68495,71838.01774,163743.2725,80297.74548,143880.8557,130252.8489,78505.91072,68245.78
82,66959.61615,72396.92832,84503.21544,93139.24822,54470.65538,94022.40071,78619.51746,163997.0352,80311.40162,149442.234,133257.6706,79833.37569,70770.52
83,69694.19502,67621.41251,84361.55715,84707.499,53923.10069,93827.83148,82356.24976,158102.7781,82995.00355,145139.1045,138321.6184,81493.93391,70175.03
84,69584.47794,66800.11082,84410.12571,85950.81553,53748.02325,92321.2155,81202.56884,156963.8703,83406.76267,145265.2619,144398.4548,81933.96665,71250.8
85,69398.43594,68287.70031,84422.26785,86582.42757,51114.2333,92590.69153,82200.07036,164007.1159,83964.85379,147926.8141,144443.5459,81304.05299,68554.36
86,56698.68435,67613.25389,86225.37547,92840.63508,49571.05074,94803.03319,81169.91979,168959.776,88150.08448,143468.2312,142742.7548,81474.12407,66066.39
87,59672.97118,68350.24978,85434.11275,93996.17744,49695.29319,94770.99758,75891.2509,167253.5207,89294.69186,143675.8367,146112.0612,78645.72014,66343.27
88,58673.59173,66038.63905,84219.89887,93734.66472,44741.35202,96291.04025,71843.86533,173363.5949,89242.02894,149913.081,144334.8939,76951.63757,66119.59
89,54968.25525,67547.98488,83578.3892,92926.59947,42685.31761,96227.20458,78731.83993,177069.1377,88901.88912,147415.1112,144061.0866,76880.30719,66745.09
90,54290.87156,66392.17952,84351.4387,96976.87952,43338.48151,96769.45443,78463.33805,177128.8395,86208.21485,150500.3201,146279.4865,76931.51923,68266.98
91,57148.28585,66857.22121,84375.72298,97060.12924,42544.4428,97557.38914,81214.02037,177206.8069,87202.6801,150457.8277,144331.6333,79584.0372,68256.91
92,52379.17076,68355.68886,84642.85004,98233.76937,43855.71029,112901.2694,82897.63921,177591.0769,87100.63627,148617.8296,135131.9128,77091.23197,66860.33
93,53780.44864,68981.18353,84482.97854,103778.9249,46406.27593,116884.992,82258.78992,173149.9444,87455.18672,146965.8007,136357.132,77464.97326,66834.57
94,53872.27706,68959.42719,84551.784,102695.7736,42307.08782,115340.4515,83353.75128,175181.9114,88136.03223,148663.8058,141096.0111,78492.02794,67389.54
95,55246.12567,70389.9063,85336.97564,101783.6462,42517.86855,118163.3542,82479.90194,177128.9899,86258.55773,148723.9813,139539.2846,77749.92085,68732.22
96,54556.81621,69845.99789,85361.25992,107615.6513,41336.72112,119341.8407,88309.58444,175080.0212,82171.0326,147792.7389,142593.2216,72606.21497,68655.94
97,53552.66645,69109.002,85282.33602,107605.6975,43257.57073,122190.4191,87281.87037,169403.9885,82269.79443,147167.4942,142865.5842,74409.0787,71900.42
98,54057.12648,66873.53846,84681.30014,106537.9293,43816.88061,123843.5509,89570.22754,173590.3955,79588.30506,147240.3911,147784.7039,71488.76796,70931.44
99,52703.55168,66065.83448,84464.76533,109555.7318,41955.18217,122288.6459,89178.07349,175028.5344,80411.95535,149810.2548,142630.6565,77652.01219,71708.04
100,44156.35292,63941.87215,85324.8335,108953.9811,42720.20804,124741.4902,83387.61858,178570.469,79579.25127,155800.1461,145974.0432,74309.47793,72927.82
101,50494.89923,64502.09781,85381.49682,110417.1855,43301.71525,118709.6085,83509.56521,180057.8077,74993.33349,159429.3627,144542.8908,77808.7614,73285.01
102,50460.3145,64488.5001,86318.4652,110067.8986,49111.91015,119434.4142,85344.97776,180329.8661,75293.56116,157620.7191,138036.9769,79606.51142,70775.86
103,49656.51766,60955.81501,86035.14863,106185.0229,49634.07861,119426.8764,83400.53201,189948.3228,77729.59833,159651.9593,133668.5259,77870.1448,74701.15
104,54837.07179,58820.97451,86211.20964,106417.5792,50267.67136,120883.319,83779.40716,189668.561,75113.73013,160942.3544,134875.7912,78954.52554,74136.2
105,62383.69852,60148.11102,86820.34027,106606.7008,52047.58363,118835.8665,80645.82947,190075.9414,76105.78103,159671.965,130356.7751,78381.61075,74948.73
106,62983.56471,62193.20663,87366.73652,106327.0904,50253.35252,122203.8458,86972.06988,185941.954,76104.64931,159732.51,131723.1697,78685.76051,74969.38
107,59461.88507,60781.76432,86419.64969,107108.009,49228.77434,122625.2554,86248.3087,183349.2898,74986.69404,155748.7857,127006.0417,79500.73117,76942.51
108,57540.64366,60860.63103,86391.31803,108833.631,51018.8161,123740.8485,88270.6005,169481.2939,76878.33396,159668.8506,131481.9272,78758.60538,75865.56
109,60082.02507,60830.71607,87399.11556,108828.2016,51752.45309,124228.2138,87318.53963,169152.0915,77921.7463,152397.5377,131538.8431,79571.0332,74094.84
110,59812.50268,60898.70462,89384.35526,111381.7964,55122.94389,124984.3484,83417.46566,169743.5725,78089.61878,148915.2761,133369.8515,79519.39112,75866.85
111,59229.33257,63650.88115,91377.68973,112626.0178,55104.06054,124527.1343,84195.0734,163810.738,76053.85374,143793.179,134023.7654,81443.72218,75902.11
112,58348.01823,63520.34314,90432.62659,112573.5343,55125.57005,126547.4978,86572.48451,156139.6908,75014.49674,146987.2316,137974.5097,87217.56609,78511.47
113,58382.60296,63830.37093,91225.91299,112633.2569,55748.7832,130885.7321,91766.48517,152666.0642,75096.67881,145413.0087,136632.7759,87331.6947,78314.95
114,59905.52368,62962.83702,92873.1965,113175.285,59852.41078,128061.4161,91402.71629,151287.4465,74404.72353,145156.5765,132028.5304,87348.26055,77600.6
115,55657.56471,61706.4086,94407.15338,115195.9006,56998.89864,121109.4527,91541.35292,145953.4955,76073.67778,148871.5168,133210.2476,88456.43367,77617.92
116,55035.03956,59658.59346,94678.32781,117397.4939,57613.10781,120912.9991,93176.85096,161600.117,71895.35061,149447.671,131694.7943,88337.49049,78470.63
117,52461.45857,61730.88448,91476.85053,120461.4457,56395.06906,122678.9622,94504.98501,165456.9304,73919.08165,155694.6278,130299.6528,87551.84662,76843.9
118,52474.57691,61034.68172,90624.87712,119943.8496,58375.69511,120833.8523,94518.26391,164699.1029,75065.27345,154994.7972,130302.5213,88650.87674,76083.58
119,53434.60133,61641.1396,92187.16565,120659.6162,58812.7009,121106.155,106371.574,160626.0511,72637.19608,154102.5633,131686.1888,88192.50191,75861.2
120,53528.81491,64483.06102,90981.04653,121848.6394,57674.82261,123732.1329,106016.8202,171746.3206,71098.74854,155223.4113,124684.7062,88207.46913,76106.22
121,54876.42683,63615.52711,91573.98764,126994.7392,56850.52051,125082.8108,107790.4675,173389.5038,72518.17638,148605.8473,119116.708,90277.04119,78106.54
122,53772.1006,63852.12726,89991.46221,129802.6076,57671.00842,126793.4183,108765.4315,169778.7797,72635.66825,150829.4907,121812.8671,90319.37199,78574.23
123,52456.68826,65222.77645,91442.4478,129322.1119,60935.38979,133612.7636,108521.5382,172655.1779,70967.44963,153751.17,129927.7596,89753.84265,78657.11
124,52175.24011,64632.63583,90442.74504,138623.4588,60475.87404,131150.7326,108456.4837,162073.699,74807.20252,152130.8652,131679.2343,88538.26261,79845.98
125,51432.26469,63852.12726,90604.64022,137756.5758,61264.72296,135209.1264,109160.1438,172264.0169,68555.87657,155822.791,131917.2575,88559.68043,81189.14
126,51221.17858,62372.6964,93089.73131,140105.6658,59885.55043,134036.0577,113417.799,169807.8783,67790.96279,152234.7999,130349.9444,90155.67671,81298.61
127,52921.79326,64518.41506,92632.37741,138695.8499,58361.50133,138582.9945,120546.0121,172812.8279,66789.53743,152127.223,129303.3148,90663.63691,79802.42
128,52354.12665,66471.04624,92573.69041,147809.8849,57661.44169,139368.3381,120652.1215,177093.4216,64416.68821,145562.1278,125824.9436,96046.09858,80312.72
129,53977.22383,66016.88272,93484.35082,155673.3642,58205.11966,145160.6594,116552.1077,175198.3715,58644.55332,145414.3811,129354.5144,95973.16022,80467.24
130,54284.90867,65298.92362,91561.8455,159263.0561,56885.84864,149750.4675,106223.3132,167755.2985,58337.2335,145527.2366,125758.5761,97042.43351,82152.52
131,52270.64626,65709.57447,91576.01133,166230.6961,52655.66509,172820.8191,104769.8214,169666.9592,54287.18732,142144.8979,125769.4723,96917.32021,81630.4
132,52767.95084,65810.19752,91596.24823,154658.9844,53119.80788,163275.3846,107399.4099,157649.1469,54759.19192,140824.3094,126323.7937,96024.15724,80394.05
133,52336.23799,64512.97598,92496.79019,160252.099,54477.90858,183286.8064,113632.698,148320.5929,55485.32528,142024.1774,129807.9431,97131.34875,79419.31
134,53204.43399,64537.45186,92527.14554,161103.5989,54214.41704,186871.2616,119078.5105,150944.8233,56637.25114,142035.2623,127239.8551,96793.89901,81280.42
135,53252.13706,64589.12315,92599.99837,156581.8721,53121.93382,193191.6994,114139.3673,145537.9602,58720.5109,143839.0496,136283.9544,96808.63252,79136.63
136,53308.18818,64461.30468,92391.55832,156230.7754,51999.49986,185146.9919,114734.847,137805.9174,56476.01811,142247.4602,134772.6492,96798.5453,78286.58
137,53753.01937,64464.02422,91656.95892,161470.0787,50298.99771,170865.7046,118771.6338,129983.8705,57492.25021,144127.7865,137914.2713,96555.43303,77709.76
138,53295.06983,63645.44207,91733.85914,170048.4198,51445.4423,171041.1938,118106.3485,128792.9042,54540.1089,142106.6812,137925.0849,98926.58397,76815.1
139,53398.82403,63142.3268,89588.74794,176823.3186,51426.55894,193757.7403,118072.9685,118102.2528,56946.34399,142018.0015,136486.5446,98777.53806,76739.61
140,58294.35227,63716.15016,89424.82906,180525.2166,53248.80244,187604.5473,116288.2351,123504.7225,55066.98328,143016.2287,144527.2069,99941.61625,77422.36
141,58832.20446,63930.99398,89511.84772,182234.5506,52604.70505,187530.3472,110781.7538,111725.0251,55527.44429,141411.4957,144421.6917,102395.8488,77633.48
142,62987.14244,65141.19019,88643.68479,193071.4929,50128.0471,180996.0246,112030.5799,113255.2143,56999.79911,142014.412,142686.9739,103733.7656,75824.23
143,62378.92821,64880.11415,89432.92382,202625.3036,46930.69538,185929.5088,112234.1492,103372.0115,55004.6064,143702.2823,139494.1729,100630.5387,76685.06
144,62848.80351,65339.71675,90367.86851,221961.8618,47439.92062,188850.6384,109911.0719,115751.5854,55673.77628,138930.1005,141568.9415,101112.8929,76775.73
145,68226.13283,64238.30223,90495.36097,227271.7464,46379.0764,189384.6438,108517.518,115027.7615,55811.03561,139366.7424,142739.8863,101366.3635,77122.36
146,69751.43871,64436.8288,91630.65095,227209.3091,45829.0206,204813.7953,107434.2518,117100.8036,55544.5522,140651.4368,141183.6757,102425.0822,75867.67
147,68298.88002,63884.76177,95499.94587,227311.5615,45852.28089,207371.462,111074.8643,116894.9167,54215.83209,141898.1783,142901.6984,101990.4716,74171.78
148,69250.5564,64551.04957,105861.2377,227169.494,44439.96871,205200.1071,116208.6835,105804.3777,54523.03872,148483.332,141119.2068,100638.2794,73333.27
149,68289.33941,64401.47475,106081.8199,208369.5346,46501.94324,203562.7576,114939.3909,104223.9957,55321.22521,146589.2815,139447.2657,98999.87757,73303.61
150,74017.28634,63106.97275,106541.1975,227278.0806,45984.08919,194613.2796,117753.7875,107371.5194,59660.65337,146421.9514,141082.5354,96969.39232,73766.08
151,74705.40322,62410.76999,106834.6325,207807.599,46800.88797,200662.3569,115031.8559,111596.3835,59942.28303,143601.2508,139262.1961,97890.40499,73844.88
152,74831.81637,60556.04233,108686.3087,216822.0962,46929.25725,201510.8295,124439.7766,109988.0764,56251.03127,141875.9556,139514.273,98928.93048,71338.33
153,79125.09327,61399.10036,108643.8112,219686.9726,47674.7745,205329.4273,115933.8468,113159.3123,57552.08071,143723.1854,139634.7704,98934.53969,66853.7
154,79940.81589,61603.06601,115299.727,231569.9658,48014.54978,199298.7234,116996.1591,117248.5233,55814.88347,142831.057,142476.934,98909.26087,64751.85
155,76710.12502,60912.30233,116026.2316,227277.1757,46878.60984,180410.9036,119179.9906,111012.4555,56274.83521,143616.2946,145732.2848,97915.17897,63257.25
156,78992.71724,60969.41272,116212.4111,240686.7155,47498.19639,182990.0059,117722.1131,106252.8031,56385.46129,135780.6516,146365.2112,94750.32561,61526.79
157,77425.67117,60985.72997,117954.808,258321.1787,47916.63147,182650.0986,117717.6056,107590.9475,58997.61366,143411.5396,146133.4408,97787.87808,60758.81
158,78227.08286,60836.15516,116489.6566,243870.1125,47952.77246,189192.4301,118912.3415,102143.1599,58930.2006,138843.3211,142818.1818,98965.4651,63065.98
159,78316.52612,62236.7193,117673.5151,251349.0144,47638.00823,187019.6618,118860.2004,100833.6025,56992.14111,140373.2042,142837.9105,98985.44322,63227.95
160,77376.77551,62334.62281,116449.1828,255328.7131,47465.05674,179060.6968,119016.7453,112020.9161,56640.40111,139617.6849,143894.7964,102642.9156,61679.38
161,77342.19078,62253.03655,116704.1677,259205.2546,42006.14221,187383.5958,120428.4512,110586.5386,54988.81884,136259.5748,143023.8055,102595.9292,61344.37
162,74253.41657,62329.18373,118343.3565,267050.6362,42431.33027,186974.9062,113336.7855,111856.345,53481.15421,137024.1204,138906.9567,101364.1479,63259.61
163,68196.31841,62361.81823,135629.7148,238516.7933,40815.86574,191469.0785,114973.8673,107733.9429,50984.41888,136934.1739,140998.4204,99054.05314,63328.99
164,70481.29578,63025.38649,141459.9652,245283.5481,39415.6214,192966.0367,115042.3328,117044.5924,42176.54595,136102.6434,137926.2819,98984.8636,64483.5
165,67534.43822,63106.97275,138778.5762,228762.0974,41451.39684,204795.422,113803.6182,121249.8969,41728.1944,132506.101,136300.6495,98462.51579,65365.32
166,69681.07667,64393.31613,139917.9135,217204.864,40153.26016,207737.0449,115015.0441,121023.6681,42359.2063,134907.5789,136387.0758,98355.20236,66095.44
167,70249.93586,67140.05358,155214.9848,224472.022,40580.63669,212633.5468,115862.8229,115508.3849,38338.50951,138854.9867,137823.6351,100462.9824,65449.5
168,72358.41185,67292.34793,151068.4444,239276.8995,40419.62798,219849.3328,114999.3287,114154.6831,38577.03933,140329.6562,137286.8549,97859.87222,64464.53
169,72505.09881,67711.1574,152165.2843,226202.1684,41827.81333,212460.4132,113877.444,106826.1689,35920.74969,138904.2884,134577.8804,97916.88978,62818.8
170,70686.41901,66963.28334,154172.7846,233025.9311,42144.45338,218966.7046,113511.3605,107080.6839,38600.86213,140838.1392,133567.7158,97888.68483,63112.66
171,70716.23343,66639.65784,148828.2198,248869.6204,42221.48746,224696.368,113736.4927,106928.8114,38512.45558,148838.5787,133650.8403,96687.09976,64281.67
172,70563.58359,66049.51722,134834.4047,239170.1227,41897.28156,232848.9601,113348.237,95287.20457,39332.18256,158841.4902,131851.9219,94729.91746,63362.23
173,71546.26697,67539.82625,126090.0411,243722.6157,38018.1908,251507.8196,117679.7181,97631.13146,37701.83898,157895.7318,132794.4807,94350.92222,63865.03
174,70202.23278,66585.267,126011.1172,245003.0327,38601.63636,254107.8864,117264.4173,100757.5309,39815.8062,161549.8631,131279.3371,98353.06151,62398.06
175,68430.06348,65301.64317,133049.5103,232274.8738,38507.96993,258466.1429,112992.1431,104364.1625,40285.75483,161237.5839,124327.403,99042.0027,60910.59
176,66823.66238,65870.02745,133834.702,226326.1381,39010.44218,267136.7226,112573.3094,95398.39312,40356.73282,161061.7025,127400.9036,100213.3261,59849.13
177,68852.23571,65959.77234,126440.1394,217868.1471,38341.58384,299079.5254,111336.1785,95012.6185,39853.11538,159439.1808,125740.8699,100157.6548,59794.77
178,71536.72635,68241.4681,130793.0962,226883.5493,38521.35085,260911.685,109802.4042,98545.40528,39130.56582,161340.2518,127206.2173,100172.0704,60116.95
179,70456.25167,67659.4861,130736.4329,231879.4376,36998.23966,290388.6879,111143.6953,103265.6677,38235.35281,159262.402,124319.8294,100212.3352,59467
180,71554.61501,69519.65285,128188.6074,231324.7411,39009.94196,282360.4693,112232.2,108304.5403,38000.16158,160996.3012,125772.2582,101308.0091,60254.51
181,75858.6251,71532.11395,135269.498,224385.1527,39696.62068,258220.9291,111149.5429,104475.2307,35870.42567,161131.3266,129490.4068,100183.9619,58366.8
182,76869.93032,70134.26935,136835.834,218818.2798,39916.15529,247942.68,112392.5214,100704.4191,36421.91506,161265.9825,130142.0713,98904.00692,60246.33
183,77523.46247,69201.46643,141621.8604,227074.4807,41393.87139,252741.1906,111318.1485,100911.6,36362.59383,161282.0821,127668.2309,101662.1275,61496.99
184,77212.1999,69786.16797,134063.3789,231764.5168,41266.25245,280269.439,110405.437,104186.5617,36349.80534,163890.5321,124348.989,102537.5841,62424.98
185,75013.08806,70683.61684,136671.9151,233803.2302,41707.94781,263450.0361,111114.3356,106909.282,38019.02366,162806.5811,119952.1832,101231.78,63076.36
186,75213.44099,73430.35429,135401.0379,235267.3394,40843.8156,258655.7655,110423.4671,102059.5653,38256.1011,161047.3976,117229.2583,101301.2033,63575.39
187,75351.77991,74042.25124,136746.7916,235119.8426,41280.50875,264018.9038,113599.4398,102255.191,38606.69051,159252.0033,120155.7432,102180.5769,63869.77
188,74402.48868,72309.90297,129188.3102,226522.4989,42280.1384,270079.9944,112491.4432,102526.7077,40794.89886,159644.8332,116135.3914,101255.1423,63508.84
189,74472.85072,73150.24146,133838.7493,229702.2764,41883.21283,290284.101,115009.3183,98476.04408,41202.48947,159415.3217,117205.4229,101506.0795,62333.14
190,74039.9453,73294.37718,132080.1629,227455.4387,41797.11225,296147.7958,112501.9201,101981.8086,40771.86826,159366.02,119722.3321,103820.9046,63094.04
191,73556.95165,77623.88809,130847.7358,210453.4924,39815.61081,285439.1858,112661.7543,100902.0007,39326.52393,159775.0551,118744.9798,108431.6613,63908.97
192,75573.59922,79649.9469,130979.2756,211679.616,39901.02359,265608.671,112430.1653,103182.976,37691.52143,161241.5428,118465.2292,109876.4708,63865.61
193,75869.35829,84156.22804,135378.7773,214822.2931,38552.30204,278122.3463,113218.8591,99623.88909,36451.35876,160106.865,118977.0184,109830.0453,63819.99
194,75052.4431,79361.67545,133970.2892,212029.8078,38849.55852,267053.3358,112433.4546,98266.09482,37505.6168,165102.5407,122425.8792,111060.4056,62157.15
195,73927.84307,78640.99681,133907.5548,198612.124,39032.82708,248393.5341,112597.4308,98624.21524,38668.01112,159422.1838,125817.0811,112320.5882,64594.36
196,74395.33322,79054.3672,135137.9582,184225.3049,39806.35672,256874.2557,112343.9133,95320.36554,39408.706,159550.2943,133102.0908,109887.5677,64648.57
197,73573.64773,75391.14409,134184.8003,174134.8954,41778.10384,223467.4725,111141.7461,94882.77314,39890.65091,159566.2356,133863.2534,111300.8722,63902.48
198,74664.85561,75826.27081,136785.2417,195813.3045,45814.82682,227932.4359,111271.4896,95148.30163,39408.21559,159303.2052,132677.4709,112147.9555,63846.17
199,75352.97249,75576.07295,136518.1147,207855.558,45977.89895,250241.7062,111306.4533,95194.19136,40862.57599,157430.2161,131792.3851,109985.4109,64590.78
200,75050.05795,74996.81049,135728.8756,205073.9314,46796.32345,247540.1148,112060.7925,93011.91667,44215.25348,157536.8429,137862.2463,109963.4415,64572.22
201,74773.3801,75769.16043,135222.9532,251886.518,45819.64145,258678.6144,111371.3859,89289.52257,43922.58951,157529.2946,138103.7778,109819.5748,65260.24
202,74206.90607,75777.31906,134895.1154,239683.1943,46382.39036,249230.9356,113898.7634,96301.29231,43653.55971,157558.6961,140469.5853,109841.245,66154.98
203,73939.76884,75214.37386,132250.1528,255143.211,46343.18552,243195.9916,116313.5747,97299.22084,42750.16056,157498.9957,139451.5994,112087.4509,66037.6
204,73954.07976,75121.90943,132353.361,250751.7881,48223.70479,232888.0624,116702.3176,99822.13271,42285.68193,158309.6759,136273.5536,110989.4959,65248.23
205,72028.06804,78434.31162,134035.0473,249276.8201,52026.63686,230128.0531,116342.0817,102774.8733,42758.17694,153992.611,134770.9776,110899.7299,63939.7
206,71862.29985,78439.7507,132399.9059,229864.2514,51470.3283,233081.2183,117765.7264,104898.7703,40819.0989,154027.7134,135445.5694,109809.1417,64400.22
207,70966.67459,79416.06629,132298.7214,225477.3529,49596.56202,230797.0321,120570.3771,112778.6533,39856.66145,155618.3527,139751.0167,110068.3804,65296.7
208,70570.73905,80280.88065,132389.7874,239978.1879,51289.49832,222438.7996,136364.5979,117151.0566,43069.02396,154039.2734,141106.3707,111342.8758,63932.13
209,70358.46036,80302.63699,132341.2189,251167.1318,51281.24467,224792.7104,133627.8036,119856.5343,45058.70895,154217.6885,140596.4388,110085.6568,63765.92
210,69691.80986,79271.93056,132794.5254,245253.6867,51392.91907,224135.7448,136804.2636,120390.3898,45222.24316,154938.475,137957.5877,109979.0445,63856.58
211,67035.94107,78314.65177,132308.8398,246114.2355,50946.09643,225326.7158,135288.6412,124624.5522,44662.98259,154051.2557,136436.2324,109842.3388,64626.28
212,69411.55429,77593.97313,127615.9032,258199.0188,48058.25661,235939.9256,138033.4759,125597.8959,43944.77131,154031.4612,133354.8486,108557.1672,63009.37
213,71416.27608,76721.00014,124288.9571,246691.5543,47435.79379,244383.6648,142316.4706,121169.3115,43898.67239,154469.7922,134354.633,106087.5935,62583.8
214,70449.0962,76729.15877,112707.3803,243286.4596,47090.95377,246973.6027,135189.9631,118406.5393,43500.43737,153946.5292,127701.2702,105022.1905,63193.43
215,69734.74263,77305.70167,114941.5339,251820.4612,46372.26088,255033.3858,136717.768,115683.7288,43188.43977,154035.2617,125014.8515,106698.5293,63456.08
216,70152.14455,77580.37542,116386.4484,257761.0529,43780.98974,258500.5341,136593.8721,119736.0775,42689.4624,153182.5114,120619.2014,107493.0825,64022.83
217,69204.0459,76780.83006,116485.6092,292803.7573,43882.90982,276997.331,141825.1512,123048.4432,43705.18521,153136.3241,113045.7736,106282.1955,64573.41
218,69409.16913,75761.0018,119045.5768,293854.3327,43254.5694,267260.3895,143230.0349,128429.1566,43394.86633,153467.6061,115951.4156,107350.7489,64230.79
219,69807.48982,75850.74669,120130.2746,303425.3362,41977.50454,280827.9422,141532.2844,133043.0452,43697.13111,153888.254,113603.5207,109803.1492,64685.74
220,70183.15155,73093.13107,119373.4146,310305.202,39079.97293,278904.3921,143141.3464,132691.1537,44854.58356,157398.4392,128292.9439,109107.29,64662.45
221,70201.04021,72108.65686,118776.4261,302257.1254,41011.26466,279623.0734,141994.7313,138986.472,43679.51393,155820.8908,124800.6017,108675.7271,64785
222,70336.99397,71727.92098,120514.7756,310002.0644,38209.83807,266524.9837,144801.9404,136614.5298,45141.49461,155666.3347,125773.5377,111149.9565,63848.38
223,68339.42764,72881.0068,119256.0406,326214.9482,39914.71715,270684.9021,138362.7683,137640.8347,45386.62615,155068.0107,121475.3339,111045.6534,63690.28
224,67788.4571,73229.10818,119001.0556,347163.1124,39463.70516,268079.8887,141260.9805,133248.6011,45806.89208,155559.9719,121805.2728,112329.8527,63208.3
225,65589.34527,72233.75579,118242.172,368068.7469,39071.21906,255447.4932,143118.4433,143454.0852,46123.86927,154214.3103,124761.5984,115111.1487,63283.51
226,60301.45922,72367.01335,115123.666,385896.8563,38569.49715,236721.7358,143235.1515,141260.3757,45778.69327,155550.7872,121538.1725,110968.9101,62953.07
227,59816.08041,71594.66342,114741.1886,376841.639,39461.14153,243454.6321,144818.9958,141634.0534,45263.23045,154004.7517,118732.7422,109802.8687,63052.88
228,62518.45971,69968.37728,116736.5468,391067.388,39304.94744,244343.1492,144802.5495,138248.9263,45050.69257,152177.0526,121569.953,109828.4654,62812.01
229,59516.74361,69938.46232,115279.4901,390708.1474,40898.58983,240633.8494,150063.6756,134521.8379,44090.89581,140542.9625,122820.1632,109924.2145,64439.34
230,56528.14585,68323.05436,116032.3027,371900.9489,39956.73574,243847.0683,146578.9988,135141.4846,43873.51038,137292.6932,121739.9165,108691.3862,64572.95
231,58436.26892,61494.28433,116200.269,376108.6795,40621.52978,254869.6744,143215.6595,140462.1351,39463.33057,137335.6079,121873.9929,105939.7255,69216.29
232,61680.07814,63920.11582,116914.6315,372866.4647,39279.99891,253946.295,144678.7755,147411.9763,39843.55231,138141.1679,121946.0355,106906.7804,72603.77
233,62022.34771,63683.51566,116807.3759,362981.4648,40402.37034,237924.9557,142636.2608,147748.8821,40727.25945,137464.7213,126065.3195,104906.697,78456.69
234,61552.47241,62946.51977,117983.1397,368025.3123,39898.52249,238335.2942,141739.752,148595.4799,39921.66017,137142.5712,124432.5056,108875.929,76838.23
235,59267.49503,62201.36525,117904.2158,374773.0643,40780.72519,244844.8834,141673.8448,149116.7571,40608.14544,139296.2738,132345.5302,107481.032,77625.38
236,60610.33664,68282.26123,116629.2912,381707.2234,41798.8005,238262.0363,143185.447,144394.2679,40475.75252,137384.2761,131761.1206,106125.465,78662.62
237,60002.12241,60409.18706,116503.8224,394166.6305,42091.61751,237658.0708,138324.3935,147370.6906,40767.05843,137279.0746,133211.8366,102728.4373,78581.06
238,61117.18183,61632.98097,116716.3099,391384.0989,41782.66836,243566.7567,139887.5276,142261.4337,38140.38226,137257.063,130178.5156,104815.6129,78547.73
239,60939.48787,61622.1028,115251.1584,394733.9954,42226.36461,238584.2769,138155.788,147382.1856,37699.91505,137341.3615,122865.4813,103816.6884,80272.57
240,60392.09507,63468.67184,115431.2668,393778.4334,44312.78746,228800.6952,139935.8921,147117.1085,37205.70979,137351.1268,121694.3714,104929.8163,77606.01
241,60685.46899,62331.90327,116317.643,414768.2225,44091.18944,222890.3604,139905.6795,147524.6995,38081.09875,145497.2016,122389.6824,101333.1757,78290.81
242,59748.10353,62130.65716,116517.9883,413632.5876,43371.49612,225366.0536,141960.9858,142758.0659,37343.66701,143751.2145,121777.3721,101361.5863,78493.48
243,57060.03516,62476.039,115435.3142,428060.1268,43845.39322,226255.0419,141834.7753,141541.8828,37769.98766,137226.3946,121521.7045,101492.7669,78543.99
244,56670.06251,62000.11914,115293.6559,442440.6117,44833.39273,230160.7954,146235.2092,145785.2532,37831.346,135806.5165,118663.2792,101523.4306,77225.02
245,56547.22709,62307.42739,115427.2194,410845.5317,45379.3217,244284.2602,138577.7891,148965.1254,37633.86006,136260.3138,121843.0792,103732.597,76882.88
246,56703.45466,61665.61547,120662.505,415253.2426,45316.35635,250128.4038,130662.5878,149384.392,37240.39714,137140.143,118815.1032,104620.048,81260.99
247,58226.37538,62924.76343,121992.0692,392762.2438,45850.02989,249397.7092,127631.952,149773.7174,37536.66378,135722.5875,120038.5476,103675.514,79475.3
248,56949.12551,68331.21298,122218.7224,402465.3611,43234.6856,249258.9667,123107.3787,155972.2008,37235.66276,135690.1244,115891.7343,103649.1788,79582.73
249,57192.4112,65410.42485,123264.9701,414100.4149,40460.8337,243862.8506,124648.7062,157987.8582,35551.10958,135647.896,110861.2799,102777.7983,80259.15
250,56882.3412,65312.52133,124572.2737,417710.0143,39993.00178,246876.3181,126176.5111,140801.1474,36365.95128,138301.6887,111242.0675,103812.5937,79159.83
251,55793.51847,66155.57936,126249.9126,390072.9158,38607.8266,244834.519,123153.7939,139859.099,36361.78276,136385.3627,113276.1407,104863.0668,78533.44
252,56520.99039,64858.35781,126211.4624,389980.6172,39035.07808,243563.2234,124753.9628,139417.3539,40293.99756,136543.6665,117916.2527,103870.8359,77991.03
253,56906.19274,65190.14194,126310.6232,386171.9423,39400.61476,237820.1333,126094.8884,134546.7838,40832.34008,135927.8705,118801.2972,106228.7958,76779.86
254,56976.55478,65309.80179,121992.0692,380710.9414,39172.51387,238140.0183,126150.1969,136027.5024,40804.08469,132550.4936,118656.7374,107503.1416,76888.74
255,56501.90916,64080.56879,122894.6348,377042.5242,39446.94775,244414.0516,127369.785,139040.667,42192.55986,136734.0639,120095.608,108582.9415,77279.34
256,56961.05128,62301.98831,123285.207,353706.3597,40451.3295,243054.8936,125923.9682,135672.2407,38056.16309,138743.2397,124509.7899,108520.5391,76769.03
257,56704.64724,62734.39549,123396.5099,300004.8585,40779.41211,243939.8774,129881.3253,141014.7979,38111.65532,140423.2449,124119.1379,108253.5223,78519.3
258,56101.20332,62348.22052,122876.4216,336705.3183,40833.81117,242929.5778,131706.0172,144928.2437,37198.29699,140476.0832,121970.428,107538.1244,75785.6
259,55266.39948,62040.91227,123119.2644,335569.6835,40490.2217,241562.6465,133763.0291,143921.5886,37191.20485,140401.075,119954.9691,109130.0166,75839.85
260,53979.60898,63128.72909,122149.917,335811.2886,39035.20313,240804.3919,133567.9876,142224.9928,38017.3638,139717.6079,124317.1053,108721.1897,76435.43
261,50826.43562,63539.37993,123315.5623,364805.7197,39541.5521,239149.1401,133287.3032,144491.8851,36708.54318,141654.5203,125274.8941,109417.8436,81089.62
262,47096.05502,62935.6416,123309.4913,355371.3542,39918.71892,241090.5924,135035.3674,142323.5729,36793.19617,143677.7898,130121.5378,108139.9827,81270.08
263,49155.63536,62476.039,123372.2256,357354.8694,40473.7144,238619.3747,132259.9546,128792.8139,35546.16772,143251.7577,130229.6739,108466.1112,81244.29
264,47729.31336,61722.72586,120571.4389,328769.4479,42137.88798,235677.7518,127697.0065,122627.7021,34830.54054,140406.6702,130332.8985,107593.3096,86200.24
265,47698.30636,62383.57457,120589.6522,325547.1406,41814.36988,235874.441,127747.1983,131162.2284,36450.64201,140466.1595,131307.0315,105071.9909,86137.29
266,52419.71838,62329.18373,121925.2874,339977.3944,41834.62884,228239.8365,124709.0094,134469.6289,36365.68721,140368.9814,130340.9262,104855.8215,84271.28
267,50518.75077,63678.07657,121955.6428,332690.3289,41282.13447,205205.0538,130379.7106,128514.9177,35561.25738,139444.126,133026.2304,106031.1275,84176.45
268,48789.51424,63795.01688,121012.6033,355926.0507,39977.11975,198495.4776,130461.5768,128377.6397,35496.31525,138851.9779,130194.3646,102451.8381,84074.17
269,48293.40224,63765.10192,122121.5853,352786.0883,40386.61337,191233.5226,130594.6095,129916.4351,36108.1067,137959.0578,134050.2009,102479.9776,84146.38
270,47803.25313,63169.52222,121977.9034,377935.649,41783.73133,193399.9308,130589.1274,129543.299,35953.28677,138839.3622,136000.2623,102489.4104,84221.15
271,44749.06365,64994.33492,122034.5667,377425.292,41383.30422,192856.9743,132140.2008,124862.607,36776.18258,142295.3894,135413.6445,104756.6975,83280.28
272,44435.41592,64529.29323,122129.6801,377265.1267,41269.69147,189811.9423,131472.2354,124074.8986,36777.57838,142064.6639,135299.1111,106585.7937,83550.41
273,46535.54387,64510.25644,122398.8308,390860.1686,41330.09318,194084.692,130774.7884,131479.695,36624.39945,142200.1643,130792.1261,106294.2459,83346.51
274,45705.51034,64610.87949,123673.7554,392835.5398,40999.88463,196050.171,129135.0265,144312.208,36370.32728,147106.7909,125705.7257,110071.0354,84571.87
275,44800.34446,64564.64728,123212.3541,395737.5166,40860.19784,196016.4865,128853.9767,144658.1714,35896.3233,145362.3345,125518.5099,112396.1815,84334.15
276,42691.86847,65190.14194,123467.3391,387488.5548,40412.4373,194167.3722,128959.9643,144444.6713,36893.44811,144658.0699,125714.228,114451.7586,
277,39211.92902,65029.68896,123236.6384,381290.0699,40884.39605,192481.4981,129810.0578,147820.5604,38281.28197,146855.0039,128393.0523,114083.7855,
278,38614.44799,65247.25232,123443.0548,390829.4024,41245.05557,191572.0165,130612.5178,154511.9446,38013.32731,145022.079,127666.2085,115133.707,
279,39160.64822,67047.58915,123449.1259,393953.9817,40937.29445,185227.7876,129071.0685,165931.8665,37629.33316,147221.9689,129188.6369,116552.172,
280,39711.61875,66313.3128,124746.311,395342.0804,40874.07898,193808.6204,129439.1012,161892.5775,36791.40428,147265.8865,129794.8801,113770.7545,
281,42402.07228,66131.10348,124999.2722,415253.2426,41379.67762,193242.5794,132247.6503,162584.8654,36617.32617,147125.8465,128540.4187,115083.9627,
282,42978.08693,66672.29235,124220.1517,432792.6926,41324.09053,202729.8317,134994.6779,165409.6564,36647.44891,145421.9822,125399.8284,113668.5641,
283,42993.59043,66827.30624,124974.988,434514.695,40945.42304,202314.5465,138162.6102,165255.2563,36028.35784,144974.7304,124347.5444,106321.6282,
284,43244.03158,67594.21709,129170.097,434341.8614,38828.54923,195863.1396,138312.4547,171755.7092,35927.38914,141589.119,128754.6273,103718.3777,
285,45131.88084,66870.81892,128787.6196,480209.7446,38950.60321,196158.9979,141615.3689,168920.2958,36057.68837,140699.8411,130182.189,107430.8764,
286,46623.79456,67713.87694,128803.8091,504639.0141,38957.66884,194921.1513,139583.4529,172965.904,36459.79011,141922.1429,129245.7179,107775.4779,
287,48104.97509,68921.3536,129208.5471,516964.4977,38989.30783,196005.1799,138461.9337,172982.3641,36067.06282,141987.9665,136333.6888,106059.8934,
288,47140.18037,69122.59971,129255.0919,513817.2962,40408.62311,191615.8299,139757.906,184347.2484,35945.83625,143379.4987,137835.0885,103710.5435,
289,45786.60557,71358.06326,129346.158,515735.6594,40453.39291,188376.4642,138319.5205,183294.3124,36339.33689,150473.5578,139543.1024,101229.0034,
290,45712.6658,73318.85306,129174.1443,503973.0163,40447.32773,189595.7019,138297.1048,184091.6502,36800.42035,150369.6759,139041.095,100026.2124,
291,46704.88979,71450.52769,128710.7194,501203.1532,40070.22343,187259.9289,139814.6764,185750.2704,36393.56536,148909.628,141120.8164,100195.4141,
292,46345.92414,71616.41975,126571.6792,514971.0288,40209.41,187127.3109,143029.9985,193481.1698,36002.49793,151022.2634,141137.8417,101571.5763,
293,45527.81637,73264.46222,126854.9958,540048.1984,40325.21122,193647.9713,144949.9575,198850.5988,35921.07035,156219.5271,142663.0973,103670.8117,
294,45978.61045,73136.64375,127646.2585,548515.2382,40696.50044,193696.7314,157132.0727,187769.3883,36119.10329,157677.5691,139495.8857,101763.6167,
295,45641.11118,74866.27248,132130.7551,535439.6022,40261.8707,189307.617,159287.0317,182926.021,36210.99932,157867.7026,139544.7946,100246.4017,
296,42592.88458,75755.56272,131782.6805,532679.6929,40186.14971,175161.7743,157319.4393,183642.7433,36810.20977,174553.21,137190.1928,102636.2407,
297,42750.30474,75962.24791,131052.1285,498938.2178,40330.1509,175894.3534,159016.8243,183393.7351,36423.32972,179196.9118,140714.2742,103687.5551,
298,41382.41901,78309.21268,132464.664,514657.0325,40258.2441,203108.1345,158727.7341,189723.3277,37912.92448,182425.0639,137149.4354,104157.6252,
299,42194.56389,77686.43756,135566.9804,532293.3056,40288.57001,217182.8393,158656.7102,181459.2349,39291.66682,180773.2989,137971.5174,107247.7733,
300,41913.11574,80310.79562,137708.0443,520601.2438,40281.62944,225408.6893,166434.3714,176203.5521,38147.53099,178843.8821,139985.0778,106412.2823,
301,42447.3902,82170.96236,138620.7284,519991.3491,40190.83928,222411.4751,161204.3106,181945.8766,38946.73602,180190.3883,144351.0524,105814.1635,
302,39913.16425,85214.12989,144562.2817,558890.6875,39293.88005,222382.7373,164315.838,187624.3166,39136.35648,182861.0196,149649.8454,103606.1749,
303,41272.70194,88784.88857,141342.5912,551674.2033,39362.66047,216108.2329,165695.7475,185570.0517,38923.85633,182193.441,149499.9613,100565.1074,
304,40282.86309,84634.86744,141761.495,577833.6193,39471.45859,215257.6403,168091.0669,184994.098,38532.4871,182871.0489,144860.0969,102534.4242,
305,38620.41087,88942.62201,146557.6398,599542.7945,39785.72259,217269.995,167772.9823,183467.6702,38542.29538,186489.8667,142912.5739,102620.2825,
306,38737.28341,98730.25377,147650.4323,640422.0286,39825.86535,219705.4081,166107.5154,189635.8514,38047.93922,183342.8987,142853.9658,102720.6124,
307,38818.37864,108485.251,138887.8554,650818.2903,39548.99289,217096.1547,169505.9402,189687.4585,38077.1943,182979.6287,141513.3051,99236.5486,
308,39120.1006,113388.5853,141285.9278,671432.5507,40247.23923,222051.31,172041.4799,184898.0154,39864.73442,185093.4254,139524.5707,94524.95713,
309,40385.42471,110562.9811,141925.4138,671041.639,40049.33919,219917.6441,190190.696,183438.4212,40247.71002,184180.7107,143300.6463,96860.95705,
310,41736.61436,101253.9888,143507.9393,643553.847,40350.22228,219915.7596,190688.1067,185045.9458,39771.25397,185093.3726,156458.561,94583.3583,
311,40820.71528,104691.4899,143242.8359,640967.6762,40807.73714,217152.9237,180469.4419,189674.8802,38864.89348,187013.3409,156561.3109,96823.71193,
312,41235.73205,104280.839,143429.0154,666165.1959,40294.44761,207735.396,188583.705,199262.7638,34978.19287,189047.4314,158110.5463,95652.49135,
313,43635.19681,103421.4638,145396.0419,647220.4544,39615.7099,207467.8044,186541.6776,202607.0867,29668.14112,193565.4508,158335.878,97837.08015,
314,43724.64008,91178.08556,143995.6485,601851.1646,39918.78145,212954.1385,186427.5277,194472.2675,33434.23761,196804.1073,165764.5396,99004.9913,
315,43919.03011,84863.30897,144991.3039,577256.3005,39600.89084,205242.7427,191392.4978,196098.7198,31747.47756,194046.2743,183626.6431,96197.03292,
316,50325.55331,89119.39224,142065.0484,561458.7605,39781.47071,206502.4961,197788.1783,192270.6439,31650.94146,195947.1869,182002.8061,95096.66594,
317,49769.81247,91009.47395,141686.6184,585631.0418,39821.11325,205849.2994,198317.0198,194007.9537,30897.04312,193248.8432,185826.4906,93272.12263,
318,47463.36871,90492.76097,143054.6327,596913.1891,34796.51582,203184.6902,195405.5287,194832.1332,30982.95988,187449.191,180373.6243,88477.72995,
319,44960.14976,87735.14535,144036.1223,654835.0895,34737.92741,199799.751,194946.9802,192141.8217,31700.47327,198562.1823,188194.6506,89300.19824,
320,46480.68533,90054.9147,149437.3504,706537.6925,34476.37422,199911.8756,204345.0331,182256.1814,31311.91449,190983.552,186670.4062,88009.02483,
321,46271.98437,91178.08556,149765.1882,698968.3018,34707.22633,200662.5925,214693.5631,180707.4558,31402.0375,192377.9347,184330.8692,86103.71832,
322,44688.24223,91178.08556,150892.3834,703554.2757,34966.40346,193486.6154,216559.9192,171002.5158,31323.83533,192621.3288,187229.5359,87056.30146,
323,45123.5328,89119.39224,151841.4939,726219.918,30561.6427,191445.523,216798.2085,174332.1841,31561.91246,196300.5333,190169.6823,85145.28291,
324,42498.67101,87259.2255,146614.3031,745942.8634,31423.7115,189655.2976,226885.5462,179372.2904,30597.85287,198273.2343,194529.0119,81507.7793,
325,41837.98339,88230.102,148712.8695,733084.4006,28458.77508,178865.6564,227005.7873,177691.9741,29672.61143,190170.9187,203549.0696,79358.48175,
326,42161.17174,88064.20994,151616.8643,744239.8637,27870.13972,170666.8953,226636.2926,169579.6935,30381.82551,197889.5362,204061.8494,79397.80227,
327,43781.88377,88066.92948,149985.7703,736384.5283,26983.24744,172488.6852,224229.1563,173173.4158,31238.91826,196415.8169,201611.0601,81424.66958,
328,45072.25199,87158.60244,148510.5005,744871.4757,24102.66083,164723.8182,233078.3884,171484.0119,31283.6591,198554.37,201789.8561,82552.54971,
329,44817.04053,89054.12323,148542.8795,787904.3439,24953.03696,169007.8747,228858.1335,177293.1097,31148.70095,198614.0177,193117.1341,81590.51506,
330,43660.24092,95499.43784,148190.7575,844467.102,23279.54676,168521.6871,208837.3228,162516.9486,30968.98308,198207.5691,189744.2782,84340.26859,
331,44081.22057,97558.13115,148150.2837,872194.6894,23926.14526,176943.2841,206949.7693,164497.5492,31015.72331,195928.9759,198143.8327,85283.78352,
332,44947.03142,96739.549,148213.0181,896007.73,26417.87237,174717.7513,216560.5283,172029.9341,30584.51738,200582.4958,197127.1263,85195.18614,
333,44906.4838,98871.66995,148364.7948,890498.77,26504.34812,182509.7073,221530.1277,175047.4319,30970.68067,198890.4027,201357.7245,85014.74738,
334,44969.69038,102279.2561,150133.4997,890517.7726,24892.63524,177713.3166,237649.2552,172852.5188,32337.21924,198578.7042,199279.365,85019.21604,
335,45034.08953,98599.71575,152062.0761,979834.7726,26176.39056,174465.2353,229673.8724,171385.7326,32015.28132,204084.7632,201055.5831,80731.00732,
336,45221.32411,97661.47375,155433.5433,992569.2657,25797.59802,172605.2854,233352.7379,170931.4695,32059.19224,207831.9555,197098.5858,85505.11338,
337,44733.56015,98466.45819,154215.2821,1004872.127,24197.7654,172545.6898,237342.8658,161444.6636,31932.51453,210341.0631,197561.0328,87319.02725,
338,43806.92788,98684.02155,153881.3732,1038818.107,24544.85642,170223.1079,229095.3264,147585.7554,32317.14999,220201.4536,203874.4685,86245.77142,
339,44714.47892,104531.0369,152064.0998,1063332.436,23414.48144,174540.6133,232142.5303,147974.9605,32015.3945,232826.1698,199482.6155,83346.65413,
340,44729.98242,106905.1971,153383.5455,1208207.768,22632.26046,176770.6216,234999.322,152356.3913,32061.3991,230515.1136,206949.7025,83327.58283,
341,44886.20999,107179.8708,155196.7716,1483635.86,21220.13586,176833.7506,232613.2613,151970.7671,31699.53016,228103.7648,206307.3245,84193.88706,
342,43283.38662,108009.3312,155364.7379,1424120.452,21052.56174,177025.9643,228945.4819,152267.7714,32414.931,233429.0334,206927.2085,85020.75858,
343,41939.35243,113328.7554,155441.6381,1293618.365,22398.84472,172668.65,226642.3839,144268.6955,32357.42053,230857.4805,200757.2802,86537.31917,
344,41400.30767,113315.1577,156105.4083,1382396.957,21647.44987,170585.6285,223817.7539,142923.3592,32367.39857,230518.3335,199606.6212,86232.29064,
345,41622.12697,122520.8074,155391.0458,1541939.623,20998.35027,168937.2079,219767.5664,147640.3116,32271.99418,217485.5851,208805.9702,86349.69128,
346,42003.75159,116301.2148,157080.8268,1557236.76,21648.95053,168967.5946,229312.1745,150856.2335,32389.84444,217909.7169,206581.7921,84300.20953,
347,41860.64236,118811.3521,157173.9166,1486802.064,20623.62202,170591.9885,232455.9855,140739.0383,33536.24372,227217.1262,208779.7203,84296.91879,
348,42691.86847,120184.7208,157052.4952,1491319.267,20121.52494,166782.813,234607.2898,145414.4642,33547.48551,227507.8689,208737.7867,82402.26043,
349,41405.07797,125637.4026,157052.4952,1592506.592,20180.86368,167186.7915,237211.6605,147208.587,32748.99723,222235.5442,215495.9424,80532.72194,
350,39420.62998,124087.2636,157305.4564,1754201.987,20228.00954,162034.4757,260268.4671,144008.3729,31360.91817,222633.9166,218534.6289,82126.03515,
351,38299.60768,124166.1304,159124.7535,1750020.499,22117.90796,155769.8647,277350.7416,139390.0307,31649.41363,219786.9816,218692.0041,80496.43974,
352,37172.6225,125615.6463,159122.7298,1699895.116,22386.1516,170880.7802,279266.8022,140802.5015,31652.73335,224811.2143,208520.4001,79684.06802,
353,37991.92284,125743.4647,159509.2546,1587314.343,23424.48587,168593.0606,291269.7131,140989.5209,30948.12163,222708.0803,201654.3971,82365.80995,
354,39526.76933,120051.4633,160622.284,1512224.901,25459.51098,168837.0966,286154.2895,140968.2161,31795.29293,230336.4345,201522.7971,82381.79618,
355,38344.9256,118740.644,166788.4668,1391844.896,24197.39023,168517.4471,281912.837,147464.6667,31659.61801,231230.9382,199770.3318,82459.44626,
356,39566.12437,118811.3521,174300.4034,1298102.992,24917.95894,175257.6456,287767.4936,146515.4265,31644.28314,232244.8427,196565.0662,82509.62995,
357,40138.56129,120141.2082,184256.9573,1430993.078,24794.27924,172383.1561,285306.5106,152600.5547,31658.10905,230602.8431,195205.069,81492.48486,
358,38516.65668,123875.1394,180581.9366,1292499.018,25488.46128,170543.6996,287275.4432,152689.2949,31675.82053,227673.985,203937.1627,81981.65423,
359,38093.29188,124138.9349,180237.9093,1291779.632,23723.86829,169062.9947,299133.0171,152490.2087,31675.97143,230394.1819,203980.4171,81652.79593,
360,39347.88279,113538.1601,182251.4807,1427448.631,23970.03967,168931.319,322391.2002,152626.2831,31692.32485,224171.9815,197060.8001,81537.24632,
361,37722.40045,114829.9426,188626.1036,1375283.63,22620.88043,170595.0508,322179.7123,152771.084,31490.10453,228656.271,194788.456,81974.56794,
362,37824.96207,114465.5239,195824.3683,1270576.29,24414.17362,172519.543,327261.2687,143628.2856,31166.95944,225156.9596,196334.8436,81903.39648,
363,37338.39069,116953.9049,195470.2225,1306427.964,24585.81203,174635.5423,330653.3586,142227.4603,31302.1628,220265.4825,192652.479,81434.94378,
364,37192.8963,116151.64,193414.1537,1189949.837,24044.19747,170646.1664,351050.3642,142113.4431,31295.10838,222563.8702,190569.3732,82412.79638,
365,38279.33387,117307.4454,195219.285,1263271.126,23171.37391,168784.332,353397.8064,139261.1182,31192.36665,223279.6948,192691.7712,81606.31432,
