day_of_year,2014,2015,2016,2017,2018,2019,2020,2021,2022,2023,2024,2025,2026,Median,Average
1,88448.95,88448.95,88448.95,88448.95,88448.95,88448.95,88448.95,88448.95,88448.95,88448.95,88448.95,88448.95,88448.95,88448.95,88448.95
2,91887.21815217823,88899.08620026082,88310.22894918929,89633.35632011929,97149.62610706742,90260.42045314627,85605.1177152126,96524.6144053239,88405.03593205642,88953.46894177646,91194.48773065563,90464.61598370077,90145.35,89946.88838663278,90607.27307422391
3,94765.14120488794,81173.62366328445,87488.1027215905,90683.21124961218,97870.68782894031,87714.7634018709,90411.34614181439,100862.86577787118,86409.11351376503,88493.77362455464,86323.99078949264,91722.54504504462,90300.85,89452.55988318451,90326.59708022741
4,97150.71082291818,74275.28639428735,88436.7099072814,98685.4781658143,97662.24722765782,88698.60113110485,90527.65274591588,94619.74171193718,86330.18031249115,89508.6742889648,89547.48459242903,91788.0338003578,91231.13000000002,90037.56866917245,90602.56675842998
5,105779.79090071701,77873.5626451223,88144.9876974883,85712.77665509061,110353.22166917284,88563.85412503716,90522.34363341445,102492.62204598096,81248.23881484958,89488.26115197976,89227.03401375948,92424.74667890243,94208.64,89357.64758286963,91819.28666929291
6,106443.29576745172,79055.17017080696,88067.46711027055,78822.32912459092,110207.84368147349,93586.64106868018,95728.23711041595,109535.50596922706,80637.79589675913,90451.67594086113,88433.03565624959,95764.33611162896,93321.48,92019.15850477066,93061.11113403464
7,95062.89780586075,84400.53754890422,93110.38531033052,79225.98329647013,106961.85444981465,92805.38531089731,100147.51766307496,118161.07128689291,77803.11478074554,90445.22688191806,88634.5431981466,90561.89403330737,91171.67,91683.63967210235,93110.03429719691
8,96242.20150892632,81303.03782085945,92263.77889729454,80585.66050701067,97530.16281270752,92651.48761732342,99208.66902444676,123055.22863579776,78030.44015799386,90442.66857754397,94735.33821824148,88764.57696083741,91163.02,92457.63325730897,92901.10422824859
9,96954.94171912897,81303.03782085945,92186.25831007681,79098.51355798196,93898.59448574515,92793.38728980909,96620.9088170548,121676.38747969606,78065.38454397448,91553.0792719207,93092.35916439396,86413.60180816824,90265.31,92489.82279994295,91971.37118906747
10,99347.54495765464,81303.03782085945,91217.25096985491,80108.53419419729,94479.51706632225,83913.46729747848,99524.12908121887,116059.69117205142,77932.53981673584,92542.18370055866,94725.83409935622,88506.751270596,90197.47,91879.71733520678,91638.37345390698
11,103918.22600959564,81303.03782085945,91302.93161888506,69716.20968134189,87344.47020696502,83886.01028768044,99257.43877882055,105696.79142941363,79776.35137840564,93699.07025773163,93526.13119462304,88477.6118644572,90396.55,89890.27174167114,89825.35671073159
12,98945.45631933307,81303.03782085945,91182.57070715225,72243.47428817341,89710.00581492201,83825.32798871504,100426.06086780212,101282.25462052763,81963.9820618175,100419.0429744016,86244.11574779739,88299.14236541957,91201.01,89004.57409017079,89653.70596474344
13,96946.73582855097,73147.13254238367,87926.70604400673,72987.93296920505,93352.64120491197,81050.78561206443,100340.25079365079,112444.15981545045,79719.13228221705,105602.06104032077,86463.05424816055,88413.49018925207,95474.68,88170.09811662941,89866.17354751454
14,95604.48658400815,33760.21501956169,88042.98692483336,73029.53767551716,88459.23123606702,84795.0911162878,108585.30250839995,117403.37705389097,80629.55500145565,111782.65791811715,85321.60957004105,90459.38175232815,97089.48000000001,88251.10908045019,88156.11936337566
15,98558.60719208494,59617.72637329432,79138.31947205757,72246.12990772525,90483.39051525066,82824.41615254786,108704.32540261847,110277.35769666024,80665.28423460804,111278.2455723563,86186.46416707,93586.7834978725,95514.28,88334.92734116034,89463.92084867884
16,95721.71359226517,56115.10406501479,78385.55376986416,73603.15149871395,72464.18185339349,83153.43880777477,107545.70419997684,108488.60302504228,80648.26052571589,112653.653961484,87423.88022440106,93523.11127366181,95491.29000000001,85288.65951608791,87477.19639977567
17,93075.90001590436,51765.6630299946,78456.9543107226,79870.41364104924,72787.41867649445,83927.54189913967,110040.36973699456,109511.84782757773,78743.90361079619,113048.64549724407,86196.31205195749,97944.02361760897,95169.12,85061.92697554859,87947.41615962365
18,94857.75054141098,51765.6630299946,78509.99471250318,77198.86037190123,72960.3006078126,83709.27020780399,109993.20506314447,109621.77972812437,79435.50346381386,110252.09902830163,83306.91836013223,97724.38253476919,95341.62,83508.09428396811,87444.64397080935
19,98651.21652860797,63443.884075511305,77706.22862398229,79858.02074980733,74376.16433396043,85476.209544219,106995.03811261732,109770.3975184599,77981.03215984798,112299.70189172513,84251.10201755876,94649.43546569959,92417.61999999998,84863.65578088889,88788.20258516642
20,97251.52605001922,58517.70603390693,83179.59008464609,79179.95255757163,84061.28516584077,81895.72317408476,106890.70787857722,105733.27445652339,76234.35477910184,120605.18374424607,84292.07083641308,96538.2345426605,88416.01,84176.67800112693,89531.63410863261
21,96652.49603782587,63443.884075511305,83204.07027008326,81669.15328416016,74197.1922436981,81737.44158819018,107504.09557409339,93936.00934779055,68148.50416574588,122684.01924023677,84238.4028970057,99224.1630489275,89853.94,83721.23658354448,88053.28598110571
22,96067.53326662336,65182.53514901874,77602.18783587424,81449.62206787497,69085.06043750365,82796.26694922548,106414.49283397058,101044.10404157778,65490.24548184091,120737.68259162155,80103.01921932309,97153.04604878913,89207.28,82122.94450855022,86927.1496602703
23,94917.53631562206,65905.56642068768,79407.6015118666,81595.681143226,72566.27387268326,82129.45385413026,102974.0644652995,96535.4778377139,66350.43798208704,122096.08891626299,79948.14252455249,97452.51150095188,89223.39999999998,81862.56749867814,86823.2363620903
24,91526.15896674663,69647.32358535577,82145.30224992504,79910.2479343268,72954.6033623487,82659.67409375962,104013.04543505967,96738.02049938537,68477.59805959872,120768.64873414977,80684.2061999214,98094.27133962144,89142.15,82402.48817184233,87301.59170501657
25,94080.53547666698,71127.14634371322,80197.0874922158,78973.69943904561,73396.43457091074,82585.60938665735,102815.408428919,97803.11969282343,68721.49866164105,123285.91364225255,80532.44362070042,98084.06505662297,86150.55,81559.02650367888,87633.58015101409
26,95348.93170600788,76596.30117688222,80186.8874149503,80764.47222350103,71175.68758043273,82203.28783005776,105673.68643841965,98563.62031252612,68680.27549828637,122303.36486857323,84397.48566992128,96930.4086259865,88089.04,83300.38674998953,88568.70077879542
27,87158.28063909027,73965.81775660804,80509.20985653988,81519.55338274,75100.6967915757,81961.02009654563,109970.48700034758,91489.50402115872,68767.74858426247,122908.83023711116,85222.827398223,95423.29644248157,89138.78,83591.92374738431,87833.10601722368
28,92247.10506752727,66153.14133083113,78075.47142099316,80932.66146178404,76885.37530453563,79273.46337278461,112522.31809755533,101087.73882834433,70397.31555487996,122219.20731426675,84456.43142853942,94661.50509761248,89106.74,82694.54644516173,88242.6445233045
29,93048.93780400524,66271.3020833996,77037.1035553659,80774.2094951911,72943.14338584089,78748.54995017503,115186.38136368903,103874.29976498446,71070.60230722328,126451.17572911276,87192.42459725072,97111.20965205776,84162.46,83983.31704622091,89142.44497402465
30,93595.21566248294,64934.96023887529,77016.70340083491,81439.88479618491,66344.68536937046,79747.38520576926,117665.61343413277,103467.85651259279,71002.0029270442,120912.02037511517,87257.78058073402,98158.10274439267,84086.21,84348.83268845946,88461.85093729412
31,94133.28763038263,64206.302264703074,77269.66531701917,84700.10039932345,65451.26560081975,79158.78997892221,115397.51118642106,99814.45402363222,71871.70702753853,123127.51196308927,86168.99276554475,95725.29942005037,78489.63,85434.5465824341,88085.40729812054
32,95209.43156618201,64057.194648366676,75980.37555066078,86469.62822736417,59564.76681059599,79916.51115687819,115431.21787741862,101548.61994749038,72421.43641084233,126368.88360507907,86917.47246005315,94092.20986823211,76840.37,86693.55034370866,88164.81234409695
33,95540.0117294668,63829.31319698464,76367.97848674955,88734.8717050811,46921.269414613416,79884.67025475945,115536.9062565172,107305.96752838456,69075.05362568036,125119.25851434484,87208.7029285329,91042.12305729181,78564.03,87971.787316807,87213.84389153389
34,94575.23345151158,64394.796798562296,75478.53174919852,89537.75401625315,59785.453215346824,79045.27024093368,114172.2174081798,113192.62013092088,69162.65751951841,124930.58356675465,87149.08985943985,94952.25307319578,75827.62,88343.42193784649,88864.70508581796
35,93806.22427734557,63711.15244441618,79119.95933297968,91359.50902881332,54355.97828825548,79132.71735617281,112746.90590313985,112239.80658171399,75929.2921581747,124768.93070911597,86222.64048342261,90781.46957121046,72896.27,88502.05502731653,88681.21551123004
36,91482.78497369154,61300.11042176914,78777.2367368591,89517.39426635575,46949.75564193288,79516.6540309958,119111.17364731782,114631.7835129882,77840.88087917701,122116.82184129479,86150.63161671962,90450.74854781014,63960.689999999995,87834.01294153769,88153.83134307597
37,89515.71577513884,62844.64025891409,76722.94117558871,90565.47878281407,50178.3257092998,78130.88259530654,120184.10824354072,118782.30873859594,78214.13176985993,121937.74053510751,87177.68310221378,90446.47876336309,70866.09,88346.69943867631,88725.0362874786
38,83242.898563306,64406.05020356882,76743.3413301197,92725.38268497483,50312.30920607139,78020.13163141528,120666.99054570735,117164.14013170217,82114.65403195751,123607.78031131951,89281.93546646902,89864.3741806415,69184.54,86262.4170148875,89012.49902393775
39,79771.80684881579,62937.480850217886,76049.73607606615,93565.44366987258,53920.69563769793,83628.74502780807,122062.91673039045,135035.24081829138,82489.17562758518,122076.954931465,91503.43225901514,90461.76946073603,70716.78,87045.25724427204,91125.2831614968
40,80507.99246066983,62231.329686058714,76253.73762137601,86438.6459992594,55868.040331489065,83868.01325604811,124950.70352798054,140965.16609318124,83148.33513083687,116519.25187075516,95632.91125007116,89647.27998677017,70130.11,85153.32962765376,91335.95060120802
41,80734.24058660588,62236.95638856197,77561.38752681226,88308.20216375263,55782.84359185082,84293.02007998081,121878.82634109604,136178.40584393207,81700.87139090455,115304.4836771181,96684.14768489888,91271.57715350995,68463.88,86300.61112186672,90994.58020241866
42,79362.68458999881,61803.700295810944,77016.70340083491,89601.48888549725,54367.76569266353,83435.6230345227,126386.6332580234,144314.63388483025,79120.2565164913,116437.54602480722,97112.41945909224,89581.7350500827,67223.2,86508.6790423027,91545.09917438793
43,76385.11858027065,62383.25065364674,78136.6718845861,88599.43510793742,58370.04788825933,83109.13842221827,127766.63210520218,144084.9024659827,78791.03181477648,116232.88167487891,101283.85812395018,91523.80343344576,66120.0,85854.28676507785,92222.23101292957
44,72123.91683012816,66721.43828366042,79332.12094010194,88521.53693441687,55841.780613891104,82993.77283483154,126297.6130228247,142690.490390122,78845.4852590265,116319.17114949712,100144.77936478723,90430.37343606274,68914.41,85757.65488462421,91688.53992161254
45,78573.7468244291,72353.76748942396,81947.42075097446,89482.87121218185,61858.923136304176,82714.35738218093,127740.45694589271,147809.6716705054,79654.51319840903,118052.4756609604,104772.25396390124,91339.03225692373,69929.0,86098.6142971814,94691.6242076739
46,76880.98882519781,65697.37842806705,81704.65891205572,89559.88417918513,66137.42350852878,82908.86376251493,122236.0184914842,145846.86067103862,82520.38264608124,129298.83498752951,104830.55263357399,91486.23682116147,68530.75,86234.37397085002,94925.67365553488
47,73185.99352493671,66758.0118499316,82916.42809119634,91580.81065813306,66799.1552948811,83195.66261275831,121899.19851697369,147865.58817111285,82472.73121065312,127142.61078422217,104999.80683584975,90407.96643127801,68504.29,86801.81452201816,94935.33033182722
48,73936.24637778162,68254.71471579885,85111.48471873053,93692.0282018435,72522.66047637345,83611.44018970006,119265.13790985983,157241.72613832497,76095.77319277439,130876.93570029712,104685.05872851136,89518.43736836735,67584.7,87314.96104354894,96234.30364319692
49,73488.43920623981,66088.43425204363,85770.40971008141,93818.61273381437,68570.34377835182,89453.55353496355,125467.16905341213,156441.2722283879,74617.73778681837,130965.14390319595,105202.10301739896,89395.46570357925,66229.12,89424.5096192714,96606.5570756906
50,73198.88849584498,68167.50082699832,85472.567453929,92822.7554018755,72840.59296749078,90272.64920540925,119201.42855984242,167864.92579150776,74715.18964397824,129983.66108967249,104871.4203447806,90463.08972303217,66844.32,90367.86946422071,97489.55579203012
51,66058.59142291023,69039.63971500366,89709.679550015,93863.7582661956,74308.58321535423,91445.68649795743,118720.64520912989,167935.20616383088,71999.22600611168,132219.29932459266,105831.43745983938,91960.79152634124,67718.23,91703.23901214934,97757.7120297735
52,67385.60115637965,69121.22690130094,89101.75494499158,98411.06414545781,68478.2710528089,90441.08296299388,119353.91120959332,173542.42714433538,69922.37089494217,129457.23666669278,103889.26065487212,89534.86105678874,68148.25,89987.97200989131,97386.58906592977
53,70963.36944838372,66426.03640223926,89140.51523860045,100386.84509202452,64814.15639256424,91653.11382407875,119303.90677789366,163835.85977526053,71077.49775023229,128415.15401830774,103741.17839402797,90454.11006670598,67588.61,91053.61194539236,96684.31193169327
54,70980.95349962226,67402.26928655492,85745.92952464422,98359.72216745565,66258.76828835171,95250.44356997147,122970.40456494033,146147.8984530462,69829.38519192634,127019.01270414825,102547.84527110089,89555.9852535269,64652.66,92403.21441174918,95172.38481460745
55,63954.36662469681,67511.98998536849,86184.53284706046,104292.37624625946,63274.59040571187,87083.94437004034,119127.71832348513,149306.26036323432,71510.37833913135,123413.66896693438,104187.7304309283,86502.19983544495,63948.94,86793.07210274265,93862.47972819133
56,63285.000407549276,67146.25432265658,86086.61210531171,101713.76966142574,62903.942022658506,88685.218722968,115417.51295910092,145344.72868501162,73441.90591566378,123107.95159422894,104836.96285843918,83274.38324689535,68319.15,87385.91541413986,92937.02020849247
57,68617.65701316086,66783.33201119628,86725.1369421316,104046.28883445592,67405.61725167566,88046.55483119511,108723.4629011702,139128.76320005266,73251.28148711385,125052.36951456359,109941.32178876812,78764.19869917985,67588.75,87385.84588666336,93040.49870622199
58,68760.67396323441,71478.815250167,88075.62717208294,105196.17210040134,69994.00028852496,88376.03894877159,108224.15939056886,141378.1877574091,70254.23044073359,124943.42838663298,115064.62829227898,78806.7560902148,65560.05,88225.83306042726,94212.72650675171
59,64181.787020715434,70978.03872737683,87794.10503955532,105364.36133868432,68908.64228486306,87876.73668656187,107765.97063492064,136789.836030283,80636.9549890751,123506.35420248784,125995.03232080073,78762.58816644982,66909.88,87835.42086305859,94880.03395348118
60,66480.60865263549,72452.234783231,88912.0335078534,107873.03660865298,71705.26946625473,88560.85461976512,106337.32550110068,148956.91048329233,82005.07441731024,125252.29034179825,124142.27511947305,80495.56820177981,65676.54,88736.44406380926,96931.12347526225
61,64966.03570595487,76790.4224132447,88375.50944368844,111242.13261341686,72204.26958619582,88010.09930558091,105264.76130807554,144709.30841879945,82383.81923819546,124935.32708944834,126176.17678244782,88364.02248917779,69115.81,88369.76596643311,97785.15703285216
62,79290.00384487947,78728.82142561786,87210.66061996909,113083.36216935718,74722.255624497,87696.76637023859,109944.43530877071,153252.28147410016,79459.40392887761,119104.63163281846,125004.1369301296,80723.56158226605,68399.4,87453.71349510385,99018.36007596015
63,79035.62123696174,76033.63092655619,85966.25119357888,111434.2224276664,75046.40924571859,85789.77321073611,107948.20900822617,145890.19369579435,72768.18936605973,119158.72911072921,127331.1294423021,81642.42668612555,72812.18,85878.0122021575,97337.06546253792
64,78624.15443797963,78177.40458029835,84048.63666766613,112049.44095717529,75885.54146841218,88794.81603098538,107715.10192909281,147692.55783410088,73539.75019640954,119314.46588950281,136822.44809935943,84489.20246702361,71031.6,86642.0092490045,98929.4600465005
65,78424.86852394268,76700.39517319253,81865.82013285052,112784.16236651686,70036.23848765384,89100.99629990973,112219.82215270537,147340.97491527873,71923.33875933771,119347.13756828039,128800.48644349255,84511.10383943963,68374.58,86806.05006967467,97754.6120552167
66,73945.62453844216,77755.40189255383,83036.78900292917,110030.28489126191,65065.5555343561,89411.32972998002,112674.30687637585,153907.22574241328,71277.52165800589,117895.99271007771,133690.01184395564,80842.74100428866,67389.65,86224.0593664546,97461.06545205334
67,72741.70316364263,77600.66757371418,84115.95717761837,103002.63035058395,61103.9398839681,88815.12037436545,110008.1446587881,156422.68368852057,71982.87502336674,116483.22241748656,135439.25503555214,80651.03142804015,66183.95,86465.53877599191,96530.60256463726
68,75025.28528448926,80678.47384299754,84162.87753303965,106034.46267226452,60488.964801767725,90651.04833203771,101423.80361487661,164554.23441825082,78292.24275028722,108600.39376677069,138196.23815192917,75408.15748734474,68527.58,87406.96293253868,96959.68188800463
69,73630.2838862308,82163.92330385828,84189.39773392993,110410.92369369188,57652.456902128804,90596.82650596596,96981.9284671533,170862.81066433463,73595.34353774236,107577.49840119145,138293.58459514964,74272.31055236253,69808.73,87393.11211994794,96685.60735364497
70,74521.20914898411,83069.82240688316,84999.28386881012,103960.42380227984,62387.58822400554,89340.72599049936,98056.96201483026,173962.5703920189,72671.55972974646,109253.24106423739,138774.16946627104,77619.27847224759,70331.35,87170.00492965474,97384.73621506781
71,74433.28889279134,83114.83602690925,85376.68672763337,108729.03131086178,59842.42566998578,89564.53523002958,97749.89776387441,172909.5718552153,72811.4493946935,116632.0837532547,146316.65843514138,77976.27365169718,70233.42,87470.61097883148,98788.06155934064
72,75318.35280513181,80976.68907567035,84058.83674493161,110037.36654340015,59900.83880738571,89169.06199646789,68635.58908006024,184202.77370105177,70452.18010955327,128956.18209542296,143896.72777318882,76083.22351741396,70846.75,82517.76291030098,97640.65185413987
73,73792.05715762547,80008.89624510957,84228.15802753881,110238.30842282248,53851.41189401057,89133.99085790235,69495.78877302747,181824.3157078629,73994.17670885708,131694.0474577844,147984.7324071519,78793.88119193689,70905.33,82118.52713632419,97919.98040430248
74,74428.59981246106,80630.64687171984,84432.15957284867,110483.51062810875,54139.48296062749,90352.48219188087,65121.08007183409,169927.22772594632,73582.0198226599,130080.77005987287,144497.54985897345,78806.24109428367,72473.79,82531.40322228425,96373.48088926809
75,74436.80570303906,81457.77213969911,85040.08417787208,104063.1077582842,55724.43045445089,92542.81323400514,66263.6504692388,169965.06868210484,76734.6948510972,133415.35991749406,139525.72283326997,77069.30963562765,74380.82,83248.9281587856,96353.23498801525
76,72960.91766908324,80419.64552784759,85056.40430149688,97991.47625626756,51802.630036730116,91974.52235053814,61838.93733634574,176986.07485956556,76305.49556917042,146734.26557513422,133273.10456936547,78731.31386808748,74135.37,82738.02491467223,96172.8989933027
77,71631.5633954487,72227.16668310062,85403.20692852365,85299.38521152132,53706.68876211164,91950.7570395365,67081.00685899664,173942.92568511365,77958.94431801423,144612.84497091625,138190.17169306625,77151.69962104382,71029.13,81629.16476476777,94929.69676394945
78,71653.83652701754,73909.55073157542,83142.8698064903,91551.59884306288,55736.7417434993,92608.11015646603,66174.3832985749,175834.85278823558,78745.08088155383,150250.0686592545,136685.16413529133,80938.07143291942,69992.9,82040.47061970487,96435.86075032841
79,68648.13603530769,74044.59159165368,83163.26996102129,92178.3250572964,58386.288312110424,93049.03743145807,77029.04900938478,175904.55981273815,77069.8993407873,148547.3039062571,124914.02979448556,78773.47798950231,70671.39,80968.3739752618,95975.66402016689
80,66928.41582417727,73405.96085753363,84150.63744032105,98164.09152713697,58109.34979410112,91905.99519163044,76616.04944386514,173713.94867129315,76899.68093870307,150156.3707615529,136683.80929281193,78791.97102521056,70072.02,81471.3042327658,97127.1900640281
81,66084.38136472678,75501.9075399981,84093.51700763429,89647.51962439575,57030.5403484437,91984.21305987863,76229.34850538755,164203.49643305904,79551.73559258365,145277.73761814434,132082.19802998356,78630.9364793318,68245.78,81822.62630010897,95026.46096696392
82,65819.44832606593,74894.22366964597,85080.88448693405,91113.42161700978,57047.43562809525,92096.57914199331,72806.8229579423,164457.97233679495,79565.26486287775,150893.10912328708,127632.65266931932,79960.51552003747,70770.52,82520.70000348576,95114.0275283336
83,68507.46362539925,69953.97887178346,85184.92527504209,82865.06728900409,56473.97840364325,91905.99519163044,79679.77776039856,158547.14859719086,82223.93465720602,146548.20222992593,130577.02869997227,81623.71828848244,70175.03,82544.50097310505,94507.60157413989
84,68399.61477780281,69104.34679379115,85042.12419332517,84081.34104374543,56290.61877951791,90430.23859777952,83466.90352218748,157405.0397385881,82631.86831814566,146675.58446855322,135539.10894843598,82064.45180633149,71250.8,83774.12228296645,95094.27008235031
85,68216.74064492185,70643.24992843284,85091.08456419955,84699.21519280616,53532.2351768724,90694.19506172034,82297.66409454294,164468.0813641579,83184.77446381132,149362.9766175339,141493.70230993422,81433.5349729025,68554.36,83941.99482830874,96259.7878659863
86,55733.23653563239,69945.53881802857,85103.32465691815,90821.3034663077,51916.05106136764,92861.2222551925,83308.61788900474,169434.66159566276,87331.12207220578,144861.10709121992,141537.88635198592,81603.87689979092,66066.39,86217.22336456197,96204.82905777641
87,58656.87812156234,70707.95700722034,86920.97842562907,91951.71218887297,52046.17090891658,92829.8428154233,82264.57474220832,167723.6106418344,88465.0954275333,145070.72815587308,139871.30877316158,78770.96855478342,66343.27,87693.03692658119,96273.3188135849
88,57674.51579236856,68316.60844333471,86123.33238346748,91695.88750537935,46857.87937313008,94318.75108623631,76914.71788900475,173850.85809560833,88412.92177744885,151368.52735280807,143172.8374586048,77074.18805162968,66119.59,87268.12708045816,96315.08543408506
89,54032.27264582312,69878.01838798945,84899.32311160828,90905.39808544921,44704.58253009818,94256.22293787272,72812.74940910672,177566.81584941468,88075.94203820358,148846.3057299805,141431.41999894148,77002.74407064031,66745.09,86487.63257490593,95367.64956626068
90,53366.42323892327,68682.34410604663,84252.63821297599,94867.58245678998,45388.64489924578,94787.36610220117,79793.61500984822,177626.68543236406,85407.29347269153,151961.46768951448,141163.12074496358,77054.03766537947,68266.98,84829.96584283376,96195.93491924535
91,56175.18235676134,69163.42717007539,85031.92411605969,94949.02145637965,44557.043518257335,95559.16188181832,79521.49212721585,177704.87196937104,86392.5196021336,151918.56279324045,143336.89472778802,79710.77994769576,68256.91,85712.22185909664,97001.7401388997
92,51487.27429656333,70713.58370972359,85056.40430149688,96097.13430929052,45930.34161737606,110588.75987538541,82309.27006140655,178090.22205720545,86291.42381167627,150060.70083756297,141428.22499727365,77214.00476514647,66860.33,85673.91405658657,97938.9453866756
93,52864.69164358325,71360.65449759853,85325.68634130589,101521.67984717619,48601.563912982,114490.88550315383,84015.5941258255,173636.6070679165,86642.68029471257,148392.63308763938,132413.56823460635,77588.3412621311,66834.57,85984.18331800922,98071.2154848859
94,52954.95643994116,71338.14768758549,85164.52512051111,100462.08764599325,44308.46025640741,112977.98119016441,83368.12933611401,175674.28522227108,87317.2003783258,150107.12340235143,133614.1406651099,78617.03158919167,67389.54,86240.86274941845,97992.00574449722
95,54305.41157506196,72817.97044594293,85233.88564591647,99569.79947657601,44529.212146738304,115743.06358864928,84477.85731664929,177626.8363133695,85457.16864177298,150167.8831312364,138257.69138021066,77873.74264359317,68732.22,85345.52714384472,98838.37685880974
96,53627.83946733642,72255.3001956169,86025.41164171875,105274.95548043914,43292.18953969273,116897.41165604081,83592.22327076817,175572.1086054028,81407.61885122862,149227.59967773757,136732.28029912672,72721.84507502003,68655.94,84808.81745624346,98052.23198001074
97,52640.78805781236,71492.88200642513,86049.89182715594,105265.21820874908,45303.906558667855,119687.64375257601,89500.52467848454,169880.1226760552,81505.46313197438,148596.2847754196,139724.78357009226,74527.57999007314,71900.42,87775.20825282024,98681.2574361238
98,53136.658302739525,69180.30727758516,85970.3312244851,104220.67451835985,45889.67507216826,121306.91513713602,88458.95088633994,174078.29612317355,78848.88626343745,148669.8893241829,139991.66731700214,71602.61846326926,70931.44,87214.64105541252,98446.23915915658
99,51806.13175902241,68344.74195585102,85364.44663491477,107172.83825348532,43939.90741191548,119783.85865245655,90778.16877534469,175520.47712534922,79664.88439317868,151264.7028336257,144811.83287113236,77775.67805474631,71708.04,88071.30770512973,99685.63906008519
100,43404.472077242186,66147.51462832787,85146.16498143322,106584.17591949478,44741.12348376316,122186.46237537237,90380.72614413162,179072.36687386537,78839.91658147452,157312.7475660388,139761.46542468344,74427.82059643477,72927.82,87763.44556278242,99000.41305435517
101,49635.087566102506,66727.06498616369,86013.17154900017,108015.55485793493,45350.139378179454,116278.1291829489,84512.18134630982,180563.8859648123,74296.60448570762,160977.19879389607,143037.59586902056,77932.6769052376,73285.01,85262.67644765499,99444.94090710947
102,49601.09173370797,66712.99822990553,86070.29198168693,107673.86514226522,51435.19044709895,116988.08900772675,84635.77254663424,180836.7089988069,74594.04287696625,159150.99585484815,141635.23279520642,79733.28995166671,70775.86,85353.03226416057,99922.29746387668
103,48810.981698055686,63058.454954037974,87014.81913647162,103875.44397662104,51982.06052605277,116980.70561013401,86495.9374058626,190482.19973688904,77007.44793012032,161201.95649276266,135260.19339144795,77994.15805585048,74701.15,86755.37827116711,100013.69657619217
104,53903.3229367404,60849.97422150832,86729.2169730378,104102.94205156175,52645.62590864635,118407.31646375821,84525.26892596454,190201.6515954171,74415.88256897732,162504.87959129072,130979.61913164589,79080.2657474493,74136.2,85627.24294950117,99862.1638429998
105,61321.44801924427,62222.88963230383,86906.69831745738,104287.95021367306,54509.738430200574,116401.80109262747,84909.2535743251,190610.17700568357,75398.71678322926,161222.15643771653,132162.59883144693,78506.43855387511,74948.73,85907.97594589124,100704.9889076486
106,61911.09987077706,64338.52977352969,87520.74296884009,104014.42139983385,52630.6297108161,119700.7954295381,81733.4165565983,186464.57050085242,75397.5955729839,161283.28925265605,127734.48829209837,78811.07269247378,74969.38,84627.0797627192,100128.38766841647
107,58449.38631694742,62878.400473933645,88071.54714117675,104778.35462424564,51557.582996202604,120113.5735012078,88144.97244235894,183864.61919171168,74290.02671893478,157260.8886044554,129073.39620620628,79627.34124329258,76942.51,88108.25979176784,99842.50745505613
108,56560.859213926924,62959.987660230916,87116.81990912656,106466.44345269668,53432.30418172408,121206.3163449348,87411.45064303094,169957.64533663835,76164.09227039212,161219.0118552567,124451.15898324393,78884.03357056934,75865.56,87264.13527607874,98819.17695181427
109,59058.9667598839,62929.040796463,87088.25969278316,106461.132213593,54200.64649238929,121683.69914554106,89461.01500405515,169627.51769678647,77197.81074294634,153877.1046856405,128837.0065258474,79697.75523241972,74094.84,88274.63734841916,99176.66291569575
110,58794.03372122305,62999.37457775375,88104.18738842632,108959.18500535433,57730.581199122214,122424.3462165638,88496.11467385008,170220.66110528086,77364.12359600923,150361.03511148127,128892.77750432727,79646.0309138109,75866.85,88300.1510311382,99499.37091776692
111,58220.793650846244,65846.48604440346,90105.44254791614,110176.34396661294,57710.8045539487,121976.49700632856,84542.43094079482,164271.1514758879,75347.27191980432,145189.20962719875,130686.95293456856,81573.42659491838,75902.11,87323.93674435548,98803.9009386024
112,57354.48605982691,65711.4451843252,92114.85776921836,110125.00198861076,57733.33159348409,123955.47829236035,85330.5254779284,156578.5437671161,74317.571117296,148414.27207880365,131327.71254120086,87356.46572241774,78511.47,89735.66174581804,99193.30763271569
113,57388.48189222144,66032.16722701104,91162.17055262126,110183.42561875118,58386.02636979025,128204.85433816278,87739.99827945778,153095.15399505914,74398.98966794711,146824.76559236815,135198.982821521,87470.77609200073,78314.95,89451.08441603952,99673.81603724265
114,58885.470787663515,65134.70817774102,91961.85661023595,110713.66432260131,62683.77950254801,125438.38755262925,93004.04505851002,151712.66151862638,73713.46303709186,146565.84387050572,133884.2396352171,87487.36832454504,77600.6,92482.95083437298,100098.79069982626
115,54709.844753548656,63834.9398994879,93622.4291890583,112690.33047568529,59695.27957162521,118628.81839154071,92635.37040899084,146363.71864319433,75366.91178593566,150316.85106302015,129372.61417885555,88597.30628241094,77617.92,93128.89979902457,98819.5345536128
116,54097.91977044705,61716.4864070104,95168.7609025071,114844.03793222508,60338.54442440491,118436.38859177966,92775.87668868034,162054.3172157015,71227.40356003796,150898.59881808987,130530.55962508221,88478.17367820023,78470.63,93972.31879559372,100047.25563451386
117,51568.160932260675,63860.260060752575,95442.12297322233,117841.34719973178,59062.88532513292,120166.18020905614,94433.43099872554,165921.97073235386,73232.33303396714,157206.20484845893,129045.59160308451,87691.2786225798,76843.9,94937.77698597393,101289.31387827719
118,51581.05590316895,63140.04214033525,92214.81852642017,117335.00907184818,61137.20655863083,118358.86291705577,95779.47621944154,165162.01328427068,74367.87608363816,156499.57986112827,127678.51509832307,88792.05901643423,76083.58,93997.14737293086,101003.87622339126
119,52524.733319637904,63767.41946944877,91355.97202066565,118035.20742701589,61594.88527756369,118625.58815509386,95792.93420229405,161077.51358663331,71962.35687587652,155598.6836353891,127681.32589092957,88332.95418918792,75861.2,93574.45311147984,100529.13117081135
120,52617.34265616096,66707.37152740228,92930.86395045783,119198.36879072047,60403.17869190909,121197.77929146819,107806.09764801299,172229.03816838347,70438.20235516102,156730.41353288337,129037.15922526503,88347.94525256458,76106.22,100368.4807992354,103136.98009086576
121,53942.00784946521,65809.91247813225,91715.014740411,124232.53825448613,59539.88229017897,122520.79184761908,107446.55961070559,173876.8398047411,71844.44293173867,150048.60218979378,122176.52001105853,90420.81323886874,78106.54,99580.7871755583,102797.82710393325
122,52856.485753005254,66054.67403702407,92312.73926816892,126979.33407760285,60399.18407152636,124196.3616388238,109244.1263295099,170255.96726054838,71960.84324204526,152293.83406611686,116720.52890350454,90463.21144934317,78574.23,100778.4327988394,102811.44084143495
123,51563.4718519304,67472.60306784567,90717.44718384574,126509.2894169277,63817.98974892331,130876.02914851488,110232.23859344225,173140.449969704,70308.12327986096,155243.87879750555,119362.45151678132,89896.78147005229,78657.11,100474.842888644,104095.06283711117
124,51286.81611244384,66862.10584624193,92180.1382637175,135608.3272080385,63336.736221174346,128464.4269097829,109985.05619279342,162529.2302683513,74112.20277401946,153607.84315026604,127314.10291442683,88679.26554395744,79845.98,101082.59722825546,104497.18761710111
125,50556.49185100263,66054.67403702407,91172.37062988676,134760.2993644852,64162.90229901908,132439.6943199545,109919.1244235894,172748.1895318215,67918.95505484425,157335.61241138238,129030.344569809,88700.71746537903,81189.14,100545.74752673808,105399.94799651648
126,50349.00004638772,64524.21095613728,91335.57186613465,137058.2954833415,62718.48685997174,131290.65306958277,110632.27404703974,170285.147646996,67161.1477368376,153712.78692761206,129263.57969155915,90299.2554720006,81298.61,100983.9229565872,104885.86748363341
127,52020.65718413275,66743.94509367346,93840.71084253983,135679.14372942082,61122.34133196067,135744.45693623446,114947.34783339126,173298.54308717969,66169.02616438654,153604.16558772823,127727.79496581962,90808.02463413127,79802.42,104394.02933796555,105975.51311588322
128,51462.65662482936,68763.9312923439,93379.66735013953,144594.94377145485,60389.16477777951,136513.7146729291,122171.69180280386,177591.16804368896,63818.22201659883,146975.33246438572,126702.21965198209,96199.05822242751,80312.72,109185.3750126157,107380.14755761361
129,53058.11620720733,68294.10163332167,93320.50690199967,152287.38840660933,60958.56189626873,142187.39426060804,122279.23219789134,175690.79160426365,58099.71340214973,146826.1513405708,123293.82018290355,96126.00370870813,80467.24,109202.61795329973,107701.8151452085
130,53360.56188851042,67551.37690289132,94238.51385589408,155799.00266065513,59576.88164290426,146683.1912010685,118123.92565751362,168226.79879489934,57795.24876002013,146940.102481234,126752.38926677853,97196.97988349452,82152.52,107660.45277050408,107687.08108298865
131,51380.597719049445,67976.19294188746,92300.49917545034,162615.09284370337,55146.585696135895,169281.0024583792,107655.83741744875,170143.83249732264,53782.829715434855,143524.92603582848,123228.78774389294,97071.66732811043,81630.4,102363.75237277959,107842.32096438698
132,51869.434343481196,68080.28693819778,92314.77928362202,151295.0719007396,55632.68515680818,159931.08306303507,106182.74389989574,158092.2423658593,54250.44913510289,142191.51647684237,123239.4647114917,96177.08194151244,80394.05,101179.91292070408,104938.06993471569
133,51445.07257359081,66738.31839117019,92335.17943815302,156766.53338404107,57055.03195538044,179532.6192847379,108847.79490789016,148737.4691490142,54969.83631536826,143403.033492004,123782.63521654898,97286.03672532806,79419.31,103066.91581660911,106741.63006943559
134,52298.485193701876,66763.63855243487,93242.98631478191,157599.5127168006,56779.0757210718,183043.65557126532,115165.14491368322,151369.0752930913,56111.06016361581,143414.22607364072,127196.69671389958,96948.04957751784,81280.42,106056.59724560054,108327.63390045875
135,52345.37599700468,66817.09222621584,93273.5865465784,153176.13574995747,55634.9116665297,189234.63445278627,120684.39949600278,145947.0154824343,58174.96529645134,145235.5255959716,124680.2689129673,96962.80655183489,79136.63,108823.60302391884,108513.8931645612
136,52400.47269088548,66684.86471738924,93347.02710288994,152832.6756212532,54459.38001914615,181354.70337192377,115678.64721353262,138193.24061406654,55951.32507732576,143628.4840649719,133542.43512135005,96952.70326802263,78286.58,106315.67524077762,107085.49657356313
137,52837.729431684136,66687.67806864086,93136.90551122079,157958.0213562986,52678.43418424878,167365.93370775966,116282.15749044144,130349.20872825845,56958.11581715372,145527.06569860387,132061.5316267905,96709.20382822864,77709.76,106495.68065933505,105712.66545411079
138,52387.577719977206,65840.85934190018,92396.37990174597,166349.77914010346,53879.1122943695,167537.82843296585,120373.38427760398,129154.89504178148,54033.401518437124,143486.33827818578,135139.95617678468,99084.13097347588,76815.1,109728.75762553993,106638.63692477759
139,52489.56521716081,65320.389360348614,92473.90048896373,172977.3203349713,53859.33564919599,189789.08146576682,119699.12698992007,118434.19608289837,56417.28136846317,143396.79762509215,135150.55225826526,98934.84769838893,76739.61,108684.52189064365,108245.19954495293
140,57301.73390611125,65914.00647444256,90311.48410867911,176598.7001971597,55767.78190844053,183761.92171833504,119665.2968311899,123851.8501681972,54555.38094816807,144404.71625048135,133740.94987687469,100100.77975931071,77422.36,109883.0382952503,108831.21684561584
141,57830.427713350386,66136.26122332136,90146.2428569781,178270.8553082997,55093.21494839942,183689.24139828145,117856.49454871974,112039.04431590643,55011.564023333354,142784.40351554097,141619.86443275365,102558.92088346393,77633.48,107298.98259968517,108586.37793069571
142,61914.61668102476,67388.20253029677,90233.96352146135,188872.08855923297,52499.39660840639,177288.7586100662,112275.75303556948,113573.53431719607,56470.23986571937,143393.17336056216,141516.47175219978,103898.96838691484,75824.23,108087.36071124216,109110.43060238751
143,61316.75893891399,67118.12081014027,89358.79689208201,198218.0989686646,49150.79147281742,182121.19233452113,113541.42076236823,103662.55336198257,54493.58357681089,145097.43045777778,139816.64997880658,100790.79939850704,76685.06,102226.67638024481,108723.84974611603
144,61778.63335144664,67593.57717166576,90154.4029187905,217134.07703639948,49684.106036701975,184982.48963288654,113747.73534352914,116076.92178286999,55156.53650805941,140278.91746716062,136688.07603554553,101273.92176326814,76775.73,107510.82855339863,111212.4495873603
145,67064.39915375541,66454.16991475556,91096.8900581221,222328.4688797926,48573.07768566252,185505.5572060979,111393.32915073572,115351.063442011,55292.520623985096,140719.79858763123,138721.10817274993,101527.79603018354,77122.36,106460.56259045962,112002.34824212355
146,68563.73258936264,66659.54455612456,91225.41103166732,222267.38963010037,47997.00103800874,200618.679884933,109980.98175761789,117429.93211084434,55028.512984875844,142016.96550131758,139868.4979805551,102588.20074303845,75867.67,106284.59125032817,113687.07081737048
147,67135.90762879219,66088.43425204363,92369.8597008557,222367.4179665529,48021.361673785395,203123.95898062302,108883.10667941142,117223.46654303205,53712.13740946442,143275.81114740015,138343.59243770974,102152.8980913721,74171.78,105518.00238539177,113558.16270925355
148,68071.37915468316,66777.70530869302,96270.3692471804,222228.44054334008,46542.23887731433,200997.07901156144,112572.81640018537,106101.75604795222,54016.489930569485,149924.8975137043,140027.05499370256,100798.55242816094,73333.27,103450.15423805658,113694.06495475397
149,67126.52946813163,66622.97098985338,106715.2483670457,203837.38994035168,48701.75685045049,199393.26661571124,117775.87011933727,104516.93214325559,54807.260829789935,148012.45839804594,138280.4203794171,99157.54130256588,73303.61,105616.09025515064,112912.30378366298
150,72756.94267471603,65283.815794077425,106937.61005143347,222334.66532541357,48159.405276519756,190627.097092544,116489.4598134631,107673.30242417222,59106.37333411575,147843.50371333948,136642.112498894,97123.8223705889,73766.08,107305.45623780283,114248.17586410647
151,73433.34251235901,64563.59787366011,107400.69355928687,203287.67669312138,49014.8434086445,196552.2736607259,119341.81137179933,111910.04105627509,59385.3865036755,144995.41807086038,138244.486721419,98046.30180952861,73844.88,109655.36730778098,113847.98943677964
152,73557.60314111145,62644.89232004835,107696.49579998617,212106.10401825476,49149.28530447639,197383.36735225987,116583.17182250028,110297.21363697307,55728.42848054665,143253.37268611894,136460.7658219515,99086.48122763424,71338.33,108996.85471847962,113662.26513432182
153,77777.77543836397,63517.0312080537,109563.10993957148,214908.66785196008,49930.069875350106,201123.75042651207,126117.9674719036,113477.3627643434,57017.39046545883,145118.53646886413,136707.7718053205,99092.0993650646,66853.7,111520.23635195744,116195.96109006387
154,78579.60817484195,63728.03255192595,109520.2696150564,226533.19983686783,50285.918517313345,195216.5708899625,117497.32691461014,117578.06708196251,55296.33273881935,144217.74683914054,136825.84531632267,99066.78029237846,64751.850000000006,113508.79826483327,116195.47489743348
155,75403.92852115943,63013.44133401189,116229.88044029799,222333.78011889628,49096.24198464014,176715.62237192897,118573.9655428108,111324.47187425262,55752.01126937422,145010.6080030816,139610.8352511169,98071.115249846,63257.24999999999,113777.1761572753,114261.32516345139
156,77647.65345919869,63072.52171029613,116962.24598796043,235451.65549845374,49745.1385973037,179241.89800452336,120787.24811725177,106551.44179649638,55861.60957085893,137098.89183214155,142800.7006504231,94901.22165820337,61526.78999999999,111756.84389222841,115010.18557359256
157,76107.29057070152,63089.40181780591,117149.92740964549,252702.56010718682,50183.36809896325,178908.95291932527,119309.70976132544,107893.34728247202,58449.49362502963,144803.86503084935,143420.89496151006,97943.61162086407,60758.81,112521.63734605876,117496.86860047323
158,76895.05606618866,62934.66749896625,118906.38071476348,238565.81202624124,50221.218764229125,185317.2805674828,119305.14145521958,102430.24783834167,58382.70686808055,140191.29554234757,143193.78696321146,99123.07402943063,63065.98,110668.31427655258,116288.88902787527
159,76982.97632238142,64383.543393555774,117429.40952672002,245882.0438915521,49891.564354283786,183189.0162113726,120515.98950874755,101117.00974339519,56462.65300972573,141736.03170223627,139945.21846364165,99143.08396224507,63227.94999999999,109273.2096350576,116389.87834082144
160,76059.22749731615,64484.82403861446,118622.81856678275,249775.18215454512,49710.43123987997,175393.0712781276,120463.14531919823,112335.76690115906,56114.18086546543,140973.17731668314,139964.55024588484,102806.38111014634,61679.38,115479.29273397091,117225.22971115027
161,76025.2316649216,64400.423501065554,117388.60921765803,253567.4068745684,43993.27815965196,183545.49587639756,120621.80135557875,110897.35792411884,54477.94269388801,137582.46465685498,141000.17565990528,102759.31984560472,61344.37000000001,114142.98357088843,117188.29228585113
162,72989.05215106493,64479.1973361112,117645.6511647485,261242.14737937727,44438.58010395636,183145.17728816567,122052.54544085274,112170.73325743419,52984.28509184652,138354.4330017409,140146.7057840091,101525.57686589853,63259.61000000001,114908.19221109134,117597.8404054338
163,67035.09240169117,64512.95755113077,119298.0636817584,233328.9302700187,42746.69465791985,187547.2973716681,114865.2417912177,108036.74459002014,50510.74579586589,138263.6131964602,136112.67241239653,99211.80314658073,63328.99,111450.99319061893,113455.82140556067
164,69281.16187989556,65199.41525652852,136723.87568212746,239948.50460623103,41280.210578397426,189013.59398735332,116524.40118178657,117373.56296722063,41784.70281924237,137424.00967968392,138162.06376700132,99142.50342137727,64483.5,116948.9820745036,115988.1671522371
165,66384.48250586473,65283.815794077425,142601.16020250478,223786.40401375113,43412.29009349483,200600.68285330068,116593.7900475032,121590.68706861933,41340.51669370251,133792.54991865103,135151.72510697876,98619.32373673774,65365.32,119092.23855806126,115763.11900293217
166,68494.56865449098,66614.53093609847,139898.139727149,212480.54637506377,42052.743966185495,203482.0537638714,115338.37014250956,121363.82238887469,41965.66615284472,136217.34278323152,133558.79433875045,98511.83940413265,66095.44,118351.09626569212,114998.20155276688
167,69053.74148387695,69456.01570024493,141046.66842724357,219589.63991533138,42500.33790579145,208278.26269388688,116566.13327540264,115833.03772571434,37982.323827289314,140203.07440207,133643.48210447692,100622.97626989993,65449.5,116199.58550055849,116231.3078109357
168,71126.31498986097,69613.56337033621,156467.1452372166,234072.50374453305,42331.71253717619,215346.25077072167,117425.34522650912,114475.53114377857,38218.63757333799,141692.06084580635,135051.1432190314,98015.72041478269,64464.52999999999,115950.43818514384,119486.32742275756
169,71270.5042100171,70046.81946308725,152287.15357381737,221282.15477636887,43806.5132853643,208108.67528042846,116550.20593789828,107126.4191319386,35587.02631959794,140252.85474134944,134525.16101408575,98072.82878176226,62818.8,111838.31253491844,116576.35970964294
170,69482.79233409763,69273.14786888896,153392.84194939685,227957.49712316977,44138.132262710984,214481.7010588456,115413.1915884602,107381.6494407016,38242.23904900298,142205.48055488436,131870.68083096272,98044.57891404994,63112.66,111397.42051458091,117656.99441459763
171,69512.09908616188,68938.35906994497,155416.5372788708,243456.57803420772,44218.81049732613,220094.00615403475,115042.17105202179,107229.35015383393,38154.653842002335,150283.5931061568,130880.83695982784,96841.08024084386,64281.67,111135.76060292785,120005.67295626941
172,69362.0485155929,68327.86184834124,150028.8564672371,233968.04937549416,43879.267764794036,228079.61211294355,115270.33942185146,95555.02288831465,38966.765109559616,160383.61888109613,130962.28928082745,94880.78100151925,63362.23,105412.68115508306,119138.70938896429
173,70327.99906363069,69869.57833423454,135922.14960905968,238421.52336392476,39816.67334997701,246356.28992909726,114876.84775808135,97905.53771930034,37351.56831692027,159428.678475454,129199.55832902569,94501.18218247488,63865.030000000006,106391.19273869085,119498.13220259838
174,69006.85068057413,68882.09204491237,127107.24283622023,239674.09058587454,40427.71929737469,248903.10063624647,119266.74299038351,101040.72430705647,39445.8956210801,163118.28636298998,130123.15646937734,98509.69514834674,62398.06,110153.73364872,120458.79974836971
175,67264.8573378749,67554.19025414294,127027.68223354936,227222.77571382816,40329.621898467645,253172.08883190466,118845.84148997799,104657.49288790183,39911.478175469056,162802.97534888165,128638.49177032278,99199.73351466784,60910.590000000004,111751.6671889399,119718.93578808242
176,65685.80953665293,68142.18066573364,134122.85597942662,221403.42806923608,40855.86401970736,261665.0726441402,114515.95157571543,95666.52395131763,39981.79674469104,162625.38638691258,121826.40444854925,100372.92233643717,59849.130000000005,107444.4369560763,118905.34969654334
177,67679.84094710475,68235.02125703744,134914.38197522893,213129.40275222927,40155.364769968524,292953.6043304673,114091.46951106477,95279.66505342905,39482.85818550239,160987.1122233457,124838.07772952167,100317.16232244088,59794.77,107204.31591675282,121005.33008811175
178,70318.62090297014,70595.42295715513,127460.16550960628,221948.7152838799,40343.63581259722,255567.5398884025,112837.65468659485,98822.38123681588,38767.02150434735,162906.63997404065,123211.43767154496,100331.6009356369,60116.950000000004,106584.62781111588,118592.56969696598
179,69256.54420816158,69993.36578930628,131848.23874922155,226835.94046577727,38748.47256828684,284440.7776372012,111283.1959332638,103555.91066735401,37880.12551342404,160808.61719524418,124647.30781981203,100371.92979882447,59467.0,107419.55330030891,121639.20219548978
180,70336.20495420869,71917.69804542129,131791.11831653482,226293.3088706852,40855.340135067,276576.9977385729,112642.57566909975,108608.94571496267,37647.11933759921,162559.35015525602,121818.98314720695,101469.34867378307,60254.51,110625.76069203121,121876.41589653312
181,74566.92768220435,73999.57797162759,129222.73886108356,219504.6600896726,41574.502775118584,252931.8976789655,113745.75985980767,104768.8732461005,35537.16983735392,162695.68645919266,123242.19461798003,100343.51138698927,58366.8,109257.31655295409,119344.45837217469
182,75561.01271222383,72553.5154282897,136360.75293147587,214058.86959537223,41804.42264665576,242864.17359890122,112648.50212026417,100987.46331214433,36083.53558992162,162831.64967707472,126885.54803881985,99061.51797031869,60246.33,106817.98271620425,118475.08030178848
183,76203.41671747225,71588.53594898057,137939.72489217427,222135.49385902582,43352.04335985365,247564.39836021097,113908.2433958985,101195.22645660322,36024.76548622693,162847.90556945186,127524.10349873194,101824.03105332382,61496.99,107866.13722461116,120175.65738316282
184,75897.45422592146,72193.40646808106,142764.3614387527,226723.51923808284,43218.38729098228,274528.79710010905,112819.38146217124,104479.39294910787,36012.09581045427,165481.67992259195,125100.027423223,102700.88185276663,62424.979999999996,108649.38720563956,123493.28209852037
185,73735.78819366211,73121.812381119,135144.9037214291,228717.8895215124,43680.97742841848,258053.89902776113,111894.36120959332,107209.76579933081,37665.80617502201,164387.20533254556,121847.55616845134,101392.99818610452,63076.35999999999,109552.06350446207,121404.4135954125
186,73932.7295675339,75963.29714526543,137774.48364047328,230150.15366646982,42775.966712199865,253357.82742759728,112612.81994554512,102346.41835173209,37900.68103458912,162610.94262680045,117539.19752705705,101462.53200036756,63575.38999999999,107479.61914863861,120702.25413713591
187,74068.71289711204,76596.30117688222,136493.3539359273,230005.8650041533,43233.31800323249,258611.11481483898,111912.63443401693,102542.59383497498,38248.01328176662,160798.11748770878,114871.04758996287,102343.30613244923,63610.4,107227.61413449596,120810.36488275214
188,73135.5859113862,74804.19642959381,137849.96421223792,221595.51788348562,44280.23597140812,264548.0586729343,115131.43822268565,102814.87369735009,40415.89197802258,161194.7612617105,117738.66269447021,101416.39772850196,,108973.15596001787,121243.79872198224
189,73204.74984625784,75673.52196634753,130230.50649491431,224706.133585204,43864.53350928397,284338.3329956018,114008.49919476308,98752.82509331875,40819.69584789177,160963.0215238229,113799.18519500119,101667.73447001133,,107733.45983250625,121835.72831020156
190,72779.21580628488,75822.62958268392,134918.46200613512,222508.16580280024,43774.35986556232,290081.92412923713,116560.33029197081,102268.44304813271,40393.07534952935,160913.24118454347,114847.69172334058,103986.24615189541,,109416.96893761799,123237.815411843
191,72304.44642284396,80301.48477527911,133145.68857739234,205876.02054964518,41699.12183394378,279592.6541928617,114019.11741976596,101185.60024845765,38961.15905833278,161326.2474469379,117313.97013100598,108604.34575608568,,111311.73158792581,121194.15470104599
192,74286.75513247008,82397.43145774356,131903.31916645524,207075.47538055823,41788.575136284926,260168.3195133849,114181.10708492644,103472.98646677694,37341.34661685,162806.9726994662,116356.27849184466,110051.4562318344,,112116.28165838041,120152.50194821629
193,74577.47811294747,87059.15448169471,132035.92017090664,210149.79761506818,40376.05117471938,272425.68244204915,113946.39492526939,99903.89628364326,36112.7057431386,161661.27872392992,116082.15543735836,110004.95678103581,,111975.6758531526,121194.62265764676
194,73774.47310638693,82099.21622507078,136470.91376594323,207418.0503027452,40687.36962225218,261583.3938082704,114745.72502606882,98542.2857383602,37157.16914721092,166705.4554795462,116583.6493700273,111237.27649925965,,112991.50076266423,120583.74817426183
195,72669.02241852328,81353.67814338878,135051.0630105865,194292.20806453226,40879.30785736338,243305.7930674176,113949.72855404936,98901.41270745317,38308.76419022814,160969.9502648361,119963.13205185918,112499.46598148819,,113224.59726776878,117678.62719264383
196,73128.55229089079,81781.30753363657,134987.82253154047,180218.30964631352,41689.42996809715,251612.80755278576,114115.91612211795,95588.2770619085,39042.5776089839,161099.30452975174,123286.11578014764,110062.57078038412,,112089.24345125104,117217.74928387984
197,72320.85820399995,77991.72339769077,136228.15192702448,170347.37177213543,43754.452249228714,218890.28161524172,113858.97977059438,95149.45474575438,39520.04499197375,161115.40052810547,130424.57858874681,111478.126050899,,112668.55291074669,114256.61865344958
198,73393.48532955164,78441.85959795158,135267.30464861498,191554.2643065883,47982.13581133859,223263.79103307228,112640.6001853783,95415.72954411388,39042.09175121091,160849.81655526883,131170.4294844146,112326.55843850662,,112483.57931194245,116779.00555716753
199,74069.8851671946,78183.03128280162,137888.7245058468,203334.59263853723,48152.922204095325,245116.10986469002,112772.09332058858,95461.74825076599,40482.94035069557,158958.64334472019,130008.50039686797,110160.5698242943,,111466.33157244144,119549.14676259151
200,73772.12856622177,77583.78746620439,137619.44246603778,200613.46780442158,49010.062961301235,242469.85402121345,112807.52855984242,93273.3399720001,43804.46964208524,159066.30532046373,129141.21921629384,110138.56545269207,,111473.04700626724,119108.34762073147
201,73500.16190706551,78382.77922166736,136823.83643932932,246407.85656281584,47987.178201002025,253380.2083515503,113572.04076005098,89540.48354558706,43514.52467263314,159058.68370534922,135088.9777008065,109994.46959116582,,111783.2551756084,123937.6000549186
202,72943.33361784469,78391.21927542225,136313.8325760546,234469.9614707913,48576.54842140489,244126.04239373718,112873.33686131389,96571.96086482368,43247.99431047181,159088.3706956904,135325.650482579,110016.17432877175,,111444.75559504282,122662.03544157544
203,72680.74511934898,77808.85556633481,135983.35007265265,249593.71481850295,48535.48896271683,238214.70969604165,115434.79844166376,97572.69422135095,42352.988232107,159028.09064887554,137643.86685092977,112265.95746275784,,113850.37795221081,123926.27167444023
204,72694.81236033983,77713.20162377939,133317.04987545262,245297.807590148,50504.967782563086,228117.91348795593,117882.17583709884,100102.69709638042,41892.82486057066,159846.64145257327,136646.35902009808,111166.25387857755,,114524.2148578382,122931.89207212815
205,70801.59617698904,81139.8634482649,133421.09066356067,243854.92096698325,54487.80076088558,225414.43631313552,118276.16137179933,103063.73682768451,42360.930138011696,155487.66388515456,133532.24347046032,111076.34495256709,,114676.25316218322,122743.06574795803
206,70638.65063551179,81145.49015076815,135116.34350508568,224864.58555179695,53905.175555227324,228307.11305127016,117911.06728652533,105193.6032763487,40439.86719043603,155523.10706033744,132059.8936828975,109984.01985554535,,113947.54357103535,121257.4097334792
207,69758.27580350162,82155.48325010338,133468.01101898195,220573.10435602834,51942.769178025905,226069.7128494921,119353.91120959332,113095.63382063898,39486.37131093788,157129.18922719682,132720.91526213198,110243.67144045165,,116224.77251511614,121333.08739392366
208,69369.08213608831,83050.12894812175,133366.010246327,234758.53879542428,53715.791257737874,217882.6785750061,122196.38534932223,117480.32636665353,42668.889218739365,155534.7793240443,136939.75319223895,111520.19653668998,,119838.35585798789,123206.87999553281
209,69160.41806139084,83072.6357581348,133457.81094171645,245704.11738157907,53707.14716117196,220188.37520451707,138203.60647665392,120193.40825365571,44640.0889511204,155714.92659038745,138267.8425880413,110260.97530373714,,126825.60959768608,126047.6127226755
210,68505.11908523412,82006.37563376698,133408.8505708421,239919.29279116084,53824.104407131905,219544.865958074,135429.9038639787,120728.76423707549,44802.10383157604,156442.71088681225,137768.1685930312,110154.19323831084,,127068.8074039588,125211.20442474952
211,65894.47361135042,81016.07599319317,133865.8140323362,240761.12418909313,53356.14445213204,220711.44277772846,138649.20152357782,124974.82731531313,44248.03910199014,155546.8779718135,135182.40116729564,110017.26986557069,,129420.32067382467,125351.97433344954
212,68229.63561583014,80270.53791151119,133376.21032359247,252583.05722735415,50331.69293776464,231107.2665883206,137113.13946240296,125950.90671555529,43536.50039344235,155526.8912188908,133691.6497878486,108730.0515810899,,129663.55851957388,126703.96164696693
213,70200.22162463055,79367.4521597379,128645.41448785663,241325.88594711715,49679.78398841902,239378.05627924931,139894.99094542925,121509.87520211813,43490.82976278104,155969.4778756108,130672.25188259073,106256.54485106467,,125077.64484498737,125532.5654172171
214,69249.51058766617,79375.89221349279,125291.62908296238,237994.85382259625,49318.63101447216,241914.94554588327,144235.7460201599,118739.33782825324,43096.29456427355,155441.13472435053,131651.92432436542,105189.44519110523,,122015.48345560781,125124.94540996506
215,68547.32080820666,79972.32267883839,113616.62064487858,246343.2364870545,48565.93975743764,249809.64342193134,137013.1305990036,116008.87444942704,42787.19558646309,155530.72867545197,125132.40209202151,106868.45365285427,,114812.7475471528,124182.98907113074
216,68957.6153371062,80256.47115525302,115868.79770509953,252154.61727299108,45852.08634922256,253205.77558342158,138561.5394334376,120072.61292071905,42292.85398928045,154669.69935954257,122500.02404068908,107664.2721834266,,117970.7053129093,125171.36377751577
217,68025.66062146293,79429.34588727377,117325.36873861199,286435.1248611375,45958.82784469554,271323.71035133116,138435.97274939172,123394.28843117031,43299.140184498,154623.06360272298,118192.7978049492,106451.45676564847,,117759.08327178059,129407.89648690778
218,68227.291075665,78374.33916791246,117425.32949581381,287462.84962769836,45300.76325082571,261786.20651089624,143737.80065461708,128790.1251230859,42991.704335218164,154957.56189963708,110771.71889945562,107521.7119461313,,114098.52419763472,128945.61683224638
219,68618.82928324344,78467.17975921628,120005.94904398367,296825.6789609583,43963.285763991466,275075.8607154968,145161.63054686593,133416.98168279437,43291.16090491847,155382.29372374614,113618.91025912443,109978.01781205727,,116812.42965155405,131983.81487136637
220,68988.09435925302,75614.4415900633,121099.39732684457,303555.9041118305,40928.683984717136,273191.70994229696,143440.98422546635,133064.10118732564,44437.859996530904,158926.55794402832,111318.24617841706,109281.05040957205,,116208.82175263081,131987.25260469547
221,69005.67841049157,74596.00843697318,120336.43154738565,295682.87734715117,42951.337095559735,273895.6707565307,145071.7460375391,139377.11333496866,43273.707398765575,157333.69368310177,125712.1735655518,108848.80027924286,,123024.30255646873,133007.10315777184
222,69139.31719990456,74202.13926174496,119734.62698872153,303259.3599285421,40017.38665281421,261065.86378325356,143909.6677383849,136998.50446077436,44722.10548056905,157177.63711628143,122290.0841209726,111326.97006333528,,121012.35555484708,131986.97189960818
223,67175.76481159957,75395.00019243616,121487.00026293332,319119.6050986299,41802.91647831472,265140.5763297525,146754.7347004982,138027.69397492326,44964.95961971569,156573.50419793834,123243.4483528117,111222.5007978178,,122365.2243078725,134242.3087347809
224,66634.17603345217,75755.1091526448,120218.11065110592,339612.1359736386,41330.56898945185,262588.92026793305,140228.72422662497,133623.11531239477,45381.32104433302,157070.24163057687,119031.70817957434,112508.74527181067,,119624.90941534014,134498.5730611284
225,64472.51000119283,74725.42259454817,119961.06870401549,360063.0621423353,40919.51600351087,250215.26882718303,143166.02158498435,143857.28338121096,45695.35334722309,155711.51551788862,119355.00999390948,115294.47062596555,,119658.03934896248,136119.70856033065
226,59274.6644550768,74863.27680587805,119196.0629091035,377503.400945766,40394.05970923169,231873.06335739366,145048.53410381183,141657.40814603335,45353.38422238593,157060.96777722074,122251.86543013612,111145.63531420815,,120723.96416961981,135468.52693135384
227,58797.55053147075,74064.28505041508,116052.39909587841,368645.13932735514,41327.88408067001,238468.05252594288,145166.8161916348,142032.13621108647,44842.710329295776,155499.92242694713,119093.28273703309,109977.73690518574,,117572.84091645575,134497.3262844096
228,61453.9145385747,72381.90100194026,115666.83617524274,382561.4709854982,41164.30110171819,239338.3705171883,146772.02018306105,138637.49464641567,44632.14704521571,153654.47890708564,116344.28712482558,110003.37433899293,,116005.56165003416,135217.54971381326
229,58503.31074074564,72350.95413817234,117678.29141199806,382210.0439981385,42833.33208031908,235705.04670803092,146755.35203916117,134899.93073263363,43681.267322956744,141907.43809530124,119124.42389252945,110099.2759449291,,118401.35765226374,133812.38892540967
230,55565.60191382486,70679.82349470403,116209.48028576699,363811.9117430118,41846.92278810481,238852.45066311542,152087.4295388715,135521.31906534205,43465.90152165903,138625.61326539592,120349.4845953097,108864.48424623594,,118279.48244053834,132156.7019267785
231,57441.2340459371,63615.49850186075,116968.36603431971,367928.12204835913,42543.165475140726,249649.28525546376,148555.7585158151,140856.92405989527,39096.694690160315,138668.9445457323,119290.96840984645,106108.4413848381,,118129.66722208308,132560.28358061405
232,60629.80867052789,66125.00781831483,117137.68731692692,364756.42709694855,41138.17235528034,248744.81905035186,145147.06135442012,147826.2987573023,39473.38395892904,139482.325442674,119422.34768728798,107077.03636851863,,118280.01750210745,133080.03132312352
233,60966.25018422552,65880.246259423,117857.81277187075,355086.4311021928,42313.63851708383,233051.63819813638,146629.90882284788,148164.15150463153,40348.880979024434,138799.31147279602,119492.94104692296,105073.76774141418,,118675.37690939686,131138.7482167141
234,60504.37577169289,65117.82807023125,117749.69195285653,360020.57222950587,41785.95571308313,233453.5719045917,144559.84881821342,149013.12874591062,39550.76615269683,138474.03373123024,123529.36055902162,109049.32096769464,,120639.52625593907,131900.7045513941
235,58258.306293488495,64346.96982728458,118934.94093110684,366621.5572288553,42709.8917619347,239829.82791945574,143651.24977407022,149535.87107727755,40230.87360069948,140648.64574722646,121929.39269851227,107652.20255151369,,120432.16681480955,132862.4774509521
236,59578.28240646247,70637.62322592958,118855.380328436,373404.8947707643,43776.12797622353,233381.81450923716,143584.45373073802,144800.1086078593,40099.710688828876,138718.08530891823,129683.23709416715,106294.47664228195,,124269.30871130158,133567.84960748724
237,58980.424664351696,62492.97135246032,117570.17059298384,385593.3033071788,44082.79694757316,232790.21977711807,145116.44135673734,147784.89700941596,40388.31020598654,138611.8623793851,129110.58359903604,102892.0389788345,,123340.37709600994,133784.50168092176
238,60076.49719155479,63758.97941569388,117443.68963489172,382871.2932665459,43759.232696571984,238577.88056513504,140189.83189085854,142661.2798274733,37786.03728700026,138589.63711013505,130532.11668285703,104982.53855310759,,123987.90315887437,133435.75117681877
239,59901.82894925184,63747.72601068736,117657.89125746707,386148.32779351267,44223.91837256961,233697.4547563272,141774.0463677442,147796.42431822978,37349.662259503144,138674.7540285818,127559.81471990507,103982.02318526026,,122608.85298868606,133542.82266825336
240,59363.75698135213,65657.99151054423,116180.92006942362,385213.5497112661,46409.04120750328,224114.26614328718,140018.95254895146,147530.60216288653,36860.04843218847,138684.6141600237,120393.89107418635,105096.92383118965,,118287.405571805,132127.04648606692
241,59652.13542166439,64482.010687362825,116362.48144474941,405746.80008606974,46176.960311824645,218324.9902370468,141823.06305758315,147939.33880656058,37727.30455698042,146909.7759147993,119246.33949414484,101494.5553837206,,117804.41046944712,133823.8129502089
242,58730.731136764254,64273.82269474221,117256.00821320663,404635.86590688454,45423.22128550941,220749.97488391565,141792.44305990037,143159.30785015298,36996.723961098796,145146.83771100268,119927.66348904058,101523.01124980535,,118591.83585112361,133301.30095350195
243,56088.43437065114,64631.11830369923,117457.9697430634,418749.59861838084,45919.536496668676,221620.7543375106,143875.46717645696,141939.70650716816,37419.08386052883,138558.67096760686,119327.67048596719,101654.4007571766,,118392.82011451529,133936.86763540652
244,55705.10205365071,64138.78183466395,116366.5614756556,432817.3005909786,46954.27414695598,225446.507946429,143747.55460549184,146195.00350293732,37479.87214266519,137125.0078559605,119077.14595645768,101685.11324179589,,117721.85371605665,135561.51877947018
245,55584.358235145985,64456.690526098166,116223.7603939387,401909.4298336652,47526.0287463268,239280.68772349495,148207.33257444095,149383.81320001854,37284.22095484851,137583.2108289641,116276.2214563835,103897.79794161684,,116249.99092516111,134801.12936791187
246,55737.92561596268,63792.73963071345,116358.4014138432,406221.2707793313,47460.08476722173,245005.12816962396,140446.64477464953,149804.25820971292,36894.41352620899,138471.58202287173,119392.05583603242,104786.66219159824,,117875.22862493781,135364.26391148087
247,57234.91451140476,65095.3212602182,121635.92139100953,384219.46279236174,48019.00419290378,244289.40006547677,132424.6992526938,150194.67789932934,37187.927681608846,137040.2640235683,116424.9912492321,103840.62402970059,,119030.45632012081,133133.93402912564
248,55979.41325297212,70688.26354845891,122976.21154369538,393711.5322771445,45279.93883637147,244153.4994035352,129353.19246900707,156410.58303188617,36889.723130015875,137007.4857487751,117623.82462819494,103814.24687446505,,120300.01808594516,134490.6595620435
249,56218.556349816434,67666.72430420815,123204.69327444244,405093.51767631783,42374.867534425684,238867.90965182523,124767.60088054689,158431.9056852535,35220.82036662341,136964.84734254004,113560.42959568578,102941.47858822164,,118382.56143506411,133776.1126041589
250,55913.7661283482,67565.44365914947,124259.38126369445,408624.6064737437,41884.904424530774,241819.65357070186,126329.71463329857,141196.88914130031,36028.09174328818,139644.40468437504,108631.16888967053,103977.9219449361,,116445.27507668249,132989.66221308644
251,54843.48354296166,68437.5825471548,125577.23124639622,381588.6290230086,40434.20236979913,239819.67574776566,127878.12346773258,140252.19299018485,36023.96195221775,137709.47380942767,109004.29655279986,105030.0679957684,,117290.76389959804,130549.91010376811
252,55558.568293329445,67095.61400012723,127268.40405701501,381498.3379582461,40881.665338244995,238574.41959751345,124814.64208666436,139809.2063582812,39919.64432342281,137869.3145348014,110997.45183374529,104036.25693858796,,117906.04696020483,130693.62710999824
253,55937.2115299996,67438.84285282611,127229.64376340613,377772.50372701883,41264.494039186684,232948.96282536222,126436.39075425791,134924.94680333175,40452.98535030683,137247.53997587852,115544.22230845274,106397.9720973115,,120990.30653135532,130299.64300227823
254,56006.37546487124,67562.63030789784,127329.60452060797,372430.28239524015,41025.60264318338,233262.29576070452,127795.40008689609,136409.82713004033,40424.99246784748,133837.37354320564,116411.46304596779,107674.3473765517,,121870.53378328789,130014.18289525116
255,55539.81197200831,66290.995542161,122976.21154369538,368841.655174191,41313.01885399985,239407.8206007951,127851.45443749275,139431.4606731198,41800.56794421432,138061.56044891378,116269.81123151834,108755.86692258238,,119623.01138760685,130545.01961205767
256,55991.13595379783,64451.06382359489,123886.05843577738,346013.06430008303,42364.913726258885,238076.50172235238,129087.48990846948,136053.56690005024,37702.60055790749,140090.2425195705,117679.7371573816,108693.36514366967,,120782.89779657949,128340.81167907613
257,55739.097886045245,64898.386672604094,124279.78141822544,293479.59832564375,42708.51656475375,238943.35874597618,127622.17485806976,141411.14016899213,37757.57723360535,141786.5582136248,122005.1223266512,108425.92307485995,,123142.45187243831,124921.4362907543
258,55145.92922426476,64498.89079487261,124391.98226814585,329381.80425344524,42765.489019392706,237953.75273737288,131632.90068358244,145335.5852960834,36852.70450508131,141839.90951942644,121622.32877240027,107709.38582699235,,123007.15552027305,128260.88857508836
259,54325.34016646565,64180.9821034384,123867.6982966995,328270.8700742601,42405.645757046725,236614.81973016262,133482.2003823427,144326.10084124195,36845.67825421034,141764.1730503514,119516.84289484292,109303.81322972738,,121692.2705957712,127908.68039839914
260,53060.46074737246,65306.322604090456,124112.50015107133,328507.2202143736,40881.79630940509,235872.0960785669,135566.95304715564,142624.7364479614,37664.161733328794,141074.07044543684,117541.92743354537,108894.33528311588,,120827.21379230835,127592.21504128534
261,49960.978649057,65731.13864308661,123135.33274903706,356871.00744102715,41412.098536607584,234250.74811343398,135369.2812072761,144898.00020417364,36367.50077139842,143029.7875434238,121816.31390530727,109592.09858840372,,122475.82332717217,130202.85719601937
262,46294.11783077759,65106.57466522472,124310.38165002191,347641.84429187636,41807.107555437586,236152.4344559166,135084.81155138454,142723.59368271043,36451.36729775193,145072.70018216144,122754.8355344617,108312.20260970716,,123532.6085922418,129309.330942286
263,48318.62826337624,64631.11830369923,124304.26160366261,349582.21697775193,42388.35756391491,233731.83370136848,136856.45004634457,129154.80451317823,35215.92441521864,144642.53196125742,127503.98307683655,108638.85048347045,,125904.12234024958,128747.41340917326
264,46916.593244622345,63851.82000699769,124367.50208270867,321618.5430969085,44131.256276806285,230850.46279079778,134043.6081624377,122972.36478762286,34506.94580339777,141769.82263917755,127609.94389164241,107764.65893574466,,123669.93343516576,125033.62680990536
265,46886.11422247552,64535.4643611438,121544.12069562006,318466.322688878,43792.43388565468,231043.1233217336,129419.12423821111,131530.87858648153,36111.99564331654,141829.8894939612,127711.09198241701,105239.32488792439,,124627.60633901853,124842.49033398478
266,51527.13147937072,64479.1973361112,121562.48083469796,332582.7110199261,43813.65121358918,223564.8952161516,129469.99294403892,134847.575023754,36027.830127564266,141731.76786161275,128665.62906296962,105022.81123492087,,125114.05494883379,126107.97277955893
267,49658.532967753905,65874.61955691974,122908.89103374312,325454.14293627837,43235.02062831365,201001.92436623172,126390.83116093153,128876.12729617346,35230.87388515688,140797.933467057,127718.95815740929,106199.98893426574,,124649.86109733733,122778.98703251952
268,47958.7413480272,65995.59366073985,122939.49126553959,348184.4758869684,41868.2710871994,194429.77758398507,132138.00717761557,128738.46346683119,35166.53510391019,140200.03641562577,130350.2442461464,102614.99925858127,,125838.9773661854,124215.3863750975
269,47471.07699367801,65964.64679697191,121988.84406439561,345112.8092720103,42297.136150912556,187316.56619689468,132220.9774939173,130281.58386163066,35772.64267571857,139298.44731578528,127575.34485459418,102643.18358135689,,124782.0944594949,123161.93827148883
270,46989.27398974168,65348.52287286491,123106.77253269369,369715.35400674545,43760.34595143274,189438.60081128599,132355.80425790756,129907.39896819709,35619.261114152265,140187.29819176305,131353.61632054558,102652.63141580227,,126507.08575044539,125869.57336942766
271,43987.09030827955,67236.28156270874,122961.93143552367,369216.09753100004,43340.97629682608,188906.7654534332,132350.2482099409,125213.55124208354,36434.511770396566,143676.87865604874,133264.44975472102,104923.52938296409,,124087.74133880361,125959.35930032718
272,43678.7832765636,66755.19849867998,123019.05186821043,369059.41597744165,43221.98899788474,185924.10355713696,133922.23938129997,124423.6288263246,36435.894596365855,143443.9130639819,132689.63255592878,106755.5384540665,,123721.34034726751,125777.44908782374
273,45743.15089196962,66735.50503991857,123114.93259450607,382358.7586930414,43285.248068207984,190109.33633635237,133245.26580349903,131849.23750791088,36284.138789655335,143580.72904998864,132577.4030669646,106463.52639756136,,127482.08505120847,127945.60268663132
274,44927.2509145008,66839.59903622889,123386.2546497682,384291.1645202614,42939.41871999159,192034.55725866198,132538.41303441086,144717.81810750495,36032.42708957027,148534.9920664567,128161.08167933967,110246.33069216867,,125773.66816455394,129554.10898073867
275,44037.497921830065,66791.77206495118,124671.46438522037,387130.0218211751,42793.12393417159,192001.56270066937,130876.53735372494,145064.75389136028,35562.826865135416,146773.59950488608,123177.00040673306,112575.17974692462,,123924.23239597672,129287.94504973183
276,41964.92441584605,67438.84285282611,124206.34086191388,379060.4792096598,42324.18169547104,190190.32297869786,130591.69729463563,144850.65374467388,36550.68783865409,146062.49748490073,122993.55069071804,114634.03048034005,,123599.94577631596,128405.6841290281
277,38544.24031490637,67272.85512897994,124463.38280900432,372996.8145662986,42818.46685364891,188538.97996084436,130699.11422199052,148236.0312156121,37925.62796254855,148280.7605692801,123185.33167690483,114265.4713013463,,123824.35724295457,128102.25638178039
278,37956.93300353872,67497.92322911034,124230.82104735107,382328.66167145385,43196.18767934711,187648.12689504412,131560.67206001622,154946.22252191426,37660.16275012032,146430.04054664704,125810.26820536538,115317.06490199795,,125020.54462635823,129548.59037599222
279,38493.832701355845,69360.36175768949,124438.90262356712,385385.2797756182,42873.86765436678,181433.84416487106,132373.95401459854,166398.24171405245,37279.736113867046,148651.28831946282,125098.0457133278,116737.78885894878,,124768.47416844746,130710.42861764383
280,39035.42147950325,68600.75691974936,124445.02266992643,386743.18657312414,42807.661732941524,189838.91939951788,130811.71679411424,162347.5997140306,36449.59204819677,148695.6322619473,126589.84861231106,113951.94177848291,,125517.43564111875,130859.7749986538
281,41680.0627857815,68412.26238589014,125752.67257536268,406221.2707793313,43337.17813318348,189284.47238653735,131184.71281427413,163041.83339615425,36277.131225621786,148554.23264727028,127183.8964856988,115267.2413865531,,126468.28453053074,133016.4139168049
282,42246.26923566288,68972.11928496453,126007.674507,423379.22870374995,43278.96145252369,198577.40118171243,134031.13792144594,165874.5639204519,36306.97410498599,146833.82625369309,125954.67014783269,113849.5886780642,,125981.17232741634,135442.70128267395
283,42261.50874673629,69132.48030630745,125222.26855755704,425063.77670613193,42882.3807797726,198170.6221205868,136815.2118236589,165719.72983269324,35693.63472709499,146382.23223365593,122877.25667431565,106490.95227178388,,124049.76261593634,134726.00456502454
284,42507.68546407602,69925.84535926716,125983.19432156283,424894.7022613316,40665.36646735714,191851.35670589187,140025.8667419766,172238.4531431215,35593.60408637076,142963.75131176724,121846.14066138334,103883.55596323089,,123914.66749147308,134364.96020727805
285,44363.38900478456,69177.49392633353,130212.1463558364,469764.93541568663,40793.194319604525,192141.15506140728,140177.73205306454,169395.0704198414,35722.692759287434,142065.83977446452,126164.56962449009,107601.96703932394,,128188.35799016325,138965.0154795104
286,45829.89887807981,70049.63281433888,129826.58343520077,493662.8557626678,40800.59419014958,190928.66273797286,143525.18921909397,173452.04942209073,36121.05875946659,143300.00844293853,127563.41415216372,107947.11731235788,,128694.99879368224,141917.2554272101
287,47285.85832063193,71298.76077006267,129842.90355882556,505720.253734525,40833.72989365223,191990.48760428024,141465.87090719497,173468.55580408333,35731.980117486564,143366.47105865742,126645.78136302729,106228.80061572109,,128244.34246092642,142823.2878123457
288,46337.491823832686,71506.94876268329,130250.9066494453,502641.5054674286,42320.18707508831,187691.04289355196,140329.2269609547,184865.38272444007,35611.87981337026,144771.5131401185,133591.16900754895,103875.70929795316,,131921.03782849712,143649.4136347013
289,45006.96528011557,73819.52349152326,130297.82700486659,504518.14328406006,42367.07475040037,184518.02777806763,141642.6767002665,183809.48727233242,36001.72461568462,151934.445599563,135062.3661679278,101390.2172080765,,132680.0965863972,144197.37326274035
290,44934.284534996215,75847.9497439486,130389.62770025601,493011.34376595035,42360.72264913602,185712.2923386949,140184.89318155486,184609.06607243806,36458.524356484864,151829.55512022477,136736.0212820922,100185.51063532288,,133562.8244911741,143521.64928175832
291,45909.61324369458,73915.1774340787,130216.22638674262,490301.7266165594,41965.77911588605,183424.3620096415,140162.17511875796,186272.34809995143,36055.44927327515,150355.3322246473,136244.1123544267,100354.98175090957,,133230.16937058466,142931.4403023809
292,45556.75994884097,74086.79186042813,129749.062847983,503770.1437769592,42111.55001706569,183294.46035824408,141700.2126636543,194024.97627267803,35668.01507298834,152488.47839057993,138281.99765872146,101733.33558807311,,134015.53025335225,145205.48203801803
293,44752.582672197845,75791.682718916,127592.76651405772,528301.8719903121,42232.8293113086,189681.56073832244,144958.89652995017,199409.49688918737,35587.343995834126,157736.20023796082,138298.68042059452,103835.91415782148,,132945.7234673261,149014.98551470527
294,45195.70076340937,75659.45521008938,127878.36867749153,536584.7493724916,42621.6826856144,189729.3220915005,146904.74799559725,188297.14101644338,35783.53710193606,159208.3978092421,139793.2536691252,101925.68188656373,,133835.81117330835,149131.83652329206
295,44863.94833004201,77448.74660612615,128676.0147196531,523793.51519781013,42166.49241872325,185430.10811194702,159251.15085158154,183440.16074727327,35874.57937385992,159400.3772333155,136689.75442249756,100406.0506201515,,132682.88457107532,148120.07488608174
296,41867.62599899272,78368.7124654092,133196.68896371982,521093.6353201092,42087.18938128904,171574.00887327763,161435.17157339823,184158.89750467657,36468.22282510729,176247.8774969464,136737.67944751473,102799.6955266042,,134967.1842056173,148836.2837814204
297,42022.36564989199,78582.52716053309,132845.80630578686,488086.0547038101,42238.002672132134,172291.58282682303,159441.04422430773,183909.1894407118,36084.93710272833,180936.6631365934,134430.44336970584,103852.68429805108,,133638.12483774635,146226.77507425626
298,40677.771865184026,81010.4492906899,132109.3607272182,503462.9771154635,42162.694255080656,198947.95544839854,161161.32014250956,190256.5722813888,37560.69271451878,184196.1561012331,137883.63352672235,104323.50294183967,,134996.49712697027,151146.09053418727
299,41476.0877914143,80366.19185406661,133533.29151348112,520715.65213723114,42194.45476140236,212734.37387228638,160868.33121306918,181969.25200166623,38926.62578277545,182528.35484134842,134390.5058488582,107418.57230647234,,133961.89868116967,153093.47449367266
300,41199.43205192774,83081.07581188969,136660.6352030814,509277.89872746915,42187.185862017395,220791.73722654962,160796.34952496813,176698.797425252,37793.119598383506,180580.20606046822,135196.05069973724,106581.75073622083,,135928.34295140931,152570.35324399706
301,41724.60904891916,85005.4080680047,138818.9715524598,508681.2695348232,42092.100799792395,217855.91375873238,168678.89997682773,182457.26152558625,38584.89958682478,181939.7849412811,137169.1057803168,105982.67937845956,,137994.0386663883,154082.57532933564
302,39233.53512345761,88153.54811857882,139739.0185218073,546734.5272996126,41152.71015405027,217827.76455541007,163378.30674892827,188151.66155102054,38772.75836343615,184636.34434760234,141447.25345657373,103771.174487499,,140593.13598919052,157749.88356066475
303,40569.92301758757,91847.47831196923,145728.50389210507,539675.0053243127,41224.74429209951,211681.7782529699,166531.79610705597,186091.62283166323,38562.232453030934,183962.28444303374,146639.45471123792,100725.26382538196,,146183.9793016715,157770.0072885373
304,39596.93884905435,87554.30430198161,142482.83930622507,565265.4405323311,41338.6892013774,210848.60798086307,167930.3151141235,185514.05034292783,38174.499263345344,184646.4709690832,146492.58574216638,102697.71696868086,,144487.71252419573,159378.53821434666
305,37962.79435395157,92010.65268456377,142905.12250501648,586502.4300883716,41667.81972668238,212819.74440695252,170357.9376723439,183983.33236677363,38184.2164188052,188300.4224894051,141946.05792581342,102783.71192561484,,142425.59021541494,161618.68688035788
306,38077.676822043446,102135.90383918065,147739.9591288604,626492.5197129673,41709.86146907112,215205.27402293513,170035.56342254663,190168.8500648395,37694.45309679115,185122.9018607523,140037.71173977177,102884.20167711916,,143888.83543431608,166442.07307140654
307,38157.39118765821,112227.39477877796,148841.56747353368,636662.6573899859,41419.8913206329,212649.46479996972,168347.63605028388,190220.60224969743,37723.4363816339,184756.1049711151,139980.28259586936,99394.58924787735,,144410.92503470153,167531.75153725295
308,38453.97551854846,117299.8670854671,140008.30056161634,656828.5470601186,42151.16879299277,217503.12579250382,171791.8919186653,185417.6977328687,39494.36927735483,186890.42369321917,138666.59092910172,94675.49425981405,,139337.44574535903,169098.45438518925
309,39697.75407615538,114376.79513502339,142425.71887353828,656446.1378446541,41943.906932151105,215413.162811406,174361.62583709884,183954.0010993206,39873.78682438728,185968.847840456,136717.86234856248,97015.21441049773,,139571.79061105038,169016.23450277097
310,41025.93607970736,104746.6938006934,143070.36375671747,629556.2194692701,42259.023543326504,215411.3169620078,192755.60170316303,185566.04393739442,39401.75731108746,186890.3703952114,140417.9776028298,94733.98843402644,,141744.17067977364,167986.27441628627
311,40125.63265629349,108302.76978275391,144665.65584104066,627026.2992428867,42738.181532514034,212705.07101309014,193259.72045533542,190207.98859764458,38503.81739924727,188828.97883269654,153311.2046179823,96977.90997796017,,148988.43022951146,169721.1024957871
312,40533.5826450279,107877.95374375775,144398.41381668474,651675.7599230376,42200.61040592658,203480.43864564798,182903.24704553353,199822.820315426,34653.22636674341,190882.81756303192,153411.88761357742,95804.82415537706,,148905.15071513108,170637.13185331432
313,42892.19005115903,106988.93474824264,144586.0952383698,633143.0762772845,41489.764434540666,203218.3280311054,191126.93884254433,203176.54295142784,29392.507895477964,195444.70064612175,154929.95827943718,97992.89204969066,,149758.0267589035,170365.16078711682
314,42980.11030735179,94323.22741340373,146568.99025878173,588760.5919139502,41807.17304101764,208592.28782275354,189057.37270884024,195018.85963155935,33123.61528950046,198714.79991431243,155150.75716051832,99162.66317118988,,150859.87370965,166105.03738609827
315,43171.19033081072,87790.62580711854,145157.29956523745,564700.6787743071,41474.24435207006,201038.8413541955,188941.6834434017,196649.88330011466,31452.526166129544,195930.1921991158,162429.98203626706,96350.23293711603,,153793.64080075227,162923.94835549037
316,49468.62521437755,92193.5205159197,146160.98716816198,549246.7433956504,41663.36670723934,202272.79167688382,193973.61088518132,192811.04805549688,31356.886932199675,197849.56005578733,179932.76737535832,95248.11355384071,,163046.87727176014,164348.1684613414
317,48922.34735589985,94148.79963580266,143211.1248229813,572893.2650917242,41704.88456498772,201632.97412923712,200455.5433785193,194553.24084884324,30609.992727247947,195125.01919537433,178341.59588020024,93420.66453761926,,160776.3603515908,166251.62101403644
318,46655.17701620919,93614.26289799294,142829.64193325184,583930.0199491588,36442.59432375063,199022.94308019994,200991.5168057004,195379.73682031521,30695.11127170879,189269.0604830502,182088.36220312348,88618.63647752152,,162459.00206818766,165794.75527183193
319,44194.58211289446,90761.52472883998,144208.69237954653,640592.0891201873,36381.234335248686,195707.3360987056,198040.76146448846,192681.86373865904,31405.958567271933,200489.94336189388,176745.1870088905,89442.41460537224,,160476.9396942185,170054.29896016655
320,45689.2264681714,93161.31334648047,145198.09987429943,691170.1338979574,36107.30815392144,195817.16413789772,197576.02891901284,182768.43851115782,31021.00971636234,192837.73519090196,184408.8838258422,88149.18491384097,,163983.26919272862,173658.71057965385
321,45484.07920372162,94323.22741340373,150642.90111861983,683765.3813809184,36349.08091544671,196552.50439190067,207100.82368207624,181215.35997000083,31110.295425568464,194245.65536478386,182915.30143225915,86240.84408218479,,165929.13054431032,174162.12119840705
322,43927.30453406847,94323.22741340373,150973.38362202182,688251.6080104884,36620.518644732256,189523.50988360264,217588.91369482098,171483.14283000515,31032.819797613545,194491.4124787212,180622.8270710167,87194.944271295,,161228.26322601349,173836.13435431584
323,44355.18311420657,92193.5205159197,152109.67222939778,710424.2608552928,32007.38695847891,187524.22425419078,219480.43935812768,174822.16965607932,31268.685059564075,198206.33691995926,183463.18355369996,85280.88230302224,,163465.92094273854,175927.99539816158
324,41775.01666246968,90269.1882598047,153066.43947690108,729718.2221059056,32910.23665055606,185770.66732591263,219721.9422430773,179876.4419279324,30313.58211204756,200198.19006723043,186344.18531076482,81637.58572437306,,166471.44070241676,177633.47482224795
325,41125.579036725816,91273.55465663665,147797.07956154714,717139.4374953712,29805.04141599348,175202.0258654152,229945.31743714516,178191.40285943795,29396.936675947167,192017.21236091587,190615.82165450885,79484.86527805876,,161499.5527134812,175166.18952480864
326,41443.26422910233,91101.94023028722,149912.5755864105,728052.2634403866,29188.56016545208,167171.19659625084,230067.1800892133,170056.3215141809,30099.561763044283,199810.76684857704,199454.42978097388,79524.24842144555,,158541.88609133067,176323.52572211038
327,43036.379271315156,91104.75358153884,152839.99776160714,720367.7856638876,28259.712698097155,168955.67150194864,229692.7024562623,173660.14450476153,30948.69165553612,198322.739768981,199956.8943470609,81554.34365477994,,160897.8346317779,176558.31807214802
328,44304.775500656055,90165.0942634944,151195.74530640958,728670.1375894473,25242.85751101496,161349.84905671698,227253.1035279805,171965.99222353988,30993.016833902995,200482.0552567404,197555.40572005164,82684.02000215117,,156272.79718156328,175988.50439934214
329,44053.90970298604,92126.0000858806,149708.57404110063,770767.0187251674,26133.46139962374,165546.15693232152,236221.67615571775,177791.4173140781,30859.31251214289,200542.28200554743,197730.60505201307,81720.45325147081,,157627.3654867111,181100.07226483748
330,42916.807722893005,98793.64255224404,149741.2142883502,826099.5077072429,24380.805335305697,165069.92778758914,231944.50696327194,162973.7257103091,30681.264325178494,200131.8873455349,189232.34548928792,84474.58594614231,,156357.46999932965,183870.01843111243
331,43330.61906204026,100923.34944972806,149386.25159951102,853224.0058097058,25057.991718548594,173319.02874808916,211653.6963213996,164959.89308941437,30727.570308312177,197831.17224309847,185927.3387007633,85419.60347974011,,157173.07234446268,185146.7100441959
332,44181.687141986185,100076.53072298737,149345.45129044907,876519.1005184199,27667.592083332405,171139.0806088297,209740.687272622,172513.44886359407,30300.370517989646,202529.87131219506,194157.92587692634,85330.86499902765,,160242.26594963938,188625.21760069657
333,44141.8299591788,102282.1981042654,149408.6917694951,871129.9632412252,27758.158640534315,178771.43713916035,219481.05669679062,175539.42777962956,30682.94614054654,200821.35037435594,193161.67178092635,85150.13888145547,,162474.05977456234,189860.73920896367
334,44203.96027355502,105807.32722255796,149561.6929284775,871148.5525780882,26070.202329300497,174073.28895842354,224517.67591240874,173338.34549640864,32036.788824990675,200506.62563833335,197307.1662233805,85154.61466427498,,161450.0192124431,190310.52008751666
335,44267.26285801381,102000.86297910238,151344.66643448576,958522.8618661114,27414.686773199533,170891.73678947258,240854.18548256284,171867.43675080163,31717.841883858393,206066.14083130815,195270.61554003556,80859.57668945497,,161118.20161197917,198423.1562398673
336,44451.30926097732,101030.25679728999,153288.80116128884,970980.3731837787,27017.975129288356,169069.88343346148,232771.24690070676,171411.89681924734,31761.34484137866,209849.71310658468,197011.10280933994,85641.28581917957,,161179.34229737514,199523.7657718768
337,43971.850797206134,101863.00876777251,156687.46690615127,983015.640992704,25342.461078263044,169011.50844624382,236499.72548951453,161898.42696090488,31635.84404124716,212383.18060905676,193133.7054055682,87458.0884649705,,159292.94693352806,200241.7423299669
338,43060.99694304913,102088.07686790293,155459.37760338583,1016223.2782819082,25705.971533091528,166736.4990629777,240543.66413509444,148000.56631855867,32016.90602997282,222339.30176295276,193586.8496610996,86383.12341260856,,151729.97196097224,202678.71763438356
339,43953.09447588501,108136.78205890772,155122.77505362453,1040204.4080415135,24522.1232170423,170965.57076540007,232184.89863862822,148390.86530337078,31717.95400488293,235086.586287004,199773.28285880954,83479.38908172905,,151756.82017849764,206128.1441488998
340,43968.33398695842,110592.83770158084,153290.84117674193,1181928.6270774326,23702.898610682307,173149.90279698023,235273.1970339474,152784.61070971037,31763.53120135713,232753.09290977434,195469.77738450558,83460.28741446584,,153037.72594322613,218178.16150034475
341,44121.90136777511,110876.9861779955,154620.9312521623,1451366.0163937788,22223.972270951377,173211.73875181953,238168.51536322557,152397.90269282716,31405.02422540079,230318.33331773643,202786.65474826357,84327.9712863348,,153509.41697249474,241318.82898735596
342,42546.370376800834,111735.05830974269,156448.7850981387,1393145.098545822,22048.470916431415,173400.01539043462,235750.27635268224,152695.74179751988,32113.778595172593,235695.3028340174,202157.1989766459,85156.15965206834,,154572.2634478293,236907.68807045638
343,41225.221993744286,117237.97335793125,156618.1063807459,1265481.4998303624,23458.440940375207,169131.95011947554,232033.03332754027,144674.18332073843,32056.802427870483,233098.78378832518,202764.61328106155,86675.1354691137,,150646.1448507422,225371.31201977367
344,40695.35591642257,117223.9066016731,156695.62696796365,1352329.111240605,22671.50072497729,167091.594340954,229698.8758428919,143325.06572270382,32066.687764867147,232756.34408824978,196718.80059979437,86369.62115565094,,150010.34634533373,231470.2075805628
345,40913.398151780624,126747.10058844111,157364.75203658,1508401.642715099,21991.6949185326,165476.9375798895,226836.15299501794,148055.2757711228,31972.169741182643,219597.06596395216,195591.2885555301,86487.20877206829,,152710.0139038514,244119.55731576643
346,41288.52457820307,120312.96627596297,156644.62658163617,1523366.0588897006,22673.072378898367,165506.70190143527,222731.34475727027,151280.23655710192,32088.92510140027,220025.31545657563,204605.5813306656,84434.46308132718,,153962.43156936904,245413.1514075148
347,41147.85216829465,122909.68948121759,158348.0394849736,1454463.3539977379,21599.239837324338,167097.82408267292,232404.67120264165,141134.60546226427,33224.67370628295,229423.08668082338,202426.14531956913,84431.16710736805,,149741.32247361893,240717.5290442642
348,41964.92441584605,124330.43186329083,158441.88019581613,1458882.3049319948,21073.39062956489,163366.67025541162,235590.87950990614,145823.17235318822,33235.811061386936,229716.6521077518,204579.85954508677,82533.49137326716,,152132.52627450216,241628.2890202093
349,40700.044996752855,129971.20112280926,158319.4792686302,1557868.753313684,21135.53644502737,163762.37422014805,237771.19619974509,147622.33781417995,32444.741172767724,224393.14049328814,204538.76939705518,80660.97553129187,,152970.90854140508,249932.37916461495
350,38749.38757935614,128367.59090938006,158319.4792686302,1716047.191092785,21184.912572381123,158715.5912343286,240410.68938709307,144413.12900516632,31069.558119986763,224795.3805581082,211160.97655641896,82256.82619550926,,151366.30413689825,262957.559373262
351,37647.453701740196,128449.17809567734,158574.48120026756,1711956.6517764388,23164.21422923409,152579.29564122896,263778.4393928861,139781.80636769754,31355.373298368424,221920.80580575558,214138.53611705214,80624.63554567986,,146180.55100446325,263664.23926433554
352,36539.65847371142,129948.69431279621,160408.45509260325,1662921.5219582857,23445.14736762612,167380.70050294514,281091.08485691115,141198.24707034908,31358.662181754837,226993.8167835883,214292.74550134788,79810.97006520377,,150803.35108147617,262949.14201392693
353,37345.008020437104,130080.92182162283,160406.41507715016,1552789.438317537,24532.60090984946,165139.83933354547,283032.98535511526,141385.7921600821,30660.59668298888,224870.26425905855,204325.75580484816,82496.98284353223,,150896.10361861612,253088.88338214727
354,38853.71961670488,124192.57765196094,160796.05802869203,1479333.2311006912,26663.89459798632,165378.8768306108,295197.767176457,141364.4274097151,31499.897298996326,232572.67915339224,197597.87093209213,82512.99453520874,,151080.24271920358,247996.99952770895
355,37691.99996487786,122836.54234867521,161918.0665278963,1361571.5524875147,25342.06816478278,165065.77462644322,290013.35708492645,147879.13728539928,31365.482877414157,233475.86719346655,197468.91823819574,82590.76828436962,,154898.6019066478,238101.6279236635
356,38892.404529429696,122909.68948121759,168133.993613488,1269868.5833299973,26096.723989218634,171667.91646141044,285714.70450700965,146927.22902222487,31350.29047858942,234499.61532717053,195751.70594939552,82641.03188724656,,157530.61131785644,231204.49071469984
357,39455.09416906336,124285.41824326474,175706.53097539034,1399868.242044556,25967.193511890084,168852.30393565015,291648.3167999073,153029.4604053007,31363.987930420335,232841.67419872773,192610.91820229037,81622.26693631295,,160940.88217047544,243104.28394606445
358,37860.806856767966,128148.14951175293,185743.40700463593,1264386.4993684883,26694.214421547047,167050.52419184436,289154.14513381995,153118.4500222955,31381.534870760337,229884.38093827906,191278.27896234085,82112.21533805192,,160084.48710706993,232234.38388504868
359,37444.65097745557,128421.04458316104,182038.73894180873,1263682.7601872515,24846.145867103784,165600.1480272185,291149.63062796893,152918.80427592804,31381.684365459725,232630.9871739187,199834.71586556148,81782.83330407251,,159259.47615157327,232644.34534974236
360,38677.879104319356,117454.60140430676,181691.93631478192,1396400.8881163741,25103.96259574002,165471.16930052018,303167.1154443286,153055.26105722695,31397.885853505282,226348.37790920492,199877.10019148383,81667.09967300718,,159263.21517887356,243359.4397470666
361,37080.07498177625,118790.94324883108,183721.7516906151,1345370.5028082745,23690.980235114162,167100.82358794496,326738.9576120959,153200.46893684004,31197.54426949549,230876.20356531453,193096.6797849748,82105.11775776489,,160150.64626239252,241080.83737325354
362,37180.89020887729,118413.95418111263,190147.800367876,1242940.60107437,25569.106670797973,168985.89728584397,326524.61762831657,144031.9734092825,30877.401370768155,227342.91873463787,190870.04672392475,82033.83295733605,,156508.93534756324,232076.58671776197
363,36702.60401518866,120988.17057635421,197404.13533454807,1278012.483288964,25748.864588020842,171058.5554288338,331674.70369018655,142627.2108964502,31011.348621414756,222403.95224640664,192385.32681870754,81564.63420983987,,156842.883162642,235965.16580957628
364,36559.587065115105,120158.23195712334,197047.1326302558,1164067.8151782942,25181.628493673106,167150.89225287078,335112.5392364732,142512.8732705454,31004.35974421863,224724.65410176577,188777.03753009546,82544.04410807384,,154831.88276170808,226236.73296404202
365,37627.52511033651,121353.90623906613,194974.4769299075,1235794.3288603767,24267.515281828262,165327.1930474615,355784.61823658907,139652.53152225644,30902.572540776662,225447.42838545796,186735.83589495564,81736.27767189963,,152489.86228485897,233300.35081007602
366,,,196794.17071407152,,,,358163.7179759008,,,,188815.53932234555,,,196794.17071407152,247924.47600410596
