day_of_year,2014,2015,2016,2017,2018,2019,2020,2021,2022,2023,2024,2025,2026,Median,Average
0,87291.86,87291.86,87291.86,87291.86,87291.86,87291.86,87291.86,87291.86,87291.86,87291.86,87291.86,87291.86,87291.86,87291.86,87291.86
1,89981.12094731952,85499.6818038507,87741.11913805494,90415.5344246219,84453.79219626488,90298.4963924464,87272.0025564382,88201.04833564702,89278.39502533221,87598.49116749752,90264.73616254695,88308.3132794972,88448.95,88254.68080757212,88276.06095245977
2,93478.94904421007,85934.8085282572,87603.50823090298,91626.27497506922,92761.46675784282,92147.84630760594,84466.0117738676,96254.07854749732,89234.06914577077,88098.1590331425,93066.63758570628,90320.77428842353,90145.35,90973.52463174638,90416.04868485802
3,96406.72537488386,78466.94612063056,86787.96123704647,92699.47250334312,93449.95878425731,89548.9572980587,89208.28604092466,100580.17081882704,87219.42962658897,87642.8838016627,88096.15323993881,91576.70320145796,90300.85,89378.62166949168,90140.30400396833
4,98833.6194005137,71798.62906910088,87728.97699918858,100879.66276944448,93250.93325341749,90553.36795125452,89323.0450092389,94354.5447655513,87139.75621583685,88648.02594170191,91385.8227910602,91642.0878275104,91231.13,90969.59537115737,90461.53933281825
5,107612.17808486802,75276.92332232538,87439.58935620726,87618.52467766179,105368.66804000136,90415.80326516954,89317.8065425324,102205.35926231762,82010.15795014719,88627.80908214749,91058.79361844998,92277.78831177406,94208.64,89866.80490385098,91602.45012613351
6,108287.17661976063,76419.13097389245,87362.68914338703,80574.87412109842,105229.85664243167,95543.62116137492,94454.4277102616,109228.50363358014,81393.99050009044,89581.960396261,90248.49511005473,95612.06768818396,93321.48,92351.46141015817,92828.06614169809
7,96709.63991174381,81586.2608262197,92365.25035632317,80987.50318761857,102130.48576192003,94746.02864924521,98814.90303178069,117829.89351447448,78532.72668128525,89575.57334663677,90454.13944053119,90417.89766275279,91171.67,91409.69489842717,92845.85853087764
8,97909.37229001583,78592.04505389744,91525.41908473398,82377.41162221278,93124.81497013004,94588.9128177064,97888.54719838222,122710.33368807762,78762.1838408022,89573.0396410007,96680.17890024943,88623.43838315402,91163.02,92325.11702743202,92696.30812419689
9,98634.45905541285,78592.04505389744,91448.51887191374,80857.19927187536,89657.28124777586,94733.7797388404,95335.22106579432,121335.35710037925,78797.45592368724,90672.77345811957,95003.47080121448,86276.20135779395,90265.31,91060.64616501666,91778.64691222536
10,101068.5085425433,78592.04505389744,90487.26621166106,81889.67682647952,90211.96408914568,85668.17270345244,98199.8095805933,115734.40307529227,78663.36542249481,91652.36739966183,96670.47966940909,88366.02264418436,90197.47000000002,90349.61515040338,91433.67343490124
11,105718.36594103502,78592.04505389744,90572.26118372551,71266.28814019302,83399.20074067441,85640.14154310293,97936.66799719764,105400.54811039037,80524.46763970636,92798.1302025025,95446.14782409967,88336.92957065342,90396.55,89454.59537718946,89635.9328289315
12,100659.4546600907,78592.04505389744,90452.86348487307,73849.74424746286,85657.88727869737,85578.19032317083,99089.73979666061,100998.38421291,82732.61320076932,99453.48869649296,88014.63842755726,88158.74384395061,91201.01000000001,88086.69113575394,89436.48276887776
13,98626.11101699546,70708.09271605707,87223.05454642401,74610.75531093535,89135.98817501067,82745.62979205458,99005.0715557069,112129.00520519198,80466.71196174165,104586.6707440854,88238.07156012814,88272.909851007,95474.68,88255.49070556757,89645.67270294485
14,97260.61044729219,32634.504330487878,87338.40486565433,74653.28506121265,84463.60903834528,86568.2320622379,107140.41035088258,117074.32292071788,81385.672324394,110707.83963313958,87073.19393620382,90315.54837964982,97089.48,87205.79940092907,88051.30277918483
15,100265.90427755615,57629.815105614056,78504.99884038484,73852.45891237418,86396.33890270563,84556.34852824506,107257.84946495362,109968.2761245958,81421.73661448825,110208.27733856278,87955.80330601301,93437.97745423327,95514.28,87176.07110435932,89287.98207247723
16,97379.86813896934,54243.98528132594,77758.25730010432,75239.65268205709,69191.04133987846,84892.2513405005,106114.64547486798,108184.53491283474,81404.55326287953,111570.46083115037,89218.62252476333,93374.4064709395,95491.29,87055.43693263191,87381.02329668925
17,94688.22203781627,50039.573306748076,77829.08644349135,81646.26187276478,69499.6778526731,85682.54161758118,108576.11570288164,109204.91180015368,79482.33791810244,111961.65442425142,87965.85336009652,97788.28941980982,95169.12,86824.19748883885,87863.71047969752
18,96500.9389513088,50039.573306748076,77881.70237857888,78915.30897198006,69664.75086599926,85459.70567060105,108529.5786265589,109314.53558736366,80180.423366004,109191.99745083171,85017.14272800495,97568.99757346837,95341.62,85238.424199303,87355.38795645397
19,100360.1178539811,61328.39226306934,77084.3685930219,81633.59343651198,71016.6613285465,87263.59328368116,105571.30683507878,109462.7368368858,78712.31251077648,111219.91209929444,85980.70972033887,94498.93977071015,92417.62000000001,86622.15150201,88677.72037765804
20,98936.18101535602,56566.474172845665,82513.92835609135,80940.44899582241,80264.31415123506,83608.23575171758,105468.3648730559,105436.92888413092,76949.25536673954,119445.534661234,86022.51959625914,96384.73559542361,88416.01,84815.37767398836,89378.07678499259
21,98326.77421088585,61328.39226306934,82538.21263382405,83484.99490603004,70845.77324316,83446.6443567616,106073.59051486597,93672.7287428767,68787.57831828369,121504.38163267032,85967.74989700328,99066.39338760497,89853.94,84726.37240151665,87920.26784225297
22,97731.6783294169,63009.069236089475,76981.16041265792,83260.58260669452,65964.5517335744,84527.61069998758,104998.48659196467,100760.90111418336,66104.39136285702,119576.75949896837,81747.47010174372,96998.569531169,89207.28,83894.09665334105,86805.10260160892
23,96561.76037406416,63707.991537167414,78772.12589544454,83409.88917681694,69288.52195646008,83846.85394864238,101603.8383413534,96264.91153223396,66972.65046412166,120922.10440618295,81589.41391236898,97297.558823478,89223.4,83628.37156272966,86686.46836402785
24,93111.63535384445,67324.9824337965,81487.91762188479,81686.98184643454,69659.31095987829,84388.16156614802,102628.99409333237,96466.88651432382,69119.75834592471,119607.42789427155,82340.58838596095,97938.29824303505,89142.15000000001,83364.37497605447,87146.74527156957
25,95710.26045548936,68755.46154028288,79555.2938523241,80729.61002104347,70081.18505870842,84312.54809999514,101447.29346419442,97529.00048450309,69365.94616721655,122100.48866908789,82185.71024243599,97928.10818836003,86150.55,83249.12917121557,87475.07552030345
26,97000.62867943603,74042.25124182191,79545.1754032688,82560.19905957478,67960.74716934613,83922.23185882594,104267.53774919892,98287.36959931662,69324.33642665805,121127.38734823801,86130.09851194141,96776.28610914316,88089.04,85026.16518538367,88412.02076306415
27,88668.0937619542,71499.4794460714,79864.91839341601,83332.06878269253,71708.46732075883,83674.89809103617,108507.16286204742,91233.08039693623,69412.62980632913,121727.03101543924,86972.38384544842,95271.57028325375,89138.78,85323.6409682423,87655.98200044861
28,93845.07015765888,63947.311235591,77450.65644882346,82732.12783729151,73412.53354506852,80931.1421603549,111025.03797576117,100804.41360287557,71057.47831751012,121044.03898991841,86190.25437981286,94510.99021151393,89106.74,84461.19110855219,88079.25457184836
29,94660.79276873052,64061.532000747706,76420.59833499478,82570.15283091628,69648.36861997977,80395.25233014372,113653.65183915393,103583.16446269721,71737.07893053074,125235.31596730498,88982.41529880914,96956.7996556754,84162.46,85776.2840648627,88992.09358664033
30,95216.533611946,62769.7495376659,76400.3614368842,83250.62883535303,63347.95688938521,81414.97412134557,116099.89396627664,103177.86037542544,71667.83624803287,119749.42098095913,89049.11298833246,98002.02815378706,84086.21,86149.87091184274,88345.52976211613
31,95763.92641674409,62065.38815253287,76651.29897345543,86583.33245814631,62494.892070897076,80814.07084360108,113861.97225934218,99534.69751686823,72545.69614618976,121943.61006178841,87937.97323059588,95573.09306622049,78489.63,87260.6528443711,87980.82926636515
32,96858.71202634022,61921.25242507321,75372.32701286658,88392.20417738709,56874.28102245476,81587.63664685976,113895.23043168803,101264.00298032763,73100.58070999327,125153.81510267832,88701.81861426435,93942.60018014957,76840.37,88547.01139582571,88088.70511084022
33,97195.01871686977,61700.96952084242,75756.82807696766,90707.81334674034,44801.878786878995,81555.1299230931,113999.51246658927,107005.21406612985,69722.81665287713,123916.20547053045,88999.02781120587,90897.36310689796,78564.03,89853.4205789731,87188.14816213523
34,96213.52791436689,62247.59746837808,74874.49931934624,91528.5470382618,57084.99922507184,80698.17730669386,112652.98287340761,112875.36776192236,69811.24206708309,123729.3446798709,88938.19093350947,94801.27588831609,75827.62,90233.36898588564,88787.97937301901
35,95431.19745696487,61586.74875568571,78486.7856320853,93390.80716742514,51900.768691782265,80787.4530190675,111246.63729992633,111925.22472564601,76641.33196936063,123569.24615499229,87992.72229319037,90637.12406837614,72896.27,89314.92318078325,88633.00393620854
36,93067.51000792392,59256.10123808337,78146.80574382751,91507.73460727502,44829.078317483865,81179.41815202197,117526.21880812687,114310.4975065334,78570.84693770806,120942.63797894186,87919.2351420788,90306.9289022091,63960.689999999995,89113.08202214395,88130.25111185115
37,91066.36594158149,60749.12981120318,76108.9501040918,92579.1223589414,47911.81684134975,79764.66900026445,118584.87638206594,118449.3897832891,78947.59805190386,120765.27858441755,88967.37117267592,90302.6659068588,70866.09,89635.01853976736,88683.10282822028
38,84684.8868599377,62258.475636488256,76129.18700220238,94787.04982014577,48039.74842667751,79651.60213498911,119061.33320274208,116835.75652351762,82884.69812285608,122419.26050942486,91114.82215404893,89721.48688944361,69184.54,87203.18687469065,88965.69227353949
39,81153.66660937756,60838.87469811203,75441.13246644256,95645.78882042565,51485.14735860842,85377.49663730712,120438.68447212702,134656.76870590157,83262.73185824767,120903.15439944656,93381.92449800126,90317.93229152334,70716.78,87847.71446441523,91075.27523462672
40,81902.60491311,60156.26964919933,75643.50144754839,88360.53308675507,53344.53228182045,85621.76817749569,123288.04488603506,140570.07379089508,83928.07274150301,115398.89004723929,97596.178388143,89504.73788243391,70130.11,86991.15063212538,91276.26727434818
41,82132.77225804688,60161.70873325441,76940.68661643675,90271.65718432212,53263.18380063206,86055.66227298976,120257.04368469972,135796.72970806333,82467.03516492892,114195.80215438273,98668.99586572958,91126.45236360586,68463.88,88163.65972865594,90944.81081725768
42,80737.45726542434,59742.899261013146,76400.3614368842,91593.69899613339,51912.023669963586,85180.33629098326,124704.86739292931,143910.15380982045,79862.22013698213,115317.96982348755,99106.05971672416,89439.29716433739,67223.2,87309.81672766033,91492.27874705692
43,77708.31189682496,60303.124918686524,77511.3671431552,90569.36543626318,55733.52645612054,84847.02459439037,126066.50326219479,143681.0662742647,79529.90807480624,115115.27337260266,103363.13467919291,91378.27759551529,66120.0,87708.19501532678,92150.57364200144
44,73373.29480436089,64496.658725154215,78697.24937243538,90489.73526553121,53319.45869153871,84729.24660972858,124617.03170699031,142290.5624084438,79584.87216546241,115200.73315228564,102200.67154464801,90286.5861875551,68914.41,87507.91639864184,91607.17505284453
45,79934.85300043717,69941.18186429061,81291.61971021212,91472.44396342791,59064.81241482409,84443.9883308777,126040.67640308372,147395.3958242168,80401.4869015189,116917.37150625138,106923.14449416197,91193.8002112012,69929.0,87818.89427103946,94585.06455204198
46,78212.77193261927,63506.74542712941,81050.80062269619,91551.1692458561,63150.056856363524,84642.5620130175,120609.48285171995,145438.08612367537,83294.2315258509,128055.59426791185,106982.63998886982,91340.77071537198,68530.75,87991.66636419474,94819.57596425683
47,74453.76949095578,64532.01277151224,82252.87237046481,93617.0292433682,63781.89882593198,84935.35808288673,120277.14477787577,147451.15560398626,83246.13323100765,125920.10270098469,107155.36884447324,90264.2148106401,68504.29,87599.7864467634,94823.92172950729
48,75217.01871768948,65978.80913016388,84430.36260716355,95775.18784786509,69246.87853718916,85359.82993960787,117678.13434261506,156801.01445530978,76809.37420808949,129618.52114662321,106834.15921036723,89376.10012800417,67584.7,87367.96503380602,96093.7825225573
49,74761.4543354828,63884.76176895757,85084.01441613538,95904.5868753045,65473.08435298971,91324.10708288134,123797.6380542499,156002.8040299648,75317.47827451007,129705.88120553325,107361.81800474286,89253.32399218107,66229.12,90288.71553753121,96489.24603274446
50,74466.88783704027,65894.50332731011,84788.55570372088,94886.5875335607,69550.45030980221,92160.33077398011,117615.27274213717,167394.43977115134,75415.84400298365,128733.83559536508,107024.34668148325,90319.25045455927,66844.32,91239.79061426969,97354.19206109118
51,67202.90183698562,66737.5613558477,88991.75944128897,95950.73617879688,70952.13278697354,93357.89732202126,117140.88694318221,167464.52316407257,72674.41095560559,130947.97760807832,108004.07217966396,91814.57086306482,67718.23,92586.23409254305,97603.28588629846
52,68552.89890677086,66816.42807464639,88388.6998775936,100599.14739527507,65385.170467862226,92332.28663158634,117765.72637893978,173056.0284191392,70578.07978349591,128212.47287521132,106022.0240391107,89392.49770222435,68148.25,90862.39216690534,97258.45504598797
53,72192.6436567572,64211.10681226245,88427.1499840037,102618.8580892948,61886.56050019626,93569.6621384432,117716.3873320531,163376.66628207616,71744.0390367257,127180.41011278894,105870.90176795372,90310.28507618005,67588.61,91939.97360731162,96592.05589906126
54,72210.53231050876,65154.787895819056,85059.7301384027,100546.6638736563,63265.92060397463,97242.21525616739,121334.09680451505,145738.28016737744,70484.22209128411,125797.69304744246,104653.07047097347,89413.58831079947,64652.66,93327.90178348342,95075.06674757674
55,65062.22627138095,65260.85003489314,85494.82344778023,106611.22528553808,60416.53529440165,88904.94727792799,117542.54333228199,148887.78992981068,72180.97903674298,122227.0155942887,106326.62116081997,86364.65851131242,63948.94,87634.8028946202,93773.3512647649
56,64381.26485190448,64907.30957131285,85397.68633684942,103975.28565664943,60062.62875825543,90539.70570503375,113881.70787809684,144937.3614958483,74130.61984061897,121924.23777077936,106989.18181052171,83141.97425660507,68319.15,87968.69602094158,92855.74699437297
57,69806.2972462976,64556.488649760104,86031.10124771067,106359.66633708938,64360.96745336134,89887.68678194603,107276.7323100584,138738.81790441417,73938.20779916953,123849.95962525427,112198.32914494551,78638.96104968732,67588.75,87959.39401482834,92970.26796247454
58,69951.7916301437,69095.40429372546,87370.78390263129,107535.11624368957,66832.43560666793,90224.06070614014,106784.07279003428,140981.93785225737,70913.05139844547,123742.06599358529,117426.8130310659,78681.45077307998,65560.05,88797.42230438572,94128.24868512219
59,65293.5861932346,68611.32581282323,87091.51470870523,107707.04502140629,65796.10222679384,89714.31758852386,106331.98093078368,136406.44619899074,81393.14170665202,122318.80963806185,128581.60950727682,78637.35307775694,66909.88,88402.91614861455,94823.6027175841
60,67632.22952702333,70036.36583525452,87668.26630485685,110271.4984742969,68466.4083279706,90412.74103756832,103864.05398799224,148539.41919565483,82774.090906793,124047.95816360565,128766.47271976132,80367.57761820695,65676.54,89040.50367121259,96903.9235082487
61,66091.42015055468,74229.89964172222,86512.73942274255,113715.50335845418,68942.86907098016,89850.46893879291,108481.45782774348,144303.72216362754,83156.38747145305,123734.04259240445,127570.37182719569,88223.52080619216,69115.81,89036.99487249253,97901.03360598859
62,80663.5174965845,76103.66409869773,85278.28863799699,115597.67103030052,71347.11999348162,89530.58393245147,106511.79434610404,152822.75126889907,80204.54796173127,117959.41073461577,129945.13563347573,80595.2084817687,68399.4,87404.43628522422,98879.97446800892
63,80404.72830564513,73498.34283631378,83376.02021560217,113911.86412037277,71656.63189346815,87583.71384599194,106281.78911024707,145481.29769612485,73450.58539984091,118012.98805171167,139631.30346716894,81512.61256008984,72812.18,85479.86703079706,97900.15645854811
64,79986.13380785835,75570.63386129976,81210.67211776979,114540.7614914945,72457.8612846656,90651.59479046246,110726.5671982985,147278.61023043096,74229.38167269711,118167.22738230691,131444.65735805297,84354.86187448003,71031.6,87503.22833247125,98384.91358915142
65,79783.39573200721,74142.87429684092,82372.27006931727,115291.81878362548,66872.76594515104,90964.17756175487,111175.00431333526,146928.01271607922,72597.81206330814,118199.58491470077,136434.5608021625,84376.72842299829,68374.58,87670.45299237658,98261.58380177343
66,75226.55933302366,75162.70255716867,83442.8019793671,112476.71127058995,62126.604173741376,91281.00034049511,108544.31942822135,153475.85988202156,71945.93870260894,116762.39317817899,138219.71455665692,80714.19840461621,67389.65,87361.9011599311,97448.23365055748
67,74001.78283949941,75013.12774565392,83489.34684502144,105292.80302694187,58343.931062309995,90672.32371576293,100074.20606305894,155984.26758941545,72657.90663874762,115363.2070261981,141033.29633014736,80522.7936528579,66183.95,87080.83528039219,96037.41604463459
68,76324.92267337012,77988.3067237834,83515.6548125652,108392.0454673619,57756.733839527464,92546.64256367082,95691.4368018355,164093.02748941095,79026.44153129398,107556.17374954949,141132.64121794605,75288.25605303516,68527.58,88031.148688118,96609.35691027918
69,74905.75614241215,79424.22491432488,84319.05966755535,112865.81324121202,55048.34839550389,92491.28691087976,96752.16539749573,170383.92227572497,74285.49635001425,106543.11377939758,141623.09211188523,74154.2151517925,69808.73,88405.17328921755,96899.70786151651
70,75812.11459915843,80299.91744719296,84693.44228260113,106271.89217162348,59569.59818625667,91208.9202138821,96449.18710216932,173474.99410382888,73353.04960272936,108202.74375655194,149320.42234343692,77495.86128332528,70331.35,87951.18124824161,98012.67859106306
71,75722.67133040057,80343.43011963362,83386.13866465747,111146.5254640447,57139.3982862816,91437.40950412599,67722.28845743969,172424.94687498128,73494.25110672803,115510.63702289641,146850.81244153524,77852.288828775,70233.42,81864.78439214555,96085.89984179164
72,76623.06690256298,78276.57817870271,83554.10491897531,112483.95037702011,57195.17295593574,91033.66657270533,68571.04188869784,183686.49652445526,71112.85737384729,127716.23606928188,151022.74053922264,75962.24870605928,70846.75,80915.341548839,98103.18008395554
73,75070.33175692661,77341.05572122874,83756.47390008114,112689.36002197642,51418.99309796483,90997.86206536816,64254.54532255184,181314.70479124013,74688.06964681411,130427.77616967444,147463.96892393532,78668.59634631102,70905.33,81212.53512319608,97340.97814700607
74,75717.90102273348,77942.07450931522,84359.53346377652,112940.01408212134,51694.05225918518,92241.83313936608,65381.91208771088,169450.96155690588,74272.04768953455,128830.01083846725,142390.07426808082,78680.93659600923,72473.79,81520.23502989288,96158.44595943387
75,75726.24906115088,78741.61986541218,84375.72298226498,106376.85921486103,53207.409130977925,94477.96595615496,61016.07647467818,169488.69645373852,77454.28746259374,132132.53777847116,136009.09475485352,76946.7669151254,74380.82,81558.67142383859,95496.10717085686
76,74224.79472293568,77738.10885724968,84719.75025014489,100170.23033928701,49462.75283473681,93897.79160371095,66188.39231089575,176490.02439740647,77021.06329162906,145323.37881854593,141027.10533173865,78606.12850655089,74135.37,81662.93937834789,97072.46010540264
77,72872.4124993169,69818.80247305128,82477.50193949229,87195.94183980014,51280.80697696074,93873.52933887063,65293.8327521576,173455.40445643011,78690.0175364609,143222.35620537604,139491.2011731795,77029.02589777272,71029.13,80583.7597379766,94558.40275740575
78,72895.07146073556,71445.08860552059,82497.73883760288,93587.16792934372,53219.16433041175,94544.62829547355,76004.06067078277,175342.02893156497,79483.52622891622,148805.37657443757,127478.41486416478,80809.37725475058,69992.9,81653.55804617674,96342.63699864208
79,69837.30424613367,71575.62662284254,83477.2047061551,94227.82884841449,55749.033314948145,94994.77575285094,75596.55669094087,175411.54058362512,77792.63538922055,147118.9843315023,139489.81851686822,78648.22558563498,70671.39,81062.71514589504,96993.29454909475
80,68087.79390923001,70958.29058259082,83420.54139144547,100346.6835585226,55484.6038553435,93827.83148082184,75215.00139501714,173227.06921148114,77620.82073520988,148712.5796055168,134793.73985723677,78666.68921681221,70072.02,81043.61530412885,96696.803733269
81,67229.13852915459,72984.34939310861,84400.00725999767,91640.75318792956,54454.52324112569,93907.68495442254,71838.01774143937,163743.27254053872,80297.74548126874,143880.8557430816,130252.84889105071,78505.91072112307,68245.78,82348.8763706332,94427.92564035341
82,66959.61614596426,72396.9283151598,84503.21544036166,93139.24821897644,54470.65537651893,94022.40071148315,78619.51745500576,163997.03520799457,80311.40162458894,149442.23404316843,133257.67060538667,79833.37568771103,70770.52,82407.30853247529,95912.77490269329
83,69694.1950161211,67621.41251479843,84361.55715358756,84707.4990044264,53923.100687997285,93827.83148082184,82356.24976403141,158102.77812116302,82995.00354569661,145139.10451905656,138321.61839046454,81493.93390941028,70175.03,83678.2803496421,95212.02367563127
84,69584.47793977812,66800.11082248115,84410.12570905297,85950.8155338095,53748.023249621074,92321.21550102811,81202.5688405328,156963.87032585064,83406.76267370774,145265.26194551878,144398.4547885325,81933.96664656531,71250.8,83908.44419138035,95498.8044980399
85,69398.43594076179,68287.7003115459,84422.26784791933,86582.42756984255,51114.23329987708,92590.69152993432,82200.07036129378,164007.11590212453,83964.8537905008,147926.81414513322,144443.54589360938,81304.05299151622,68554.36,84193.56081921006,96353.51746533823
86,56698.684354063065,67613.2538887158,86225.37546957226,92840.63507873159,49571.05073590381,94803.03319382154,81169.91979222259,168959.77597397196,88150.08447661501,143468.23122314215,142742.75481076448,81474.12406917507,66066.39,87187.72997309364,96143.07692222494
87,59672.97118449095,68350.24977817934,85434.11275344847,93996.17744264878,49695.293189494376,94770.99758199352,75891.25089938259,167253.52069470217,89294.6918593497,143675.83672869694,146112.06123808344,78645.72014099928,66343.27,87364.40230639908,96066.07362428913
88,58673.59172823651,66038.63905476977,84219.89886681348,93734.6647228586,44741.35201532607,96291.04025203871,71843.8653321815,173363.5949107871,89242.02894201543,149913.0810072032,144334.89387153625,76951.63757428658,66119.59,86730.96390441446,95779.02402317112
89,54968.25524782775,67547.98488005484,83578.389196708,92926.59946758996,42685.31761222361,96227.20458435202,78731.83992717743,177069.13770645284,88901.88911812975,147415.11117771696,144061.08664857972,76880.30719156137,66745.09,86240.13915741887,95916.09356319786
90,54290.87155910159,66392.17951835005,84351.43870453228,96976.87951527466,43338.481512680046,96769.45442573493,78463.33805226814,177128.8394890014,86208.21484821959,150500.32007389452,146279.48647171672,76931.51922780891,68266.98,85279.82677637594,96469.2519498819
91,57148.28585168588,66857.22120505951,84375.72298226498,97060.1292392217,42544.44280198732,97557.38914312236,81214.02037240278,177206.80688748098,87202.68010273768,150457.82771895643,144331.63327904098,79584.03720308926,68256.91,85789.20154250134,97128.34973225417
92,52379.170761517016,68355.68886223441,84642.85003732466,98233.76936921435,43855.71028776865,112901.26942889218,82897.63920690656,177591.0769293891,87100.63626936433,148617.8295718349,135131.91282698268,77091.23197466048,66860.33,85871.74315334449,97399.89879384077
93,53780.44863872343,68981.18352856876,84482.97854225108,103778.92489473085,46406.27592662737,116884.99198209283,82258.7899183293,173149.9443784811,87455.1867196266,146965.80071158876,136357.13204873068,77464.97326438373,66834.57,85969.08263093884,98163.8858795112
94,53872.277061314824,68959.42719234842,84551.78399582705,102695.77359511545,42307.087817674415,115340.45149123801,83353.75128479241,175181.91139883257,88136.03222969022,148663.80577202264,141096.01114402775,78492.0279402126,67389.54,86343.90811275863,98554.19507692469
95,55246.12566943548,70389.90629883482,85336.97564251767,101783.64618491297,42517.86854794808,118163.35422761198,82479.90194326594,177128.98994712273,86258.55773015553,148723.9812808791,139539.2845941539,77749.920848324,68732.22,85797.7666863366,98776.54274293019
96,54556.81621154162,69845.99789332668,85361.25992025038,107615.65130272528,41336.7211154742,119341.84074213795,88309.58443874418,175080.02115905957,82171.03259984059,147792.73888855832,142593.22156253242,72606.21496521926,68655.94,86835.42217949728,98884.25839995085
97,53552.66644762009,69109.00200386316,85282.33601761909,107605.69753138379,43257.5707250876,122190.41907916822,87281.87036581554,169403.98853142283,82269.79443191874,147167.49423732606,142865.58421919358,74409.07870275641,71900.42,86282.10319171732,98699.62519109795
98,54057.12648341439,66873.53845722476,84681.30014373477,106537.9293329325,43816.88061304307,123843.5508718812,89570.22754290084,173590.3954828984,79588.30506336887,147240.3910598969,147784.70391483,71488.76796035106,70931.44,87125.7638433178,99089.42641053973
99,52703.551682878846,66065.83447504518,84464.76533395154,109555.73182601306,41955.1821665382,122288.64591837613,89178.07348875701,175028.53438993625,80411.95535392597,149810.25478680636,142630.65646624385,77652.0121853776,71708.04,86821.41941135428,99312.09983948748
100,44156.35292037816,63941.87215153592,85324.83350365132,108953.98110400447,42720.20804458573,124741.49022694277,83387.61858117387,178570.4690244544,79579.2512666925,155800.14605259208,145974.0432468916,74309.4779298135,72927.82,84356.2260424126,98954.9786710597
101,50494.8992330182,64502.09780920929,85381.49681836096,110417.18549120426,43301.71525062103,118709.60852047343,83509.56521310862,180057.80773717116,74993.33349141933,159429.3626630457,144542.89078140806,77808.7614025668,73285.01,84445.5310157348,99429.0603676339
102,50460.31450243182,64488.500099071585,86318.46520088095,110067.89860594814,49111.91015376218,119434.41423808211,85344.97775729343,180329.86611218224,75293.5611616233,157620.71912317048,138036.9769202927,79606.51141541841,70775.86,85831.7214790872,99676.17627417979
103,49656.5176605279,60955.815005296274,86035.14862733279,106185.02289446133,49634.078613719255,119426.87644706377,83400.5320107294,189948.322801726,77729.59832986128,159651.95926028054,133668.52589645103,77870.14479614134,74701.15,84717.8403190311,99513.54519529926
104,54837.071786982895,58820.97451367686,86211.20964089486,106417.5791885308,50267.67135767149,120883.31900539156,83779.40716089631,189668.56097090215,75113.73012513875,160942.35442651302,134875.79122281374,78954.52554102277,74136.2,84995.30840089559,100064.3495783696
105,62383.69851631237,60148.1110231167,86820.3402740234,106606.70084401919,52047.58362939203,118835.86652003086,80645.82947195954,190075.9413802485,76105.78103387647,159671.96497769858,130356.77511767183,78381.61075143574,74948.73,83733.08487299147,100173.35029498208
106,62983.564705448385,62193.20662782727,87366.73652300917,106327.09035815358,50253.35252431857,122203.84576941965,86972.06988129,185941.95403824854,76104.64930929193,159732.50998529364,131723.16973980016,78685.76051180034,74969.38,87169.40320214958,100873.99249782511
107,59461.885070222415,60781.76431553368,86419.64969143386,107108.00896430906,49228.7743438783,122625.25539853956,86248.30870214476,183349.28978290298,74986.69404052332,155748.78572792775,127006.04168557905,79500.7311689524,76942.51,86333.97919678931,99372.09907432891
108,57540.64365730368,60860.63103433235,86391.31803407904,108833.63095960279,51018.81609596204,123740.84846925615,88270.60050046335,169481.2939141685,76878.33395944125,159668.85063118758,131481.9271684735,78758.6053797158,75865.56,87330.95926727119,99410.45831699883
109,60082.02506694355,60830.71607202941,87399.1155599861,108828.20162978015,51752.453090414965,124228.21376978666,87318.53963276095,169152.0915446716,77921.746302241,152397.53773996377,131538.84308051105,79571.03319753609,74094.84,87358.82759637352,99251.70972388545
110,59812.50268375321,60898.70462271792,89384.35526463429,111381.79642302552,55122.943889783484,124984.3484313154,83417.46565892015,169743.57251129232,78089.61878228217,148915.27605640172,133369.8514965528,79519.39112228391,75866.85,86400.91046177721,99553.31891191356
111,59229.33257145198,63650.88115458907,91377.68972852672,112626.01784071237,55104.060537501464,124527.1342948583,84195.07340281577,163810.7379621486,76053.85373752215,143793.17897096707,134023.76538514366,81443.72218128224,75902.11,87786.38156567124,99152.95398062661
112,58348.01822995792,63520.34313726712,90432.62658676249,112573.53431909357,55125.570051359115,126547.4978437468,86572.48451391137,156139.690828762,75014.49674115037,146987.23163842707,137974.5097463487,87217.56608761242,78511.47,88825.09633718745,99704.46414369992
113,58382.6029605443,63830.37092840675,91225.91299269734,112633.25694714255,55748.78320432191,130885.73213077948,91766.48516579767,152666.06418133326,75096.67880806491,145413.0086554216,136632.77593454847,87331.69469997277,78314.95,91496.19907924751,100134.44721741928
114,59905.52368326138,62962.83702162128,92873.1964988988,113175.28504110215,59852.41077689083,128061.41605858956,91402.71629171459,151287.4465070984,74404.72353499632,145156.5765308386,132028.5304179798,87348.26055032518,77600.6,92137.9563953067,99871.57690944307
115,55657.56470572162,61706.4086048975,94407.153375681,115195.90062342562,56998.898641984684,121109.45273594222,91541.35292222584,145953.4954641454,76073.67777982815,148871.51684864558,133210.24755757584,88456.43367057169,77617.92,92974.25314895342,99098.50857755377
116,55035.03955516694,59658.59345815938,94678.32781036281,117397.49386650357,57613.1078124024,120912.99905752635,93176.8509579142,161600.11696851533,71895.35061367968,149447.67095317916,131694.7943304268,88337.49049109426,78470.63,93927.5893841385,100120.65298957757
117,52461.45856877425,61730.88448314537,91476.85052926856,120461.44566307649,56395.0690625564,122678.96215954536,94504.98500521955,165456.93035937852,73919.08165369068,155694.62776995695,130299.65283902068,87551.84662432347,76843.9,92990.91776724406,101052.64955982969
118,52474.576914858735,61034.68172409496,90624.87711881303,119943.84955331875,58375.69511184397,120833.8522518336,94518.26390919647,164699.10289380184,75065.27345084373,154994.79715906314,130302.52133495006,88650.87674138449,76083.58,92571.57051400475,100959.86401366688
119,53434.60133285972,61641.13959623652,92187.16565295003,120659.61620160262,58812.700903562334,121106.15495237168,106371.57399310016,160626.05109094552,72637.19607885041,154102.56327643088,131686.1888426387,88192.50190581441,75861.2,99279.3698230251,101788.12115228025
120,53528.81490928466,64483.061015016516,90981.04652555929,121848.63943275939,57674.82260943002,123732.13289839117,106016.82015474449,171746.32056447913,71098.74854069327,155223.4113071836,124684.70619556631,88207.46913291048,76106.22,98498.93334015188,102435.49944050152
121,54876.42682523635,63615.527108231036,91573.98764019937,126994.73921631233,56850.52051296083,125082.81082649266,107790.46752171559,173389.50379928222,72518.17637670886,148605.84725559768,119116.70795671144,90277.04119138702,78106.54,99682.22758095748,102557.64635256963
122,53772.100600306025,63852.12726462707,89991.46220795177,129802.6076229177,57671.00842237969,126793.41827572063,108765.43145315797,169778.7797116864,72635.66825066126,150829.4906644462,121812.86712704976,90319.37198732147,78574.23,99542.40172023972,103002.02779901882
123,52456.68826110716,65222.776446507574,91442.44780248057,129322.11193361462,60935.38978856088,133612.76358763876,108521.53818928846,172655.1778922592,70967.44962680938,153751.16997602963,129927.75956460857,89753.84265020532,78657.11,99981.99299588452,104880.75964325918
124,52175.240108749116,64632.635826531245,90442.74503581777,138623.4588080898,60475.87404047987,131150.73259626853,108456.48374228232,162073.6989512522,74807.20252141413,152130.86522176827,131679.23428775955,88538.26261421439,79845.98,99449.61438905005,104598.86947955226
125,51432.264689600524,63852.12726462707,90604.64022070245,137756.57581307596,61264.72295567787,135209.1263917448,109160.14382825147,172264.01686839358,68555.87657167403,155822.7910467144,131917.25753991367,88559.68042637999,81189.14,99882.39202447695,105533.26863472965
126,51221.178575331985,62372.69640164496,93089.73130868205,140105.6658496688,59885.55043486919,134036.05766451327,113417.79901255485,169807.878312354,67790.96278705496,152234.7999383809,130349.94438276088,90155.67670534001,81298.61,103253.76516061845,105372.32844776298
127,52921.79325864801,64518.41506137454,92632.37741138287,138695.8498723916,58361.501333804175,138582.99454036666,120546.01212720647,172812.8279118016,66789.5374263419,152127.22301991645,129303.31482844321,90663.63690787925,79802.42,106589.19476929467,106496.29030829639
128,52354.12664626482,66471.04623714872,92573.69040686218,147809.88486798597,57661.44169092555,139368.33814209152,120652.1215342146,177093.42164723744,64416.68821407449,145562.12778921064,125824.94364582388,96046.09857662216,80312.72,108349.11005541838,107152.82744987182
129,53977.22382999071,66016.88271854944,93484.35082183841,155673.36422776702,58205.11966474029,145160.6594277588,116552.10765033441,175198.37151730742,58644.55331550813,145414.38107930784,129354.51438528337,95973.16022196657,80467.24,106262.6339361505,107804.55740502935
130,54284.908674517734,65298.92362327871,91561.84550133302,159263.05612883164,56885.84863891889,149750.46749002908,106223.31320282583,167755.29852937863,58337.233504574324,145527.23655118071,125758.57614288238,97042.4335096417,82152.52,101632.87335623376,106474.09512478272
131,52270.64626209082,65709.57446943734,91576.01133001041,166230.69606787813,52655.66508946659,172820.8191255822,104769.82142898614,169666.95923590483,54287.18732008429,142144.89788364086,125769.47230008172,96917.32020531515,81630.4,100843.57081715064,107901.58922653989
132,52767.9508363845,65810.19752445635,91596.24822812103,154658.9844392383,53119.807884133246,163275.38458068206,107399.4098908359,157649.1468853161,54759.19192014612,140824.309391912,126323.79366093758,96024.15723871178,80394.05,101711.78356477384,105350.7152067396
133,52336.237992513255,64512.97597731945,92496.79019404194,160252.09904485472,54477.90858468023,183286.80639859894,113632.69797232798,148320.59290397467,55485.32527566805,142024.17736718935,129807.94310873839,97131.34874818684,79419.31,105382.02336025742,107813.74196400783
134,53204.433987922836,64537.45185556733,92527.14554120784,161103.59893870444,54214.417039924,186871.2615837961,119078.51050054708,150944.8232731778,56637.25114404947,142035.26232934714,127239.85505881523,96793.89901098511,81280.42,107936.2047557661,108765.65918867038
135,53252.13706459369,64589.123154090594,92599.99837440593,156581.87208475437,53121.9338244564,193191.69935268688,114139.36734517178,145537.96022462237,58720.510897207656,143839.04960008658,136283.95444753955,96808.63252123086,79136.63,105473.99993320132,109055.51990757056
136,53308.18817968194,64461.30467879618,92391.55832386692,156230.77542289073,51999.499861495126,185146.9918883474,114734.84700241161,137805.91736884363,56476.018114904306,142247.46017636728,134772.64918932438,96798.54530196998,78286.58,105766.6961521908,107197.81295907493
137,53753.01936963768,64464.024220823725,91656.95892245277,161470.0787017322,50298.99771360952,170865.70458019635,118771.63381139259,129983.87046487795,57492.250205598524,144127.78647152943,137914.2713318318,96555.43303424139,77709.76,107663.53342281698,106446.16906899367
138,53295.06983359746,63645.44207053399,91733.85913527297,170048.41982149336,51445.44229669095,171041.1937773424,118106.34853966864,128792.90415958114,54540.10890265419,142106.6811569636,137925.0849423857,98926.58396772874,76815.1,108516.46625369869,106800.59488365943
139,53398.824025356575,63142.32679543897,89588.74793555118,176823.31855183636,51426.55894440895,193757.7403469715,118072.96854251568,118102.25280572823,56946.34399016573,142018.00145970148,136486.54455213438,98777.53805792691,76739.61,108425.25330022129,108211.76383397798
140,58294.35226870321,63716.150163250044,89424.82906085545,180525.21660256878,53248.802439622596,187604.54731630048,116288.23511809597,123504.72247714047,55066.98328299016,143016.2286947756,144527.2069187726,99941.61624877587,77422.36,108114.92568343593,109596.57421598762
141,58832.204458167114,63930.99398342576,89511.84772273096,182234.55060839458,52604.705049367796,187530.34718596353,110781.7538359273,111725.025149388,55527.44429228962,141411.49567306924,144421.6916692266,102395.84884822377,77633.48,106588.80134207555,108408.99237301452
142,62987.142436198694,65141.19018568134,88643.68479378693,193071.49293437137,50128.047100566444,180996.02459692696,112030.57993379259,113255.21433506305,56999.79911470919,142014.4120433837,142686.97391510187,103733.76563235915,75824.23,107882.17278307586,109307.36058516178
143,62378.928208645266,64880.114151037444,89432.92382009969,202625.30364559902,46930.69538222072,185929.5088184404,112234.14918650285,103372.0115352055,55004.60639630519,143702.28228127334,139494.17285241568,100630.5387342,76685.06,102001.27513470275,108884.60291766208
144,62848.803513853214,65339.71675369181,90367.86851280864,221961.86180890875,47439.920617269265,188850.63839402227,109911.07193938617,115751.58539274955,55673.77628107158,138930.10050128557,141568.94151247025,101112.89291861547,76775.73,105511.98242900081,111646.4315121777
145,68226.1328315755,64238.30223253785,90495.36097090528,227271.74637544443,46379.076396022494,189384.6437764789,108517.51797065325,115027.76146259622,55811.03561110075,139366.74243923352,142739.8863148351,101366.36351715133,77122.36,104941.94074390229,112402.04749154455
146,69751.43870812612,64436.82880054832,91630.650954909,227209.30908248413,45829.02060123834,204813.79532314383,107434.25178567441,117100.80355007414,55544.552195592696,140651.43676778488,141183.6756814953,102425.08215186489,75867.67,104929.66696876966,114000.90380024468
147,68298.88002349855,63884.76176895757,95499.94587365248,227311.56146081045,45852.280889479756,207371.46203805943,111074.86432187638,116894.9166568294,54215.83208502858,141898.17829732937,142901.6983765778,101990.47164563787,74171.78,106532.66798375713,114766.23778647814
148,69250.55640308213,64551.04956570503,105861.23770627101,227169.49399711817,44439.96871069272,205200.10711283452,116208.68351904162,105804.37770807298,54523.03872350392,148483.3320309873,141119.20675139912,100638.27943628342,73333.27,105832.807707172,115270.77763874935
149,68289.33940816438,64401.47475419029,106081.81989567637,208369.53459794543,46501.94324116867,203562.75757006617,114939.39085357888,104223.9956931182,55321.2252109087,146589.28149696317,139447.2657211389,98999.87757199687,73303.61,105152.90779439728,113060.65883457632
150,74017.28633941745,63106.97274908094,106541.1974827866,227278.08059357086,45984.08918951443,194613.2796275548,117753.78754784129,107371.5194083497,59660.653371667475,146421.95135391492,141082.5354041581,96969.39231957195,73766.08,106956.35844556816,115066.7287822857
151,74705.40322039454,62410.76999003053,106834.63250539004,207807.59896130287,46800.88796719606,200662.35691978477,115031.85588218874,111596.38345564037,59942.283034532054,143601.2507690354,139262.19614204075,97890.40498606242,73844.88,109215.5079805152,113878.83531946654
152,74831.81637357232,60556.0423272478,108686.3086825084,216822.09624348223,46929.25724611977,201510.8295212884,124439.7766126196,109988.07641336441,56251.03126749631,141875.95558747978,139514.27296058266,98928.93048490622,71338.33,109337.1925479364,115027.86614338901
153,79125.0932739494,61399.100355785406,108643.81119647618,219686.97261322528,47674.77449531966,205329.42733999316,115933.84675416171,113159.3123285195,57552.08071196826,143723.18535277084,139634.7704262778,98934.5396893145,66853.7,110901.56176249785,115899.7428781468
154,79940.81588502105,61603.06600785095,115299.72698504693,231569.96581836275,48014.54978108265,199298.72341337046,116996.15907231458,117248.52333360795,55814.88347468821,142831.05704120678,142476.9339757552,98909.26087478119,64751.85,116147.94302868075,117500.30547192408
155,76710.12501748728,60912.30233285562,116026.23162721687,227277.1757052671,46878.60984430379,180410.90356912714,119179.99056488439,111012.45548671106,56274.835207924625,143616.2946462495,145732.28475903088,97915.17897219896,63257.25,113519.34355696396,115162.19897777143
156,78992.71723618777,60969.41271543397,116212.41108983423,240686.7154788684,47498.196393185935,182990.0058772512,117722.1130979881,106252.80309292147,56385.46128606413,135780.65161012704,146365.2111630162,94750.32561494094,61526.79,111232.60709137785,115383.83538798495
157,77425.67116755013,60985.72996759922,117954.80801715543,258321.17874278253,47916.6314709051,182650.09861351724,117717.60558012438,107590.94753251526,58997.61366173405,143411.53955953527,146133.4408192549,97787.87807815321,60758.80999999999,112654.27655631982,118074.42860090222
158,78227.08285562052,60836.15515608449,116489.65659394923,243870.11253153931,47952.772456398474,189192.43010551084,118912.341463625,102143.15987495473,58930.200600647855,138843.32108325048,142818.18180804412,98965.46510295209,63065.98,109316.40823445198,116431.73996938144
159,78316.52612437839,62236.71930026793,117673.51513341833,251349.01436221713,47638.008233260654,187019.66184446999,118860.20044617436,100833.60247841595,56992.141111687095,140373.20421762485,142837.9104563066,98985.44321931957,63227.95,109253.55880591714,116926.32891062838
160,77376.77551396251,62334.62281325939,116449.18279772805,255328.7131222076,47465.05673520757,179060.6967529643,119016.74532333337,112020.91609081968,56640.401110809806,139617.68486827178,143894.7964313214,102642.91560506017,61679.38,114235.04944427387,117654.04226374545
161,77342.19078337614,62253.03655243317,116704.16771392142,259205.254615568,42006.142206637,187383.59581707494,120428.45118832828,110586.53863681538,54988.818838350766,136259.57476087677,143023.80550185926,102595.9291694669,61344.37,113645.3531753684,117731.45881539234
162,74253.41656893819,62329.18372920431,118343.35646087863,267050.6362092736,42431.33027126497,186974.90621029853,113336.78551581498,111856.34499769552,53481.15420889331,137024.12043655833,138906.9566533481,101364.14788141004,63259.61,112596.56525675525,117279.36159529822
163,68196.31840865621,62361.818233534796,135629.7148269387,238516.7933264225,40815.86573630495,191469.0785490234,114973.86727399599,107733.94293103895,50984.41887877079,136934.17388647815,140998.4203724449,99054.05313790675,63328.990000000005,111353.90510251747,115639.03879679301
164,70481.29578119023,63025.38648825472,141459.96517259764,245283.5480620316,39415.62139523456,192966.03673407485,115042.33281560174,117044.59239594066,42176.54595461486,136102.6433680432,137926.28186874473,98984.86360153071,64483.5,116043.4626057712,116659.09280315496
165,67534.43821984807,63106.97274908094,138778.57617294538,228762.09741175742,41451.39683761063,204795.42195753657,113803.61817672805,121249.89688745684,41728.19439837006,132506.10100318797,136300.64950658177,98462.51578968427,65365.31999999999,117526.75753209245,115706.65659256569
166,69681.07667003661,64393.31612810767,139917.91353657123,217204.86399597788,40153.26015970752,207737.04490244968,115015.04405880516,121023.66805620662,42359.20630256079,134907.57887636754,136387.07584436756,98355.20236067998,66095.44,118019.35605750588,115594.60424098652
167,70249.93585933656,67140.05357592372,155214.98481836094,224472.02196357306,40580.63669231519,212633.54683677928,115862.8228916063,115508.38488541193,38338.50950896335,138854.98668628317,137823.6351151281,100462.98244985087,65449.5,115685.60388850911,118095.20844029436
168,72358.41184818842,67292.347929466,151068.4443955025,239276.89950159122,40419.62797666562,219849.332845069,114999.32865868567,114154.68307607135,38577.039327233084,140329.65615200505,137286.85491643028,97859.87221673339,64464.53,114577.00586737851,119456.04157030348
169,72505.09880895131,67711.15740170727,152165.28427309607,226202.16840038562,41827.813330119505,212460.41319932646,113877.44400984739,106826.16890173257,35920.74969276582,138904.2883751182,134577.8803793859,97916.88977954349,62818.8,110351.80645578998,116741.27971266497
170,70686.41901087492,66963.28334413358,154172.78456566593,233025.93109913237,42144.45338295422,218966.7046280135,113511.36046442887,107080.68385979513,38600.862129737805,140838.13920184216,133567.71580569563,97888.68483004389,63112.66,110296.022162112,118120.58519352652
171,70716.2334337942,66639.65784285625,148828.21977466092,248869.62040988114,42221.48745583975,224696.3680258407,113736.49270800072,106928.81143211226,38512.455577608256,148838.57867537675,133650.84027766343,96687.0997590516,64281.670000000006,110332.65207005649,120027.15544772382
172,70563.58358844745,66049.51722287993,134834.40473119274,239170.1226817461,41897.281556560934,232848.9601241304,113348.237047685,95287.20456812768,39332.18255627225,158841.49016994535,131851.92187004027,94729.91745956882,63362.23,104317.72080790634,118229.56863138305
173,71546.26696786708,67539.8262539722,126090.04105760984,243722.6157380244,38018.190798709504,251507.8195661912,117679.71806510769,97631.13145727021,37701.838981849876,157895.7317557513,132794.48074110725,94350.92221504984,63865.03,107655.42476118894,119706.54863320921
174,70202.23278266571,66585.26700230544,126011.11715497854,245003.0326878622,38601.63636209825,254107.88635558504,117264.4172976096,100757.5308522653,39815.8061954021,161549.86313829283,131279.33706387866,98353.06151433082,62398.05999999999,109010.97407493746,120794.26570060622
175,68430.0634843434,65301.64316530625,133049.51031783933,232274.87380700136,38507.969932566986,258466.14290001025,112992.14313645093,104364.16247896061,40285.75482913536,161237.58391864828,124327.40304073744,99042.00269710299,60910.59,108678.15280770577,119856.60447567525
176,66823.66237745232,65870.02744906224,133834.70196452996,226326.13809800247,39010.442180706734,267136.72257484257,112573.30944954616,95398.39311979961,40356.73282266288,161061.70251907833,127400.90356408752,100213.32611031264,59849.13,106393.3177799294,119667.17185250694
177,68852.23571288049,65959.77233597108,126440.1393949229,217868.147122643,38341.58383845301,299079.52535093826,111336.17853316513,95012.61849667807,39853.115382539356,159439.18077238544,125740.86988743341,100157.65475656051,59794.77,105746.91664486282,120673.4184653809
178,71536.72635253293,68241.4680970777,130793.09617850931,226883.54929312615,38521.350851071446,260911.68497352782,109802.40421142832,98545.4052774186,39130.56582153516,161340.25178244285,127206.21730079448,100172.0704118898,60116.95,104987.23731165906,119423.73254594622
179,70456.25166593802,67659.486103184,130736.43286379968,231879.43761825288,36998.23966485489,290388.68786274415,111143.69533790347,103265.66773504078,38235.35281308187,159262.40201873606,124319.82938601743,100212.33515086718,59467.0,107204.68153647213,122046.48485170171
180,71554.6150062845,69519.65285002181,128188.60739167729,231324.7410880405,39009.941959454234,282360.4693162573,112232.19998958881,108304.54031041732,38000.16158233654,160996.3012423475,125772.25824936564,101308.00909395725,60254.51,110268.37015000306,122380.9581733124
181,75858.62509891251,71532.11395040188,135269.4980405703,224385.15268641087,39696.62068382839,258220.92913594437,111149.54292864559,104475.23066413548,35870.42567290629,161131.32663853595,129490.40680035487,100183.96192523534,58366.8,107812.38679639054,120605.31951882347
182,76869.93032433467,70134.26934824599,136835.8339543294,218818.27984160386,39916.15528602086,247942.67997047855,112392.52143576877,100704.41913543148,36421.915062956155,161265.98253598576,130142.07129285726,98904.00691998546,60246.33,106548.47028560012,119195.67209233319
183,77523.46247472538,69201.46643279956,141621.8603574823,227074.48072522212,41393.871393572736,252741.19062156952,111318.14846171023,100911.59996851977,36362.59383264948,161282.08212388158,127668.23087537626,101662.12751692555,61496.99,106490.13798931788,120730.09289870289
184,77212.19989944807,69786.1679687208,134063.37891317956,231764.5168036738,41266.25244652778,280269.43897657166,110405.43700671007,104186.56171252822,36349.80534484409,163890.53207620693,124348.98898852253,102537.58409494683,62424.98,107295.99935961913,123006.73868599
185,75013.08806492158,70683.61683780921,136671.9150796337,233803.23015207276,41707.94781248836,263450.0360989589,111114.33555938571,106909.281967962,38019.02365874566,162806.58113377934,119952.18319196887,101231.78000604882,63076.36,109011.80876367385,121780.25163031457
186,75213.44098693917,73430.35428562526,135401.0378782891,235267.33942757628,40843.815598788584,258655.76545531573,110423.46707816496,102059.56534273695,38256.1010971319,161047.3976393414,117229.25827184349,101301.20325927522,63575.39,106241.51621045097,120760.72886008566
187,75351.77990928465,74042.25124182191,136746.79160264286,235119.84263406138,41280.50875222413,264018.90376487543,113599.43979998214,102255.19099210615,38606.69051134823,159252.0032685214,120155.74321964775,102180.57693170824,63869.77,107927.31539604414,121884.14355235202
188,74402.48868353461,72309.90297027852,129188.31015834009,226522.49885992103,42280.13839769579,270079.99441154086,112491.4431791564,102526.70771788042,40794.89885764676,159644.83321317908,116135.39139966726,101255.14234240928,63508.83999999999,107509.07544851842,120635.97918260419
189,74472.85072162413,73150.24145678859,133838.74934415208,229702.2763593768,41883.21283383427,290284.10101236444,115009.31829287014,98476.04408347982,41202.489466771454,159415.3217109792,117205.42292796992,101506.0794502874,62333.14,108257.69887157877,123012.17563837483
190,74039.9453008361,73294.37718424824,132080.16289834242,227455.43870111025,41797.1122507471,296147.79575673677,112501.92011256937,101981.80858562728,40771.86826235122,159366.02002214416,119722.33205771426,103820.90462284167,63094.04,108161.41236770552,123581.64047960572
191,73556.95164954368,77623.88809209297,130847.73580340792,210453.49236153296,39815.61081426766,285439.1858353167,112661.75425952082,100902.00074037813,39326.52393334951,159775.05512576585,118744.97977559024,108431.66129776835,63908.97,110546.70777864459,121464.9033073779
192,75573.59921580415,79649.94690261075,130979.27564112669,211679.6160131444,39901.02359313263,265608.6710018404,112430.1653011712,103182.97595155107,37691.521426054096,161241.54283370462,118465.22919416134,109876.4708205774,63865.60999999999,111153.3180608743,120523.3364912399
193,75869.35829116344,84156.22804224561,135378.77729036746,214822.2930921455,38552.30204107011,278122.3463161871,113218.85910251543,99623.88909119992,36451.3587642308,160106.86499302174,118977.01839594924,109830.04530542492,63819.99,111524.45220397017,122092.44506046012
194,75052.44310317504,79361.67544769144,133970.28918187084,212029.80778670427,38849.5585203703,267053.335761702,112433.45457096364,98266.09482095882,37505.61680096579,165102.54072432374,122425.87915282031,111060.40559503164,62157.149999999994,111746.93008299764,121092.59178888147
195,73927.8430706596,78640.99681039318,133907.55479772805,198612.124018369,39032.827081756266,248393.5340957639,112597.43076135742,98624.21524137768,38668.01112175429,159422.18383041018,125817.0810778448,112320.58815474236,64594.36,112459.0094580499,118330.36583851305
196,74395.333222034,79054.36719857935,135137.9582028515,184225.30487669358,39806.35672109635,256874.2556593214,112343.91333772484,95320.36553807154,39408.70600026405,159550.29432163356,133102.0908153754,109887.56769663176,64648.57,111115.74051717829,118258.8761325231
197,73573.64772637848,75391.14408748208,134184.80030184306,174134.89540132898,41778.10384315198,223467.4725338795,111141.74614098943,94882.77313795971,39890.6509145935,159566.2355529271,133863.2534330668,111300.87218801433,63902.48,111221.30916450187,114431.2996051346
198,74664.85560522432,75826.2708118886,136785.24170905296,195813.30449480133,45814.826823198564,227932.4359324083,111271.48956058036,95148.3016305045,39408.215586277416,159303.20523658348,132677.47087118236,112147.95554040374,63846.17,111709.72255049205,117232.79781684215
199,75352.97248620144,75576.07294535484,136518.11465399328,207855.5580414028,45977.8989515147,250241.70623107688,111306.453280226,95194.1913575139,40862.57598780269,157430.21613065907,131792.3851020097,109985.41091886009,64590.77999999999,110645.93209954305,119841.1296738846
200,75050.05794934148,74996.81049348868,135728.87562768054,205073.93139560678,46796.32344826697,247540.11481890452,112060.79248596024,93011.91667394151,44215.253483294706,157536.84290951001,137862.24630853717,109963.44153492767,64572.22,111012.11701044395,119986.38392745504
201,74773.38010465053,75769.16042931023,135222.95317491595,251886.51801465786,45819.64145275391,258678.61438434015,111371.38590242501,89289.52256868545,43922.58950573078,157529.29457813592,138103.7777931229,109819.57479052947,65260.24,110595.48034647724,124348.86772493819
202,74206.90606918412,75777.31905539286,134895.1154255245,239683.19434998502,46382.39036182033,249230.93556670932,113898.76335109472,96301.29230597452,43653.559709907495,157558.69612062103,140469.5852883716,109841.24501689342,66154.98,111870.00418399407,123491.58355178991
203,73939.7688398273,75214.37385569194,132250.15284247132,255143.2110199343,46343.18552115537,243195.99163263876,116313.57467797851,97299.2208415892,42750.16056029264,157498.99568157134,139451.599420025,112087.45092218652,66037.6,114200.5128000825,124290.6404846135
204,73954.07976282857,75121.90942675556,132353.36102283528,250751.78808172746,48223.70479228567,232888.06241503812,116702.31763752275,99822.13271188049,42285.68192871804,158309.67591404286,136273.5535702129,110989.49590263705,65248.23,113845.90677007989,123139.6469305404
205,72028.06804224275,78434.31161630008,134035.04725582473,249276.82014657866,52026.63686444345,230128.05312247353,116342.08168284637,102774.87334322234,42758.17694276652,153992.61100893264,134770.97761975403,110899.72993475666,63939.7,113620.90580880152,123122.28229834512
206,71862.29985081153,78439.75070035516,132399.90588848962,229864.25136575202,51470.32830400301,233081.2183098835,117765.72637893978,104898.77027571393,40819.09890167967,154027.7133890989,135445.56944303005,109809.14167033008,64400.22,113787.43402463493,121656.98120650726
207,70966.67458631619,79416.06628824225,132298.72139793672,225477.35286906405,49596.56201978149,230797.03207535253,120570.37708863198,112778.65328152357,39856.66145290427,155618.35267320467,139751.0167397323,110068.38040073245,65296.7,116674.51518507778,122266.32090611853
208,70570.73904994808,80280.88065300017,132389.78743943432,239978.18793701474,51289.49832122299,222438.7996158433,136364.59785830718,117151.05656260243,43069.02396198883,154039.27342106344,141106.3707480317,111342.87578035827,63932.13,124770.42200101838,125001.75761240127
209,70358.46035876276,80302.6369892205,132341.21888396895,251167.13181315892,51281.24467055668,224792.71041729403,133627.8035661851,119856.53431733043,45058.70895408136,154217.68852626946,140596.4388457664,110085.65675030994,63765.92,126098.87660064969,126140.51950774206
210,69691.80986228756,79271.9305607826,132794.525401646,245253.68674800714,51392.91906517808,224135.74481885057,136804.2635872308,120390.38982347705,45222.243156548444,154938.47499419487,137957.58768403152,109979.04447185669,63856.58,126592.45761256153,125652.71834784096
211,67035.94106863762,78314.6517670883,132308.839846992,246114.23552489455,50946.09643137935,225326.71579975064,135288.641161756,124624.55218266665,44662.98259101801,154051.25573730064,136436.23237173285,109842.33881175306,64626.280000000006,128466.69601482933,125412.7069412475
212,69411.55428684627,77593.97312979001,127615.9031751478,258199.01882177326,48058.25661302014,235939.92555359463,138033.47589114853,125597.895861254,43944.771307587915,154031.4611620189,133354.8486437423,108557.16724640348,63009.37,126606.8995182009,126694.85430769391
213,71416.27608393901,76721.00013894947,124288.95712576793,246691.55426270128,47435.79379193612,244383.66482996833,142316.47063533444,121169.31151766592,43898.67239284401,154469.79223705755,134354.6329767673,106087.59347289895,62583.80000000001,122729.13432171693,126102.80995548586
214,70449.0962044374,76729.15876503209,112707.38033708125,243286.45957560616,47090.95376599152,246973.60271268126,135189.96306798264,118406.5393103308,43500.43737361825,153946.52923767676,127701.2701702175,105022.19053626554,63193.43,115556.95982370603,123416.96508807676
215,69734.74263129133,77305.7016748707,114941.53388848962,251820.4611684825,46372.260881457136,255033.38575905748,136717.7679741702,115683.7287800242,43188.43976773498,154035.261720473,125014.85150404225,106698.52931970006,63456.08,115312.6313342569,124712.22208914945
216,70152.14455216132,77580.37541965231,116386.44841358525,257761.05288274746,43780.98973817594,258500.5340715315,136593.8721453214,119736.07754538381,42689.46239840809,153182.51141733606,120619.20136052488,107493.08247280598,64022.83000000001,118061.26297948454,125372.97936813615
217,69204.04590332803,76780.83006355536,116485.60921432711,292803.7573346326,43882.90981837352,276997.3310066976,141825.15118818873,123048.44317835793,43705.18521303925,153136.32407501203,113045.77364379313,106282.19547116998,64573.41,114765.69142906013,129766.46300920624
218,69409.16913301274,75761.0018032276,119045.57682531585,293854.3326553122,43254.56939757258,267260.38945873745,143230.0348639845,128429.1566054241,43394.8663319564,153467.60608692706,115951.41556362133,107350.74891094606,64230.79,117498.49619446858,130034.07230300315
219,69807.48982321439,75850.74669013647,120130.27456404312,303425.33624431153,41977.50453993118,280827.94217983796,141532.28435185392,133043.0451712573,43697.131106412555,153888.25400804737,113603.52069043517,109803.14917028724,64685.74,116866.89762723914,132298.889878314
220,70183.15155199738,73093.13107421022,119373.4145747073,310305.20201789215,39079.97293480472,278904.39213434147,143141.3464043956,132691.15371706203,44854.583563181855,157398.43923914016,128292.94388813933,109107.2899687449,64662.45,123833.17923142332,133868.75175571805
221,70201.04020574894,72108.6568602405,118776.4260804451,302257.1254441415,41011.264663064125,279623.0733967478,141994.73131971038,138986.47197214354,43679.51392704644,155820.89076748735,124800.60168577764,108675.72713024635,64785.0,121788.51388311137,133161.29362106664
222,70336.99397426088,71727.92097638482,120514.7756281442,310002.0644361285,38209.8380660749,266524.9837225091,144801.94035035226,136614.52978080706,45141.494607440996,155666.33472368759,125773.5377223701,111149.95654340975,63848.38,123144.15667525715,133038.6975442975
223,68339.42763866877,72881.00679606205,119256.04056566593,326214.9481748163,39914.71714991992,270684.9021407639,138362.7683448145,137640.8347181069,45386.62615245393,155068.0106948385,121475.33389380606,111045.6533874379,63690.28,120365.687229736,133855.85580477954
224,67788.45710312038,73229.10817558726,119001.05564947258,347163.11240714445,39463.70516313145,268079.8886760142,141260.9805063807,133248.6010566351,45806.89207692555,155559.9718725071,121805.27283566838,112329.85269069004,63208.299999999996,120403.16424257048,135394.7415177731
225,65589.34526859391,72233.75579350739,118242.1719703257,368068.7468891953,39071.21906288591,255447.49315312837,143118.44334065562,143454.0851524078,46123.86927098083,154214.310252088,124761.59839580268,115111.14865051035,63283.51,121501.88518306418,137119.6822666735
226,60301.45921962948,72367.01335285688,115123.66597148486,385896.85625011666,38569.49714662491,236721.73581577966,143235.15150588384,141260.37565161337,45778.69327269392,155550.78718957637,121538.17252765463,110968.9101224587,62953.07,118330.91924956975,135609.3598355311
227,59816.08041450352,71594.66341703532,114741.18859719485,376841.6389942675,39461.14152921237,243454.63208695603,144818.99582335012,141634.053441779,45263.23044858547,154004.75168177212,118732.74223540233,109802.86871006683,63052.88,116736.9654162986,135013.8322816771
228,62518.45970790753,69968.37728456601,116736.54675089834,391067.3880178714,39304.947443118166,244343.14920324465,144802.5494743879,138248.92626132377,45050.69257160749,152177.05256409233,121569.95298615274,109828.4653795166,62812.009999999995,119153.24986852554,136301.37563705724
229,59516.7436083939,69938.46232226306,115279.49008693635,390708.1473612738,40898.58982593771,240633.84935430594,150063.67559500152,134521.83786268183,44090.895813529365,140542.962495241,122820.16320481064,109924.2144987658,64439.34,119049.82664587349,134911.5860024284
230,56528.14585496475,68323.05435790391,116032.30269665006,371900.9488556708,39956.735735130205,243847.06833184912,146578.99881192294,135141.48458961782,43873.51038291425,137292.69323398083,121739.9165291336,108691.38615921946,64572.95,118886.10961289183,132492.18712824647
231,58436.268921799005,61494.28432674933,116200.26895096789,376108.6794682119,40621.52977970734,254869.67436037757,143215.65953674345,140462.13513464414,39463.33057354487,137335.60787319162,121873.99291800523,105939.72549602285,69216.29,119037.13093448656,133001.76311166375
232,61680.078135417236,63920.11581531559,116914.63145427147,372866.46467579587,39279.99890814955,253946.29496062905,144678.77547034624,147411.97630918873,39843.552309799925,138141.16790885694,121946.03550282144,106906.78038203123,72603.77,119430.33347854645,133961.3226527186
233,62022.34771053064,63683.515658919554,116807.37589428539,362981.4648453876,40402.370343454255,237924.9557070846,142636.26075404446,147748.88213449833,40727.25945164365,137464.72128956259,126065.31947737331,104906.69701749916,78456.69,121436.34768582936,131947.5975236903
234,61552.47240532269,62946.519769456034,117983.13967451025,368025.3122506142,39898.52248687011,238335.2942056463,141739.75199839225,148595.47989166697,39921.660168210095,137142.5711750442,124432.50555705623,108875.92898425163,76838.23,121207.82261578324,132454.0965472534
235,59267.495032788676,62201.3652539099,117904.21577187897,374773.06433184404,40780.725193316575,244844.88341790394,141673.84477773623,149116.75709886933,40608.14543912005,139296.27375123053,132345.53017316788,107481.03203200221,77625.38,125124.87297252342,134191.11102281403
236,60610.336641073285,68282.2612274908,116629.29119091225,381707.223403651,41798.80049747431,238262.03629918664,143185.4469845758,144394.2678610513,40475.75252480443,137384.27613561763,131761.12056004562,106125.46495132882,78662.62,124195.20587547893,134218.02318976764
237,60002.122413519864,60409.18705776061,116503.82242262665,394166.63045829145,42091.61751315853,237658.07079384095,138324.3935305693,147370.6906006924,40767.0584328669,137279.074566187,133211.83658050076,102728.43727493833,78581.06,124857.82950156371,134209.41180374604
238,61117.181830701134,61632.980970153905,116716.30985278774,391384.0989241918,41782.66836208107,243566.75672835408,139887.52763082387,142261.43371615195,38140.38225836194,137257.06299847373,130178.51563682329,104815.61288658284,78547.73,123447.41274480551,134061.71098295724
239,60939.48787010219,61622.102802043744,115251.15842958154,394733.9954247566,42226.36461305166,238584.27686522133,138155.7879975047,147382.18560116296,37699.91505005615,137341.36149640684,122865.48131316251,103816.68837086145,80272.57,119058.31987137202,133384.90048615928
240,60392.095065304115,63468.67183874384,115431.26682276573,393778.4333759732,44312.78745724371,228800.69523533506,139935.89207925354,147117.10848298218,37205.709786060776,137351.1268202125,121694.37141750676,104929.81628833528,77606.01,118562.81912013624,132868.16455580972
241,60685.46898682988,62331.903271231844,116317.64296000927,414768.2224702749,44091.18944238467,222890.3604090367,139905.6795270859,147524.69953369835,38081.098752208076,145497.2015822866,122389.68244879066,101333.17572440239,78290.81,119353.66270439996,134651.36042568658
242,59748.10353024755,62130.65716119384,116517.98825130404,413632.5876490406,43371.496115345275,225366.0536466277,141960.985848136,142758.0658830785,37343.66701291708,143751.21447136978,121777.37206950638,101361.58634473028,78493.48,119147.6801604052,134143.3148319581
243,57060.035159844796,62476.0389986915,115435.31420238785,428060.1267643857,43845.393224435764,226255.04187485494,141834.77534795183,141541.88279664476,37769.98766391603,137226.39460317054,121521.70447188742,101492.76693849175,78543.99,118478.50933713763,134543.28850388856
244,56670.062508060546,62000.11914387189,115293.65591561377,442440.6116879347,44833.39272578672,230160.7954022095,146235.20920620876,145785.25319286052,37831.34599847491,135806.5165218285,118663.27923325643,101523.43058925698,77225.02,116978.4675744351,136436.9726771136
245,56547.227085633094,62307.42739298399,115427.21944314361,410845.531673422,45379.321695237704,244284.26021091378,138577.78912939475,148965.1254041806,37633.86005847141,136260.31375835394,121843.07919928434,103732.59704810743,76882.88,118635.14932121398,135150.3126749272
246,56703.454661730146,61665.61547448438,120662.50498435146,415253.2426010968,45316.356345078835,250128.4038098322,130662.58776069872,149384.39200511295,37240.397144577146,137140.1430404763,118815.10315089973,104620.04797488838,,119738.80406762559,135632.68741276892
247,58226.37538444724,62924.76343323571,121992.06919021676,392762.24381083687,45850.02989384349,249397.70919299044,127631.95203378478,149773.7174398982,37536.6637787352,135722.58752263398,120038.54761977059,103675.51404457923,,121015.30840499367,133794.3477787477
248,56949.12550658506,68331.21298398654,122218.72244905529,402465.36109218706,43234.68560278557,249258.9667270588,123107.37869706478,155972.20084808383,37235.66276339845,135690.12441917192,115891.73433896122,103649.17882988238,,119055.22839400826,134500.36285485173
249,57192.411197606416,65410.42484640788,123264.97008137243,414100.4149020909,40460.8337023406,243862.85058179384,124648.70615684347,157987.8582080818,35551.10958137627,135647.89599190422,110861.27985527458,102777.79827373114,,117063.12496832351,134313.8794482353
250,56882.34119924586,65312.52133341641,124572.2736993161,417710.01434583846,39993.00177593672,246876.3180973506,126176.51106303102,140801.14737365252,36365.9512822503,138301.68871800826,111242.06753073387,103812.59365164342,,117907.17061502498,134003.86917253528
251,55793.51847423356,66155.579361954,126249.91255268343,390072.91577202565,38607.82660009799,244834.51895525368,123153.7939485804,139859.09898430438,36361.78276336388,136385.3626886004,113276.14069458179,104863.06675587682,,118214.96732158109,131301.12646262965
252,56520.99039346412,64858.35781481712,126211.46244627332,389980.6171650409,39035.078077392536,243563.22338881422,124753.96279020177,139417.35394004348,40293.99755652614,136543.66650532017,117916.25272859834,103870.83589074932,,121335.10775940005,131913.81655810346
253,56906.19273758128,65190.141942177084,126310.62324701517,386171.9422944634,39400.61475765946,237820.13330073562,126094.88844225553,134546.7838192004,40832.340079318856,135927.87046468904,118801.29722444827,106228.79584520322,,122448.0928333519,131185.9686795623
254,56976.5547756708,65309.80179138887,121992.06919021676,380710.9413811978,39172.51386651786,238140.01830707706,126150.19690469146,136027.50237457812,40804.084688858,132550.49363735312,118656.73741160455,107503.14164604482,,120324.40330091066,130332.83799793325
255,56501.90916279578,64080.56879494049,122894.63484594875,377042.52419770486,39446.94775117259,244414.05155001103,127369.78504884613,139040.666987451,42192.559857486216,136734.06392676337,120095.60798843764,108582.94154065949,,121495.1214171932,131533.02180435145
256,56961.051275752776,62301.98830892891,123285.20697948303,353706.3597317218,40451.32949854304,243054.89360701392,125923.96823785546,135672.24065846475,38056.16308719522,138743.23971062605,124509.78985385846,108520.53914161745,,123897.49841667074,129265.56417425508
257,56704.647238646925,62734.39549130787,123396.50991909122,300004.8584560523,40779.41211252876,243939.87738376268,129881.32527258922,141014.79790595852,38111.65531599084,140423.24490393707,124119.13785426793,108253.5223144356,,123757.82388667957,125780.28201404739
258,56101.20331876059,62348.22052339709,122876.42163764925,336705.31828044826,40833.81117373851,242929.57783133377,131706.01723374682,144928.24373369498,37198.29699003199,140476.08322355576,121970.4280365518,107538.12438420444,,122423.42483710052,128800.9788639261
259,55266.399477020605,62040.912274284994,123119.26441497623,335569.683459214,40490.221700925176,241562.64654134892,133763.02910209677,143921.58862704245,37191.20484930216,140401.07497962154,119954.9691412528,109130.0165952724,,121537.11677811452,128534.25093019649
260,53979.608983824255,63128.72908530126,122149.91699547932,335811.28863632126,39035.20313270566,240804.39187609623,133567.98758588545,142224.99275916288,38017.36379602166,139717.60788429395,124317.10534671761,108721.18973197539,,123233.51117109846,128456.28215114873
261,50826.43561588065,63539.379931459895,123315.5623266489,364805.7196657924,39541.55209555232,239149.14007965935,133287.30323026338,144491.88509017817,36708.543176069164,141654.5202719948,125274.89407387005,109417.84357080894,,124295.22820025947,131001.06492734817
262,47096.05502021968,62935.64160134587,123309.49125721573,355371.3542106627,39918.71891993994,241090.5923788244,135035.36738773767,142323.5729202663,36793.196174993296,143677.78979345807,130121.53781480166,108139.98266853814,,126715.5145360087,130484.44167900029
263,49155.63535548391,62476.0389986915,123372.22564135853,357354.86937253154,40473.714399592565,238619.37470465055,132259.95463175612,128792.81388470835,35546.167717357086,143251.75774786115,130229.67392034073,108466.11116150916,,126082.51976303343,129166.52812798676
264,47729.3133630253,61722.725857062745,120571.43894285381,328769.4478563654,42137.887979015104,235677.7517597375,127697.00648079094,122627.70208783644,34830.540538395035,140406.6702462345,130332.89850047552,107593.30960690783,,121599.57051534513,125008.05776822502
265,47698.30636318924,62383.57456975512,120589.65215115334,325547.14060663234,41814.369883958476,235874.4409941227,127747.1983013275,131162.22837960627,36450.64200532725,140466.15954314786,131307.03146342703,105071.99092273698,,124168.42522624042,125509.39459869867
266,52419.718376687255,62329.18372920431,121925.28742645183,339977.39438688883,41834.62884468487,228239.83647237555,124709.00943637166,134469.62889457608,36365.68721318057,140368.98137489808,130340.9261617455,104855.82153351614,,123317.14843141174,126486.34198754838
267,50518.750771353625,63678.07657486448,121955.64277361771,332690.32887661067,41282.13447129477,205205.05378819036,130379.71055854835,128514.91773458921,35561.257378484384,139444.12603220157,133026.23044820718,106031.12748185567,,125235.28025410346,124023.94640748482
268,48789.51424203509,63795.01688204872,121012.60332166453,355926.05074087513,39977.119751169725,198495.477557977,130461.57682893812,128377.63974467652,35496.31524940778,138851.97791084036,130194.36459274964,102451.83805689236,,124695.12153317052,124485.79123993957
269,48293.40224465817,63765.10191974577,122121.5853381245,352786.08832678536,40386.61337400039,191233.5225796998,130594.60951832151,129916.43513489235,36108.10669773762,137959.057816265,134050.2009483489,102479.97756567386,,126019.01023650842,124141.2251220211
270,47803.25313186512,63169.52221571437,121977.90336153934,377935.6489535282,41783.731332242634,193399.93082956894,130589.12740200074,129543.29899396354,35953.286774571556,138839.36216819414,136000.2622637904,102489.41037775377,,125760.60117775144,126623.7281503944
271,44749.06364801356,64994.33491619415,122034.56667624897,377425.2919502006,41383.304219613594,192856.97432027807,132140.20084634965,124862.60702225436,36776.182582072266,142295.3894413161,135413.6445279024,104756.69754294794,,123448.58684925167,126640.68814111594
272,44435.415918902676,64529.2932294847,122129.68009736872,377265.1267204329,41269.69146763874,189811.9423048319,131472.2354288689,124074.89857377911,36777.578375726545,142064.66387183228,135299.11105734098,106585.79365976778,,123102.2893355739,126309.61922549793
273,46535.54386933712,64510.25643529192,122398.83084223948,390860.1685963076,41330.09318387854,194084.69203239263,130774.78840806325,131479.69501563843,36624.399453208076,142200.16433782747,130792.12612577336,106294.24591197375,,126586.80962515136,128157.08368432765
274,45705.510335264225,64610.87949031092,123673.7554232062,392835.5397634425,40999.88462956967,196050.17104042872,129135.0265041254,144312.2080016712,36370.32728397721,147106.79087312872,125705.72565313321,110071.03542415237,,124689.7405381697,129714.73786853418
275,44800.34445543473,64564.64727584273,123212.35414628491,395737.51655364013,40860.19784480807,196016.48653681544,128853.97667408198,144658.17140588563,35896.32330381601,145362.3345427004,125518.50986125338,112396.18153281785,,124365.43200376915,129823.0870111151
276,42691.86846658288,65190.141942177084,123467.33906247826,387488.5547764521,40412.43729616089,194167.37217762525,128959.96425628303,144444.67133170096,36893.44811110778,144658.06994694346,125714.22795761454,114451.75862629575,,124590.7835100464,129044.98782928515
277,39211.9290234439,65029.68896255218,123236.63842401761,381290.06989561196,40884.39604789793,192481.49810517623,129810.05776041957,147820.56038350577,38281.28196913807,146855.0038755451,128393.05233240842,114083.78546843902,,125814.84537821301,128948.16352067968
278,38614.44798814143,65247.25232475543,123443.05478474557,390829.4023939793,41245.05557095294,191572.0165076178,130612.51776496925,154511.94459720867,38013.32731167011,145022.07898999096,127666.20848256275,115133.7070009056,,125554.63163365416,130159.251143125
279,39160.64821602273,67047.58914698735,123449.12585417874,393953.98170690495,40937.29444535017,185227.78758582537,129071.0684803834,165931.8664652075,37629.33316013322,147221.96890850135,129188.63690125226,116552.1719603438,,126260.09716728107,131280.95606925755
280,39711.61875157112,66313.31279955138,124746.3110230671,395342.0803648916,40874.07898456504,193808.62043634534,129439.10122271597,161892.5774647804,36791.40427773444,147265.88647285977,129794.88010209598,113770.7544677613,,127092.70612289154,131645.8855306616
281,42402.07227580742,66131.10348370615,124999.2722494494,415253.2426010968,41379.67761553294,193242.57944206079,132247.6503262362,162584.8653727004,36617.326174554655,147125.84645093328,128540.41873119742,115083.96270647824,,126769.84549032341,133800.66811914614
282,42978.08692660801,66672.29234718674,124220.15167219195,432792.6925931148,41324.090528848494,202729.831662538,134994.67790215704,165409.6564176528,36647.44891058002,145421.982196216,125399.82842175812,113668.56411211658,,124809.99004697503,136021.60864091403
283,42993.59042652604,66827.30624275656,124974.98797171669,434514.6950351934,40945.423040703354,202314.54648862046,138162.61018670382,165255.25629353136,36028.357838679854,144974.73036591706,124347.54442222715,106321.62817816016,,124661.26619697192,135638.38970756132
284,43244.03157904804,67594.21709452302,129170.09695004055,434341.86136917287,38828.54922776515,195863.13960078583,138312.45469947078,171755.7091512509,35927.38914366182,141589.11899526397,128754.6272761393,103718.37771493245,,128962.36211308993,135758.29773350456
285,45131.88083829718,66870.8189151972,128787.61957575053,480209.7445990857,38950.60321337601,196158.9978982562,141615.36887031497,168920.29576293172,36057.68836749603,140699.84110254046,130182.1889625458,107430.87639591825,,129484.90426914816,140084.6603751425
286,46623.794561178205,67713.87694373481,128803.80909423903,504639.01413602586,38957.66883856762,194921.15127946073,139583.4529122333,172965.90400445522,36459.79011238567,141922.1429298038,129245.71790658071,107775.47786874052,,129024.76350040987,142467.65004895048
287,48104.975091808294,68921.35360396285,129208.54705645068,516964.49772170803,38989.30783278846,196005.17985028788,138461.93373781638,172982.36412293007,36067.06281947137,141987.9664908073,136333.68880142298,106059.8933517961,,132771.11792893684,144173.89754010417
288,47140.180366140215,69122.59971400087,129255.09192210501,513817.29620118794,40408.62310911055,191615.829917912,139757.90603604008,184347.24841014197,35945.83625438995,143379.49874034594,137835.0884621842,103710.5435261089,,133545.09019214462,144694.64522163896
289,45786.605565604674,71358.06326063928,129346.15796360264,515735.6594051852,40453.392911209616,188376.4642277739,138319.5205382842,183294.31238536452,36339.33689243703,150473.55780811363,139543.10237650597,101229.00344986671,,133832.83925094342,145021.26473204893
290,45712.66579676485,73318.85306249611,129174.14432966267,503973.0163444494,40447.32772852301,189595.7019249928,138297.1047737727,184091.6501536057,36800.42035025799,150369.6758770351,139041.09495220383,100026.21239992665,,133735.6245517177,144237.3223078076
291,46704.88979151866,71450.52768957567,128710.71936293032,501203.15324660245,40070.223431791936,187259.92893318005,139814.67639616155,185750.2703916585,36393.56536211325,148909.6280042547,141120.8164109854,100195.41405090224,,134262.69787954594,143965.31775597288
292,46345.92413957047,71616.41975325564,126571.6792326417,514971.0287884976,40209.40999530103,187127.31092245085,143029.99853068092,193481.16976571502,36002.49793192295,151022.2634349232,141137.84165660938,101571.57626042802,,133854.76044462554,146090.5933676664
293,45527.81637466528,73264.46222194529,126854.99580618988,540048.1983509386,40325.21121525559,193647.97126526668,144949.95749101232,198850.59883368056,35921.07034806477,156219.52712089434,142663.09729790554,103670.81166155031,,134759.04655204772,150161.97649894742
294,45978.610449204876,73136.64374665088,127646.25852231366,548515.2382093358,40696.500439926305,193696.73135091667,157132.07272935347,187769.38828844737,36119.10328828413,157677.5691433796,139495.88569530874,101763.61672201926,,133571.0721088112,150802.30154876172
295,45641.111181758555,74866.27247616675,132130.75514361885,535439.6022198264,40261.87069915734,189307.61697451008,159287.03174263402,182926.02099594293,36210.99932454937,157867.70263715237,139544.79458273767,100246.40171897341,,135837.77486317826,149477.5149747523
296,42592.88458249084,75755.56271917254,131782.68049611684,532679.692893321,40186.149707059616,175161.7743487201,157319.43928271576,183642.74330276894,36810.20976791432,174553.20996129906,137190.1927946087,102636.24065181434,,134486.43664536276,149192.5650423335
297,42750.30473550467,75962.24791326562,131052.1284743248,498938.2178222606,40330.15090012406,175894.3534133165,159016.82432042496,183393.7351119475,36423.329718686844,179196.9117513249,140714.2741821458,103687.55513670898,,135883.2013282353,147280.00279000294
298,41382.41901196787,78309.2126830332,132464.6639624435,514657.03254708875,40258.24409507669,203108.1345492717,158727.73405311108,189723.32772707078,37912.924478944355,182425.0638738036,137149.4353884179,104157.62516347032,,134807.0496754307,151689.65146114165
299,42194.563892289196,77686.43755872641,135566.98044279584,532293.3055876103,40288.57000850971,217182.83927232595,158656.7101905557,181459.23486260153,39291.66681614546,180773.2989412278,137971.51743045115,107247.77326668418,,136769.2489366235,154217.74152249363
300,41913.11573993114,80310.79561530313,137708.04426289556,520601.2438145688,40281.62943863123,225408.68927707526,166434.37135200467,176203.55213437078,38147.530985321,178843.882099367,139985.07775290482,106412.28227007185,,138846.5610079002,154354.18456187044
301,42447.39019864474,82170.96236214094,138620.72836768287,519991.3490978263,40190.839281301836,222411.47512340182,161204.31055720858,181945.87661027093,38946.73602485186,180190.38828833142,144351.05237738302,105814.16345534365,,141485.89037253294,154857.105978699
302,39913.16425050549,85214.12989095892,144562.28165295004,558890.6875003887,39293.880047906525,222382.73729514432,164315.83795605524,187624.31656784916,39136.356478992755,182861.0195998084,149649.84536876518,103606.17492941896,,147106.0635108576,159787.53596156198
303,41272.70193562489,88784.88857311981,141342.5911635563,551674.2032778049,39362.66047012575,216108.23294027164,165695.74754638984,185570.05165391476,38923.8563261676,182193.4409502403,149499.96129728993,100565.10736477752,,145421.27623042313,158416.12029160696
304,40282.86309470462,84634.86743909276,141761.49495444534,577833.6192515575,39471.45859254526,215257.64033504418,168091.06690413324,184994.09796541661,38532.48710275475,182871.04885128452,144860.09690320972,102534.42424313017,,143310.79592882755,160093.7638031099
305,38620.41087272528,88942.62201071717,146557.63980665355,599542.7945473582,39785.722594430576,217269.99498097564,167772.982332723,183467.67023277507,38542.29538248749,186489.86671152344,142912.5738971158,102620.28246527282,,144735.1068518847,162710.4046528965
306,38737.28341056888,98730.253767836,147650.43230462502,640422.0285585744,39825.86534994398,219705.40814781233,166107.51539448125,189635.85137532238,38047.93922188084,183342.8987404669,142853.96577884653,102720.6124347888,,145252.1990417358,167315.00454042893
307,38818.37864090934,108485.25102062433,138887.85542274255,650818.2902806142,39548.99288668331,217096.15467561485,169505.94021411345,189687.45851094276,38077.194302391385,182979.6286948966,141513.3050734372,99236.54860332994,,140200.58024808986,167887.91652719167
308,39120.1006008525,113388.58529628013,141285.92784884662,671432.5507288503,40247.23922752161,222051.31004630603,172041.47992486073,184898.01540912743,39864.73442160737,185093.42540731494,139524.5706546025,94524.95713049053,,140405.24925172457,170289.40805805504
309,40385.42470954696,110562.9811296654,141925.41382914106,671041.6389816207,40049.33919449992,219917.6440761729,190190.69604112007,183438.42117398613,40247.71002101817,184180.71073745785,143300.64631403604,96860.95704968604,,142613.03007158855,171841.79860482927
310,41736.614356248974,101253.98876939372,143507.93926138864,643553.8469779304,40350.22227788077,219915.75962841834,190688.10672862214,185045.94583403112,39771.25397092377,185093.37262178084,156458.56096205124,94583.35829705466,,149983.25011171994,170163.24747381036
311,40820.71528416853,104691.4898922051,143242.83589614002,640967.6762057492,40807.73714095177,217152.9236642218,180469.44190675698,189674.88021199856,38864.89347531269,187013.34085304054,156561.31089897468,96823.7119324151,,149902.07339755737,169757.57978016126
312,41235.73205120498,104280.83904604647,143429.01535875737,666165.195912592,40294.44760822663,207735.39601066444,188583.70501029957,199262.7638112855,34978.19287252563,189047.43140899116,158110.54634077402,95652.49135461959,,150769.7808497657,172397.97973216564
313,43635.19680774905,103421.46376534362,145396.04185510604,647220.4543848155,39615.70989623596,207467.80442951282,186541.6775932263,202607.08674923272,29668.14112182991,193565.4508423615,158335.87804619022,97837.08014948777,,151865.95995064813,171275.99880342427
314,43724.640076506905,91178.0855573556,143995.64850585372,601851.1646102812,39918.78144759651,212954.1385110287,186427.52774894773,194472.2675026208,33434.23760805704,196804.10728612304,165764.53958346465,99004.9912966824,,154880.09404465917,167460.8441445432
315,43919.03011394065,84863.3089694062,144991.3038928944,577256.3005137509,39600.89084163054,205242.7427432821,191392.49776343408,196098.7197943306,31747.477563094995,194046.27427233828,183626.64309902667,96197.03291857477,,164308.97349596053,165748.51854047537
316,50325.55331083666,89119.39224250731,142065.04842610407,561458.7605064944,39781.4707137843,206502.4960672247,197788.17831282728,192270.64390464374,31650.941456033113,195947.18692579342,182002.8061264022,95096.66594112977,,162033.92727625312,165334.0953278151
317,49769.81246762118,91009.47395164808,141686.6184314362,585631.0417651632,39821.11324804521,205849.29936429037,198317.01980056832,194007.95374015858,30897.043124036954,193248.84320892202,185826.49056359884,93272.12262855464,,163756.55449751753,167444.73602450363
318,47463.36871058527,90492.76096641536,143054.6327437116,596913.1891365959,34796.515821960784,203184.69023930182,195405.52873502517,194832.1332372472,30982.959882080504,187449.1910079772,180373.62425848492,88477.72994997511,,161714.12850109825,166118.86039078006
319,44960.1497622821,87735.14535048913,144036.12230207486,654835.0894610592,34737.92740776131,199799.75096012172,194946.9801609968,192141.82166115055,31700.47326868346,198562.1822843452,188194.65063824292,89300.19824368622,,166115.38647015888,171745.87429174111
320,46480.68533116564,90054.9146999813,149437.35040778952,706537.6924736957,34476.37422035855,199911.87560151977,204345.03308205033,182256.18143972722,31311.91449465557,190983.55201368075,186670.4061933535,88009.02482961978,,165846.7659237584,175872.91706563314
321,46271.984370730635,91178.0855573556,149765.1881571809,698968.3018126406,34707.22632838891,200662.59247575406,214693.56314831358,180707.4558135028,31402.037495738354,192377.93468205995,184330.8691680191,86103.71832223954,,165236.32198534184,175930.74644432703
322,44688.24222525821,91178.0855573556,150892.38338194042,703554.2757361585,34966.40346484228,193486.61542628004,216559.91919350877,171002.51579581155,31323.835326946137,192621.32877972408,187229.53589630683,87056.30146087456,,160947.44958887598,175379.95352041724
323,45123.53279987977,89119.39224250731,151841.49390332677,726219.9179690465,30561.642698266252,191445.52295209104,216798.20851625045,174332.18411274,31561.91245538206,196300.53329095582,190169.68231393298,85145.28291367188,,163086.8390080334,177384.94218067089
324,42498.67100606591,87259.22549566951,146614.30312136316,745942.8634380668,31423.711499299454,189655.29758523172,226885.54619603202,179372.29044471157,30597.85286803548,198273.23427076606,194529.01193345248,81507.77929562471,,162993.29678303737,179546.6489295266
325,41837.983394174546,88230.10199950152,148712.86945543063,733084.400641463,28458.775080398154,178865.65641036438,227005.78728066702,177691.97414556122,29672.611433938873,190170.91871644807,203549.06961168963,79358.48174515858,,163202.42180049594,177219.885826233
326,42161.17173861959,88064.20993582155,151616.8643342993,744239.8636503676,27870.139721514668,170666.89534208723,226636.2926406489,169579.69352552632,30381.82550692182,197889.53622350495,204061.8493732229,79397.80226806058,,160598.2789299128,177713.8453550496
327,43781.883768511936,88066.92947784909,149985.7703465863,736384.5282853205,26983.247440825984,172488.68520883593,224229.15627661414,173173.41584541046,31238.918258952268,196415.81689739664,201611.06010648375,81424.66958364211,,161237.22777771112,177148.67345803577
328,45072.2519924586,87158.6024406505,148510.5004743248,744871.4756864005,24102.660830628083,164723.81823605284,233078.3884415577,171484.01187573106,31283.659104194707,198554.3700253007,201789.85614052773,82552.5497087097,,156617.15935518884,177765.17874637808
329,44817.04053226952,89054.12323384633,148542.8795113017,787904.343860595,24953.036959884015,169007.87465014114,228858.13347304254,177293.10966588292,31148.70094748745,198614.0176788163,193117.1341096814,81590.51506064675,,158775.37708072143,181241.74247363294
330,43660.24092300126,95499.43783911772,148190.75748417756,844467.1019527923,23279.546759633595,168521.68712945722,208837.32284488148,162516.9485767265,30968.983083461346,198207.56906636475,189744.27817660815,84340.26859434451,,155353.85303045204,183186.17853588055
331,44081.220574621555,97558.13115396597,148150.28368795643,872194.6893569824,23926.145256150918,176943.28414471445,206949.7692832461,164497.54919445174,31015.723308803146,195928.97591653423,198143.83272100013,85283.78351918615,,156323.91644120408,187056.11567646774
332,44947.0314161976,96739.54900367625,148213.01807209922,896007.7299590535,26417.87237018392,174717.75134654515,216560.52831754443,172029.9341232093,30584.517380014233,200582.49581589978,197127.12632565794,85195.18613555748,,160121.47609765426,190760.22835546988
333,44906.48380102738,98871.66995326811,148364.79480792859,890498.7699656878,26504.348119210455,182509.7072558004,221530.12767470162,175047.43192997685,30970.680670338163,198890.40273528334,201357.72445159874,85014.74737841735,,161706.1133689527,192038.90739526993
334,44969.69037761626,102279.25611377654,150133.49970279355,890517.772620067,24892.63524364422,177713.3166084333,237649.2552049862,172852.5187642117,32337.21924410257,198578.70415651373,199279.36501246705,85019.21604459593,,161493.0092335026,193018.537424434
335,45034.089531121914,98599.71575051405,152062.0760927321,979834.7726439093,26176.39056053786,174465.23534743022,229673.87238156912,171385.73263087028,32015.281323951695,204084.7632168799,201055.5830925916,80731.00732049301,,161723.9043618012,199593.20999105007
336,45221.32410705503,97661.47375101253,155433.54331795525,992569.2657428966,25797.598017079596,172605.2854136511,233352.7379072091,170931.46947091373,32059.19223783212,207831.95549601258,197098.58582299371,85505.11337646261,,163182.5063944345,201338.96205508953
337,44733.56014809552,98466.45819116455,154215.28205169816,1004872.1271209845,24197.765396260307,172545.68975341224,237342.86581506027,161444.6636375445,31932.514532668465,210341.06307319066,197561.0327674641,87319.02724668408,,157829.97284462134,202081.00414451896
338,43806.92788376414,98684.02155336781,153881.3732328735,1038818.1069486975,24544.85641784117,170223.10789588155,229095.32637252007,147585.75543933906,32317.149994803265,220201.45362573076,203874.46848805217,86245.77142387906,,150733.5643361063,204106.52660639584
339,44714.47891742718,104531.03691258021,152064.09978254317,1063332.4359861922,23414.48144249641,174540.61325761376,232142.5302732033,147974.9605076272,32015.394496410147,232826.16981274806,199482.61549022552,83346.65412546297,,150019.53014508518,207532.12258371082
340,44729.98241734521,106905.19710262322,153383.5455393532,1208207.7680850448,22632.260458894078,176770.62161920025,234999.32200034612,152356.39127598662,32061.399100771992,230515.11355945544,206949.70249095673,83327.58283047486,,152869.96840766992,221069.90720670437
341,44886.20999344226,107179.87084740482,155196.77161006143,1483635.8602106422,21220.13586307673,176833.750618979,232613.2613279445,151970.7671109864,31699.530164863005,228103.7647914021,206307.32449606745,84193.88705663662,,153583.7693605239,243653.42784095893
342,43283.38661730149,108009.33116580472,155364.73786437928,1424120.4515832358,21052.561743488066,177025.96428994706,228945.48185975302,152267.77144251604,32414.93099890815,233429.03339752846,206927.20853007166,85020.75857580821,,153816.25465344766,238988.46817239517
343,41939.35243210012,113328.75537167426,155441.6380771995,1293618.365301502,22398.844716944637,172668.64996939915,226642.38388100525,144268.69551297906,32357.420527936738,230857.48053352826,200757.28015259784,86537.31917167308,,149855.16679508926,226734.68213737835
344,41400.30766571943,113315.15766153653,156105.4083352266,1382396.9567846,21647.449868027838,170585.62853267058,223817.75390294418,142923.3591751851,32367.398566357162,230518.3334770346,199606.62118835226,86232.29063595118,,149514.38375520584,233409.72214946718
345,41622.12697223892,122520.80742476165,155391.04583192302,1541939.6233992972,20998.350265248,168937.20785934405,219767.56636517914,147640.31155413773,32271.994183879826,217485.58511154325,208805.97018050603,86349.69128421634,,151515.67869303038,246977.52336935626
346,42003.751585605765,116301.21480777617,157080.8268241567,1557236.7601745676,21648.95053178535,168967.5945793868,229312.1745292072,150856.2335313315,32389.844437284013,217909.7168779131,206581.7920921876,84300.20952619544,,153968.5301777441,248715.7557914498
347,41860.6423555932,118811.3520991962,157173.91655546537,1486802.0643855412,20623.622019466326,170591.98854384234,232455.98550194266,140739.03826116244,33536.24371727757,227217.1261753828,208779.72034725308,84296.91879294258,,148956.4774083139,243574.0515629221
348,42691.86846658288,120184.72082310425,157052.4951668019,1491319.2667979726,20121.524937265945,166782.81296391043,234607.2897710094,145414.46419862463,33547.4855148174,227507.86889712085,208737.78665136461,82402.26042526403,,151233.47968271328,244197.48705115324
349,41405.07797338652,125637.40258832327,157052.4951668019,1592506.5915906995,20180.863683344174,167186.79145130038,237211.66049778383,147208.58702075828,32748.997234190083,222235.54418168138,215495.94242431276,80532.72194466054,,152130.54109378008,253283.55631310344
350,39420.629983878905,124087.26363262508,157305.4563931842,1754201.987480071,20228.009536392627,162034.47573428534,260268.46714437238,144008.37287143266,31360.918169166463,222633.91660741798,218534.62889994445,82126.03515417861,,150656.9146323084,268017.5134672458
351,38299.607682113776,124166.13035142375,159124.75353332557,1750020.4986283393,22117.90795600737,155769.86473012427,277350.741599808,139390.03074520774,31649.413627843973,219786.98161209837,218692.00407949425,80496.43974081303,,147579.94773766602,268072.0311905499
352,37172.622495764794,125615.64625210293,159122.72984351453,1699895.115929178,22386.15160266236,170880.78016223304,279266.80216631124,140802.5014967446,31652.733353291984,224811.21431734017,208520.40006057295,79684.06801503681,,149962.61567012957,264984.2304745628
353,37991.92283758675,125743.46472739735,159509.25459742668,1587314.342503654,23424.485867546482,168593.06058816225,291269.7131133677,140989.52094157305,30948.121626952856,222708.08028280686,201654.3970953448,82365.80994528427,,150249.38776949985,256042.6811772586
354,39526.76932947155,120051.46326375473,160622.28399350875,1512224.9012800232,25459.5109780438,168837.09657238153,286154.28946207865,140968.21607159098,31795.292926792114,230336.43452657905,201522.79710583668,82381.79617784783,,150795.25003254987,249990.07097399235
355,38344.92560495109,118740.64400648016,166788.4668478034,1391844.8955642863,24197.390230320936,168517.44712200938,281912.8369771233,147464.6667432828,31659.618011181305,231230.93818717691,199770.33182294032,82459.44626420637,,157126.5667955431,240244.30061514684
356,39566.12436772501,118811.3520991962,174300.4034264518,1298102.9917349976,24917.958944552207,175257.6456282348,287767.4935580627,146515.42645573447,31644.28314306069,232244.8427258742,196565.0662167912,82509.6299463124,,160407.91494109313,234016.9348539161
357,40138.56128777529,120141.20815066359,184256.95729685872,1430993.0782503863,24794.27923987072,172383.15613457895,285306.5106292775,152600.55471530085,31658.109045068577,230602.84311710412,195205.06895968522,81492.48486493815,,162491.8554249399,245797.73430762565
358,38516.656680966174,123875.13935447691,180581.9365999768,1292499.018469736,25488.461283032437,170543.699570131,287275.4431620742,152689.2949152685,31675.82053481674,227673.98497288517,203937.1626652712,81981.65423270967,,161616.49724269973,234728.18937011212
359,38093.291875512325,124138.93493114837,180237.9093320969,1291779.632268237,23723.86828716982,169062.99474696282,299133.01711422735,152490.20872910845,31675.971431428017,230394.1819008676,203980.41710748684,81652.79592692661,,160776.60173803562,235530.26863759768
360,39347.882791955846,113538.16010779487,182251.4806940999,1427448.6307645102,23970.0396710581,168931.31896011095,322391.2001669979,152626.28305405035,31692.324851674723,224171.98149957546,197060.80009603914,81537.24631611617,,160778.80100708065,247080.61241449867
361,37722.40045439641,114829.9425708767,188626.10359893358,1375283.629828646,22620.880425399624,170595.0507714435,322179.71230182436,152771.08395003015,31490.104530492536,228656.27097666575,194788.45604010078,81974.56793780721,,161683.06736073684,243461.5169488847
362,37824.962069238754,114465.52393918623,195824.36825686795,1270576.289534245,24414.173615624633,172519.5430408173,327261.2686567319,143628.28556529785,31166.959437451478,225156.95956559438,196334.84362263206,81903.39648254024,,158073.9143030576,235089.71448218563
363,37338.39068719602,116953.90489438594,195470.22253993276,1306427.9641297024,24585.81203288989,174635.54231325118,330653.3585863935,142227.46027235288,31302.16280115206,220265.4824785754,192652.47904244525,81434.94377638328,,158431.50129280204,237828.97696288835
364,37192.89630334991,116151.63999626145,193414.15369189752,1189949.8367798314,24044.19747174174,170646.16641678673,351050.3642189646,142113.44310799972,31295.108384575044,222563.87020368772,190569.37317120025,82412.79638087757,,156379.80476239324,229283.65384393116
365,38279.33387452866,117307.44535796624,195219.28500336153,1263271.1262578913,23171.373913779717,168784.33203525303,353397.8064275068,139261.1182268417,31192.366654374568,223279.69483140917,192691.77124567932,81606.31431973005,,154022.72513104737,235621.8306790268
